timestamp,Q,I,F
27,9.67,35.25,4104.00
58,-5.98,19.98,131328.00
89,12.57,35.75,4104.00
120,-7.95,26.00,131328.00
152,11.85,36.61,4104.00
183,-7.75,26.13,131328.00
214,11.80,36.58,4104.00
245,-7.94,26.19,131328.00
276,12.09,36.84,4104.00
307,-7.95,26.22,131328.00
339,12.10,36.48,4104.00
370,-7.77,26.23,131328.00
401,11.99,36.80,4104.00
432,-7.96,26.35,131328.00
463,11.98,36.81,4104.00
495,-7.85,26.10,131328.00
526,11.79,36.71,4104.00
557,-7.78,26.35,131328.00
588,11.99,36.52,4104.00
619,-7.64,26.17,131328.00
651,12.04,36.39,4104.00
682,-7.87,26.13,131328.00
713,11.84,36.66,4104.00
744,-7.74,26.28,131328.00
775,11.84,36.68,4104.00
807,-7.83,26.25,131328.00
838,11.98,36.65,4104.00
869,-7.86,26.35,131328.00
900,11.96,36.68,4104.00
931,-7.86,26.41,131328.00
962,12.18,36.60,4104.00
994,-7.75,26.64,131328.00
1025,12.08,36.89,4104.00
1056,-7.83,26.69,131328.00
1087,12.32,36.72,4104.00
1118,-7.94,26.76,131328.00
1150,12.10,36.74,4104.00
1181,-7.56,26.92,131328.00
1212,12.10,36.63,4104.00
1243,-7.75,26.90,131328.00
1274,12.25,36.60,4104.00
1306,-7.80,27.03,131328.00
1337,12.24,36.58,4104.00
1368,-7.48,27.22,131328.00
1399,12.14,37.08,4104.00
1430,-7.67,27.65,131328.00
1461,12.45,37.16,4104.00
1493,-7.69,27.81,131328.00
1524,12.29,37.04,4104.00
1555,-7.65,27.92,131328.00
1586,12.51,36.85,4104.00
1617,-7.75,28.05,131328.00
1649,12.58,37.37,4104.00
1680,-7.77,28.23,131328.00
1711,12.37,37.38,4104.00
1742,-7.79,28.54,131328.00
1773,12.46,37.45,4104.00
1805,-7.70,28.76,131328.00
1836,12.60,37.52,4104.00
1867,-7.78,29.08,131328.00
1898,12.93,37.32,4104.00
1929,-7.38,29.47,131328.00
1961,12.86,37.63,4104.00
1992,-7.79,29.99,131328.00
2023,12.94,37.99,4104.00
2054,-7.47,30.42,131328.00
2085,13.26,38.16,4104.00
2116,-7.65,30.97,131328.00
2148,13.31,38.70,4104.00
2179,-7.88,31.31,131328.00
2210,13.32,38.77,4104.00
2241,-7.89,31.96,131328.00
2272,13.74,39.36,4104.00
2304,-7.70,32.51,131328.00
2335,13.92,39.40,4104.00
2366,-7.90,33.19,131328.00
2397,14.05,39.97,4104.00
2428,-7.85,33.64,131328.00
2460,14.15,40.14,4104.00
2491,-7.72,34.07,131328.00
2522,14.45,40.12,4104.00
2553,-7.77,34.40,131328.00
2584,14.37,40.40,4104.00
2615,-7.91,34.53,131328.00
2647,14.59,40.61,4104.00
2678,-7.89,34.73,131328.00
2709,14.55,40.82,4104.00
2740,-7.83,34.92,131328.00
2771,14.55,41.07,4104.00
2803,-7.89,35.16,131328.00
2834,14.52,41.11,4104.00
2865,-7.93,35.21,131328.00
2896,14.56,41.01,4104.00
2927,-7.72,35.10,131328.00
2959,14.61,41.14,4104.00
2990,-7.76,35.30,131328.00
3021,14.46,41.00,4104.00
3052,-7.86,34.99,131328.00
3083,14.45,40.88,4104.00
3115,-7.58,34.75,131328.00
3146,14.63,40.47,4104.00
3177,-7.71,34.36,131328.00
3208,14.45,40.27,4104.00
3239,-7.69,33.95,131328.00
3270,14.19,40.20,4104.00
3302,-7.72,33.58,131328.00
3333,14.10,40.01,4104.00
3364,-7.66,33.05,131328.00
3395,14.08,39.40,4104.00
3426,-7.56,32.80,131328.00
3458,13.79,39.41,4104.00
3489,-7.63,32.54,131328.00
3520,13.81,39.13,4104.00
3551,-7.54,32.15,131328.00
3582,13.69,39.09,4104.00
3614,-7.72,31.83,131328.00
3645,13.49,39.07,4104.00
3676,-7.54,31.53,131328.00
3707,13.36,38.67,4104.00
3738,-7.61,31.38,131328.00
3769,13.34,38.73,4104.00
3801,-7.36,30.90,131328.00
3832,13.35,38.29,4104.00
3863,-7.58,30.48,131328.00
3894,13.16,38.30,4104.00
3925,-7.52,30.05,131328.00
3957,13.12,37.65,4104.00
3988,-7.39,29.76,131328.00
4019,12.96,37.34,4104.00
4050,-7.28,29.44,131328.00
4081,12.86,37.18,4104.00
4113,-7.34,29.29,131328.00
4144,12.69,37.38,4104.00
4175,-7.17,29.15,131328.00
4206,12.65,37.42,4104.00
4237,-7.37,28.94,131328.00
4269,12.55,37.26,4104.00
4300,-7.30,28.74,131328.00
4331,12.62,37.33,4104.00
4362,-7.39,28.35,131328.00
4393,12.54,37.18,4104.00
4424,-7.39,28.29,131328.00
4456,12.49,37.19,4104.00
4487,-7.42,28.12,131328.00
4518,12.41,37.05,4104.00
4549,-7.57,28.08,131328.00
4580,12.69,37.28,4104.00
4612,-7.53,27.94,131328.00
4643,12.47,37.05,4104.00
4674,-7.81,27.77,131328.00
4705,12.57,37.29,4104.00
4736,-7.61,27.61,131328.00
4768,12.51,37.34,4104.00
4799,-7.71,27.35,131328.00
4830,12.38,37.28,4104.00
4861,-7.52,27.56,131328.00
4892,12.31,37.36,4104.00
4923,-7.61,27.31,131328.00
4955,12.28,37.28,4104.00
4986,-7.64,27.30,131328.00
5017,12.45,37.35,4104.00
5048,-7.63,27.36,131328.00
5079,12.34,37.28,4104.00
5111,-7.70,27.25,131328.00
5142,12.32,37.19,4104.00
5173,-7.71,27.06,131328.00
5204,12.39,37.47,4104.00
5235,-7.87,27.00,131328.00
5267,12.25,37.18,4104.00
5298,-7.73,27.02,131328.00
5329,12.45,37.52,4104.00
5360,-7.53,26.93,131328.00
5391,12.36,37.20,4104.00
5423,-7.69,26.98,131328.00
5454,12.43,37.42,4104.00
5485,-7.82,26.87,131328.00
5516,12.42,37.16,4104.00
5547,-7.67,26.98,131328.00
5578,12.37,37.33,4104.00
5610,-7.82,26.83,131328.00
5641,12.28,37.02,4104.00
5672,-7.78,26.78,131328.00
5703,12.26,37.25,4104.00
5734,-7.51,26.75,131328.00
5766,12.27,37.22,4104.00
5797,-7.71,26.82,131328.00
5828,12.34,37.03,4104.00
5859,-7.81,26.82,131328.00
5890,12.30,37.15,4104.00
5922,-7.84,26.92,131328.00
5953,12.42,36.90,4104.00
5984,-7.77,26.76,131328.00
6015,12.47,36.95,4104.00
6046,-7.69,26.90,131328.00
6077,12.40,37.03,4104.00
6109,-7.75,27.01,131328.00
6140,12.37,37.36,4104.00
6171,-7.77,27.09,131328.00
6202,12.47,37.50,4104.00
6233,-7.52,27.27,131328.00
6265,12.41,37.26,4104.00
6296,-7.71,27.48,131328.00
6327,12.54,37.10,4104.00
6358,-7.42,27.47,131328.00
6389,12.47,37.02,4104.00
6421,-7.52,27.70,131328.00
6452,12.45,37.31,4104.00
6483,-7.36,27.74,131328.00
6514,12.46,37.17,4104.00
6545,-7.42,27.94,131328.00
6576,12.67,37.66,4104.00
6608,-7.48,28.27,131328.00
6639,12.75,37.46,4104.00
6670,-7.35,28.46,131328.00
6701,12.65,37.71,4104.00
6732,-7.61,28.56,131328.00
6764,12.71,37.89,4104.00
6795,-7.62,28.80,131328.00
6826,12.96,37.50,4104.00
6857,-7.70,28.93,131328.00
6888,12.94,37.75,4104.00
6920,-7.42,29.27,131328.00
6951,12.75,38.03,4104.00
6982,-7.59,29.60,131328.00
7013,12.90,38.12,4104.00
7044,-7.55,29.74,131328.00
7076,12.83,38.13,4104.00
7107,-7.35,29.78,131328.00
7138,13.01,38.29,4104.00
7169,-7.36,29.85,131328.00
7200,13.07,37.81,4104.00
7231,-7.47,29.99,131328.00
7263,13.09,37.91,4104.00
7294,-7.42,29.93,131328.00
7325,12.96,38.10,4104.00
7356,-7.46,30.23,131328.00
7387,13.08,38.32,4104.00
7419,-7.63,30.48,131328.00
7450,13.28,38.48,4104.00
7481,-7.40,30.84,131328.00
7512,13.22,38.51,4104.00
7543,-7.42,30.93,131328.00
7575,13.43,38.43,4104.00
7606,-7.55,31.03,131328.00
7637,13.51,38.48,4104.00
7668,-7.57,31.15,131328.00
7699,13.59,38.60,4104.00
7730,-7.60,31.50,131328.00
7762,13.57,39.15,4104.00
7793,-7.38,31.82,131328.00
7824,13.72,38.93,4104.00
7855,-7.45,31.84,131328.00
7886,13.67,38.85,4104.00
7918,-7.42,31.91,131328.00
7949,13.45,39.03,4104.00
7980,-7.71,31.86,131328.00
8011,13.72,38.72,4104.00
8042,-7.70,31.98,131328.00
8074,13.67,38.90,4104.00
8105,-7.63,32.14,131328.00
8136,13.80,39.32,4104.00
8167,-7.40,32.16,131328.00
8198,13.64,39.15,4104.00
8230,-7.67,32.25,131328.00
8261,13.88,39.05,4104.00
8292,-7.56,32.40,131328.00
8323,13.84,39.07,4104.00
8354,-7.40,32.20,131328.00
8385,13.79,39.03,4104.00
8417,-7.40,32.18,131328.00
8448,13.70,38.82,4104.00
8479,-7.59,32.04,131328.00
8510,13.73,39.22,4104.00
8541,-7.59,31.80,131328.00
8573,13.57,39.12,4104.00
8604,-7.55,31.64,131328.00
8635,13.63,38.72,4104.00
8666,-7.40,31.36,131328.00
8697,13.53,38.89,4104.00
8729,-7.57,31.22,131328.00
8760,13.25,38.50,4104.00
8791,-7.53,30.89,131328.00
8822,13.31,38.36,4104.00
8853,-7.30,30.68,131328.00
8884,13.29,38.21,4104.00
8916,-7.42,30.59,131328.00
8947,13.38,38.18,4104.00
8978,-7.26,30.50,131328.00
9009,13.29,38.10,4104.00
9040,-7.42,30.48,131328.00
9072,12.98,38.14,4104.00
9103,-7.34,30.05,131328.00
9134,12.94,38.09,4104.00
9165,-7.15,30.00,131328.00
9196,12.95,38.18,4104.00
9228,-7.50,29.71,131328.00
9259,12.91,38.11,4104.00
9290,-7.69,29.73,131328.00
9321,12.91,38.09,4104.00
9352,-7.53,29.48,131328.00
9384,12.80,38.16,4104.00
9415,-7.50,29.43,131328.00
9446,13.00,37.72,4104.00
9477,-7.46,29.28,131328.00
9508,12.83,37.95,4104.00
9539,-7.57,28.94,131328.00
9571,12.77,37.82,4104.00
9602,-7.50,28.67,131328.00
9633,12.71,37.89,4104.00
9664,-7.56,28.64,131328.00
9695,12.64,37.83,4104.00
9727,-7.42,28.45,131328.00
9758,12.65,37.66,4104.00
9789,-7.44,28.30,131328.00
9820,12.67,37.71,4104.00
9851,-7.58,28.17,131328.00
9883,12.54,37.79,4104.00
9914,-7.81,27.99,131328.00
9945,12.73,37.47,4104.00
9976,-7.64,27.80,131328.00
10007,12.47,37.62,4104.00
10038,-7.54,27.88,131328.00
10070,12.62,37.58,4104.00
10101,-7.44,27.80,131328.00
10132,12.51,37.74,4104.00
10163,-7.78,27.46,131328.00
10194,12.49,37.68,4104.00
10226,-7.49,27.60,131328.00
10257,12.37,37.64,4104.00
10288,-7.71,27.48,131328.00
10319,12.37,37.73,4104.00
10350,-7.77,27.31,131328.00
10382,12.36,37.54,4104.00
10413,-7.73,27.22,131328.00
10444,12.28,37.47,4104.00
10475,-7.79,27.10,131328.00
10506,12.40,37.40,4104.00
10538,-7.65,27.14,131328.00
10569,12.45,37.32,4104.00
10600,-7.75,26.98,131328.00
10631,12.40,37.61,4104.00
10662,-7.73,26.96,131328.00
10693,12.44,37.40,4104.00
10725,-7.78,27.03,131328.00
10756,12.37,37.32,4104.00
10787,-7.75,26.80,131328.00
10818,12.30,37.42,4104.00
10849,-7.74,26.78,131328.00
10881,12.38,37.36,4104.00
10912,-7.73,26.87,131328.00
10943,12.09,37.52,4104.00
10974,-7.53,26.86,131328.00
11005,12.13,37.54,4104.00
11037,-7.42,26.76,131328.00
11068,12.43,37.32,4104.00
11099,-7.78,26.76,131328.00
11130,12.43,37.66,4104.00
11161,-7.80,26.61,131328.00
11192,12.34,37.66,4104.00
11224,-7.81,26.52,131328.00
11255,12.23,37.46,4104.00
11286,-7.73,26.49,131328.00
11317,12.25,37.40,4104.00
11348,-7.57,26.49,131328.00
11380,12.22,37.19,4104.00
11411,-7.79,26.19,131328.00
11442,12.24,37.20,4104.00
11473,-7.57,26.64,131328.00
11504,12.23,37.47,4104.00
11536,-7.77,26.60,131328.00
11567,12.10,37.41,4104.00
11598,-7.59,26.54,131328.00
11629,12.09,37.38,4104.00
11660,-7.69,26.66,131328.00
11692,12.09,37.46,4104.00
11723,-7.72,26.49,131328.00
11754,12.35,37.61,4104.00
11785,-7.81,26.69,131328.00
11816,12.09,37.42,4104.00
11847,-7.67,26.52,131328.00
11879,12.12,37.64,4104.00
11910,-7.77,26.56,131328.00
11941,12.18,37.43,4104.00
11972,-7.79,26.59,131328.00
12003,11.99,37.42,4104.00
12035,-7.73,26.49,131328.00
12066,12.04,37.32,4104.00
12097,-7.64,26.64,131328.00
12128,12.22,37.16,4104.00
12159,-7.69,26.35,131328.00
12191,12.16,37.35,4104.00
12222,-7.83,26.33,131328.00
12253,12.22,37.36,4104.00
12284,-7.85,26.49,131328.00
12315,12.31,37.30,4104.00
12346,-7.82,26.52,131328.00
12378,12.16,37.52,4104.00
12409,-7.75,26.64,131328.00
12440,12.13,37.52,4104.00
12471,-7.69,26.85,131328.00
12502,12.38,37.81,4104.00
12534,-7.77,26.86,131328.00
12565,12.17,37.57,4104.00
12596,-7.61,26.94,131328.00
12627,12.18,37.74,4104.00
12658,-7.86,27.04,131328.00
12690,12.25,37.62,4104.00
12721,-7.61,27.24,131328.00
12752,12.45,37.56,4104.00
12783,-7.82,27.38,131328.00
12814,12.38,37.82,4104.00
12846,-7.84,27.34,131328.00
12877,12.55,37.35,4104.00
12908,-7.47,27.45,131328.00
12939,12.38,37.56,4104.00
12970,-7.57,27.78,131328.00
13001,12.40,37.51,4104.00
13033,-7.48,27.75,131328.00
13064,12.53,37.54,4104.00
13095,-7.75,27.94,131328.00
13126,12.68,37.47,4104.00
13157,-7.63,28.14,131328.00
13189,12.48,37.85,4104.00
13220,-7.52,28.44,131328.00
13251,12.70,37.68,4104.00
13282,-7.43,28.44,131328.00
13313,12.72,37.56,4104.00
13345,-7.54,28.50,131328.00
13376,12.73,37.77,4104.00
13407,-7.64,28.75,131328.00
13438,12.79,37.89,4104.00
13469,-7.65,28.93,131328.00
13500,12.69,38.00,4104.00
13532,-7.63,29.11,131328.00
13563,12.92,37.94,4104.00
13594,-7.42,29.33,131328.00
13625,12.73,38.12,4104.00
13656,-7.55,29.20,131328.00
13688,12.79,37.82,4104.00
13719,-7.54,29.13,131328.00
13750,12.92,37.77,4104.00
13781,-7.33,29.41,131328.00
13812,12.73,37.95,4104.00
13844,-7.37,29.54,131328.00
13875,12.83,37.99,4104.00
13906,-7.43,29.88,131328.00
13937,12.81,38.21,4104.00
13968,-7.28,30.02,131328.00
14000,13.04,38.07,4104.00
14031,-7.59,30.11,131328.00
14062,13.15,38.20,4104.00
14093,-7.41,30.25,131328.00
14124,12.96,38.34,4104.00
14155,-7.37,30.54,131328.00
14187,13.22,38.64,4104.00
14218,-7.40,30.51,131328.00
14249,13.11,38.73,4104.00
14280,-7.45,30.72,131328.00
14311,13.28,38.78,4104.00
14343,-7.57,30.54,131328.00
14374,13.08,38.60,4104.00
14405,-7.53,30.72,131328.00
14436,13.01,38.48,4104.00
14467,-7.42,30.86,131328.00
14499,13.15,38.38,4104.00
14530,-7.57,30.82,131328.00
14561,13.41,38.40,4104.00
14592,-7.49,31.11,131328.00
14623,13.42,38.45,4104.00
14654,-7.38,31.09,131328.00
14686,13.22,38.83,4104.00
14717,-7.30,31.20,131328.00
14748,13.30,38.79,4104.00
14779,-7.47,31.29,131328.00
14810,13.53,38.66,4104.00
14842,-7.67,31.46,131328.00
14873,13.49,38.67,4104.00
14904,-7.65,31.35,131328.00
14935,13.44,38.93,4104.00
14966,-7.70,31.45,131328.00
14998,13.47,38.88,4104.00
15029,-7.56,31.60,131328.00
15060,13.30,38.88,4104.00
15091,-7.78,31.61,131328.00
15122,13.52,38.79,4104.00
15153,-7.65,31.44,131328.00
15185,13.24,38.75,4104.00
15216,-7.71,31.31,131328.00
15247,13.22,38.77,4104.00
15278,-7.38,31.26,131328.00
15309,13.26,38.80,4104.00
15341,-7.72,31.33,131328.00
15372,13.22,38.76,4104.00
15403,-7.64,31.31,131328.00
15434,13.51,38.64,4104.00
15465,-7.59,31.40,131328.00
15497,13.17,38.77,4104.00
15528,-7.38,31.34,131328.00
15559,13.48,38.67,4104.00
15590,-7.63,31.36,131328.00
15621,13.47,38.88,4104.00
15653,-7.63,31.05,131328.00
15684,13.44,38.67,4104.00
15715,-7.60,31.07,131328.00
15746,13.28,38.68,4104.00
15777,-7.53,31.05,131328.00
15808,13.34,38.76,4104.00
15840,-7.52,30.79,131328.00
15871,13.31,38.41,4104.00
15902,-7.42,30.42,131328.00
15933,13.03,38.35,4104.00
15964,-7.50,30.26,131328.00
15996,13.00,38.14,4104.00
16027,-7.55,29.90,131328.00
16058,13.11,37.79,4104.00
16089,-7.59,29.72,131328.00
16120,12.79,38.03,4104.00
16152,-7.38,29.64,131328.00
16183,13.07,38.06,4104.00
16214,-7.59,29.35,131328.00
16245,12.79,37.78,4104.00
16276,-7.48,29.21,131328.00
16307,12.90,37.65,4104.00
16339,-7.27,29.01,131328.00
16370,12.78,37.89,4104.00
16401,-7.37,28.82,131328.00
16432,12.77,37.52,4104.00
16463,-7.52,28.66,131328.00
16495,12.77,37.85,4104.00
16526,-7.47,28.48,131328.00
16557,12.52,37.68,4104.00
16588,-7.54,28.39,131328.00
16619,12.56,37.64,4104.00
16651,-7.51,28.42,131328.00
16682,12.75,37.42,4104.00
16713,-7.66,28.07,131328.00
16744,12.63,37.75,4104.00
16775,-7.61,27.90,131328.00
16807,12.45,37.52,4104.00
16838,-7.51,27.88,131328.00
16869,12.30,37.30,4104.00
16900,-7.58,27.54,131328.00
16931,12.37,37.31,4104.00
16962,-7.42,27.50,131328.00
16994,12.47,37.28,4104.00
17025,-7.60,27.51,131328.00
17056,12.41,37.52,4104.00
17087,-7.62,27.28,131328.00
17118,12.24,37.40,4104.00
17150,-7.54,27.39,131328.00
17181,12.25,37.24,4104.00
17212,-7.31,27.13,131328.00
17243,12.30,37.43,4104.00
17274,-7.62,27.02,131328.00
17306,12.29,37.18,4104.00
17337,-7.64,26.92,131328.00
17368,12.38,37.59,4104.00
17399,-7.83,26.92,131328.00
17430,12.21,37.34,4104.00
17461,-7.46,26.96,131328.00
17493,12.25,37.33,4104.00
17524,-7.81,26.91,131328.00
17555,12.17,37.34,4104.00
17586,-7.81,26.78,131328.00
17617,12.33,37.15,4104.00
17649,-7.65,26.89,131328.00
17680,12.06,37.28,4104.00
17711,-7.77,26.65,131328.00
17742,12.33,36.97,4104.00
17773,-7.65,26.80,131328.00
17805,12.16,37.09,4104.00
17836,-7.69,26.65,131328.00
17867,12.16,37.15,4104.00
17898,-7.66,26.68,131328.00
17929,12.34,37.20,4104.00
17961,-7.75,26.74,131328.00
17992,12.16,37.23,4104.00
18023,-7.80,26.71,131328.00
18054,12.18,37.23,4104.00
18085,-7.74,26.62,131328.00
18116,12.18,37.36,4104.00
18148,-7.78,26.58,131328.00
18179,12.34,37.13,4104.00
18210,-7.68,26.44,131328.00
18241,12.12,37.39,4104.00
18272,-7.87,26.62,131328.00
18304,12.13,37.34,4104.00
18335,-7.69,26.81,131328.00
18366,12.20,37.46,4104.00
18397,-7.50,26.67,131328.00
18428,12.28,37.52,4104.00
18460,-7.82,26.72,131328.00
18491,12.34,37.17,4104.00
18522,-7.71,26.60,131328.00
18553,12.22,37.35,4104.00
18584,-7.73,26.46,131328.00
18615,12.15,37.26,4104.00
18647,-7.71,26.52,131328.00
18678,12.16,37.35,4104.00
18709,-7.46,26.49,131328.00
18740,12.25,36.96,4104.00
18771,-7.72,26.82,131328.00
18803,12.34,37.09,4104.00
18834,-7.77,26.63,131328.00
18865,12.35,37.01,4104.00
18896,-7.85,26.80,131328.00
18927,12.29,37.29,4104.00
18959,-7.65,26.73,131328.00
18990,12.32,37.13,4104.00
19021,-7.55,26.84,131328.00
19052,12.45,37.37,4104.00
19083,-7.54,26.91,131328.00
19115,12.43,37.04,4104.00
19146,-7.80,27.12,131328.00
19177,12.49,37.17,4104.00
19208,-7.56,27.18,131328.00
19239,12.47,37.06,4104.00
19270,-7.79,27.21,131328.00
19302,12.44,37.38,4104.00
19333,-7.77,27.31,131328.00
19364,12.46,37.19,4104.00
19395,-7.40,27.36,131328.00
19426,12.32,37.05,4104.00
19458,-7.70,27.43,131328.00
19489,12.40,36.99,4104.00
19520,-7.69,27.48,131328.00
19551,12.53,36.99,4104.00
19582,-7.71,27.81,131328.00
19614,12.63,37.07,4104.00
19645,-7.47,27.91,131328.00
19676,12.69,37.12,4104.00
19707,-7.61,28.09,131328.00
19738,12.64,37.46,4104.00
19769,-7.55,28.27,131328.00
19801,12.71,37.18,4104.00
19832,-7.59,28.34,131328.00
19863,12.70,37.59,4104.00
19894,-7.53,28.46,131328.00
19925,12.62,37.44,4104.00
19957,-7.36,28.77,131328.00
19988,12.90,37.44,4104.00
20019,-7.60,28.80,131328.00
20050,12.73,37.78,4104.00
20081,-7.50,29.44,131328.00
20113,12.99,37.54,4104.00
20144,-7.47,29.25,131328.00
20175,12.98,37.97,4104.00
20206,-7.70,29.22,131328.00
20237,12.97,37.43,4104.00
20269,-7.56,29.34,131328.00
20300,12.92,37.71,4104.00
20331,-7.52,29.42,131328.00
20362,13.04,37.52,4104.00
20393,-7.43,29.67,131328.00
20424,12.94,37.88,4104.00
20456,-7.54,29.87,131328.00
20487,13.08,37.95,4104.00
20518,-7.59,30.11,131328.00
20549,13.30,38.32,4104.00
20580,-7.66,30.27,131328.00
20612,13.31,38.36,4104.00
20643,-7.58,30.34,131328.00
20674,13.36,38.13,4104.00
20705,-7.63,30.41,131328.00
20736,13.43,38.27,4104.00
20768,-7.55,30.91,131328.00
20799,13.32,38.57,4104.00
20830,-7.67,31.07,131328.00
20861,13.58,38.52,4104.00
20892,-7.59,30.96,131328.00
20923,13.59,38.46,4104.00
20955,-7.47,31.15,131328.00
20986,13.52,38.39,4104.00
21017,-7.54,31.17,131328.00
21048,13.48,38.35,4104.00
21079,-7.56,31.20,131328.00
21111,13.56,38.77,4104.00
21142,-7.74,31.15,131328.00
21173,13.35,38.54,4104.00
21204,-7.48,31.42,131328.00
21235,13.67,38.60,4104.00
21267,-7.38,31.55,131328.00
21298,13.57,38.74,4104.00
21329,-7.44,31.64,131328.00
21360,13.54,38.79,4104.00
21391,-7.40,31.68,131328.00
21423,13.56,39.13,4104.00
21454,-7.41,31.87,131328.00
21485,13.77,38.80,4104.00
21516,-7.53,32.11,131328.00
21547,13.83,38.92,4104.00
21578,-7.73,32.08,131328.00
21610,13.71,39.26,4104.00
21641,-7.69,32.27,131328.00
21672,13.71,39.15,4104.00
21703,-7.61,32.13,131328.00
21734,13.73,39.19,4104.00
21766,-7.54,32.17,131328.00
21797,13.74,39.24,4104.00
21828,-7.36,32.04,131328.00
21859,13.84,38.94,4104.00
21890,-7.61,32.03,131328.00
21922,13.79,38.96,4104.00
21953,-7.63,32.09,131328.00
21984,13.70,39.13,4104.00
22015,-7.64,32.21,131328.00
22046,13.81,39.20,4104.00
22077,-7.65,32.33,131328.00
22109,13.89,39.09,4104.00
22140,-7.71,32.24,131328.00
22171,13.97,39.50,4104.00
22202,-7.48,32.40,131328.00
22233,13.71,39.39,4104.00
22265,-7.64,32.34,131328.00
22296,13.87,39.46,4104.00
22327,-7.48,32.59,131328.00
22358,13.98,39.37,4104.00
22389,-7.63,32.60,131328.00
22421,13.86,39.54,4104.00
22452,-7.63,32.25,131328.00
22483,13.90,39.01,4104.00
22514,-7.38,32.14,131328.00
22545,13.60,38.95,4104.00
22576,-7.46,31.76,131328.00
22608,13.51,38.77,4104.00
22639,-7.51,31.56,131328.00
22670,13.61,38.51,4104.00
22701,-7.50,31.23,131328.00
22732,13.38,38.46,4104.00
22764,-7.43,31.25,131328.00
22795,13.57,38.38,4104.00
22826,-7.44,31.35,131328.00
22857,13.30,38.49,4104.00
22888,-7.50,30.84,131328.00
22920,13.34,38.44,4104.00
22951,-7.72,30.57,131328.00
22982,13.25,38.27,4104.00
23013,-7.64,30.40,131328.00
23044,13.36,38.45,4104.00
23076,-7.38,30.29,131328.00
23107,13.21,38.08,4104.00
23138,-7.39,30.35,131328.00
23169,13.30,38.28,4104.00
23200,-7.59,29.97,131328.00
23231,12.95,38.15,4104.00
23263,-7.40,29.90,131328.00
23294,13.04,37.94,4104.00
23325,-7.46,29.82,131328.00
23356,12.94,37.95,4104.00
23387,-7.58,29.27,131328.00
23419,12.90,37.79,4104.00
23450,-7.47,29.32,131328.00
23481,12.73,37.57,4104.00
23512,-7.34,28.94,131328.00
23543,12.75,37.66,4104.00
23575,-7.44,28.77,131328.00
23606,12.81,37.58,4104.00
23637,-7.48,28.66,131328.00
23668,12.81,37.57,4104.00
23699,-7.52,28.54,131328.00
23730,12.69,37.69,4104.00
23762,-7.31,28.54,131328.00
23793,12.81,37.19,4104.00
23824,-7.30,28.35,131328.00
23855,12.74,37.57,4104.00
23886,-7.32,28.21,131328.00
23918,12.62,37.59,4104.00
23949,-7.61,28.11,131328.00
23980,12.63,37.30,4104.00
24011,-7.57,28.11,131328.00
24042,12.61,37.30,4104.00
24074,-7.63,27.83,131328.00
24105,12.57,37.56,4104.00
24136,-7.54,27.89,131328.00
24167,12.57,37.40,4104.00
24198,-7.47,27.79,131328.00
24230,12.53,37.43,4104.00
24261,-7.28,27.58,131328.00
24292,12.36,37.09,4104.00
24323,-7.57,27.37,131328.00
24354,12.29,37.20,4104.00
24385,-7.50,27.47,131328.00
24417,12.31,37.15,4104.00
24448,-7.69,27.36,131328.00
24479,12.57,36.93,4104.00
24510,-7.32,27.23,131328.00
24541,12.36,37.18,4104.00
24573,-7.62,27.19,131328.00
24604,12.57,36.99,4104.00
24635,-7.48,27.34,131328.00
24666,12.32,37.16,4104.00
24697,-7.46,27.13,131328.00
24729,12.49,36.93,4104.00
24760,-7.57,27.16,131328.00
24791,12.32,37.24,4104.00
24822,-7.62,27.11,131328.00
24853,12.31,37.16,4104.00
24884,-7.40,27.15,131328.00
24916,12.30,37.20,4104.00
24947,-7.69,27.03,131328.00
24978,12.47,37.09,4104.00
25009,-7.43,27.01,131328.00
25040,12.32,37.12,4104.00
25072,-7.63,26.92,131328.00
25103,12.34,36.99,4104.00
25134,-7.60,26.88,131328.00
25165,12.43,36.89,4104.00
25196,-7.65,26.75,131328.00
25228,12.30,37.10,4104.00
25259,-7.54,26.96,131328.00
25290,12.14,36.98,4104.00
25321,-7.44,26.64,131328.00
25352,12.36,36.79,4104.00
25384,-7.57,26.77,131328.00
25415,12.24,37.21,4104.00
25446,-7.44,26.68,131328.00
25477,12.18,36.85,4104.00
25508,-7.61,26.64,131328.00
25539,12.17,36.95,4104.00
25571,-7.58,26.54,131328.00
25602,12.30,36.83,4104.00
25633,-7.65,26.68,131328.00
25664,12.18,36.89,4104.00
25695,-7.69,26.52,131328.00
25727,12.38,36.85,4104.00
25758,-7.57,26.68,131328.00
25789,12.37,37.01,4104.00
25820,-7.44,26.70,131328.00
25851,12.22,37.13,4104.00
25883,-7.65,26.60,131328.00
25914,12.26,37.12,4104.00
25945,-7.54,26.99,131328.00
25976,12.28,37.04,4104.00
26007,-7.54,26.88,131328.00
26038,12.34,36.95,4104.00
26070,-7.59,27.06,131328.00
26101,12.45,36.79,4104.00
26132,-7.53,27.23,131328.00
26163,12.45,37.02,4104.00
26194,-7.63,27.47,131328.00
26226,12.43,37.20,4104.00
26257,-7.65,27.90,131328.00
26288,12.49,37.25,4104.00
26319,-7.38,28.15,131328.00
26350,12.86,37.36,4104.00
26382,-7.49,28.59,131328.00
26413,12.90,37.50,4104.00
26444,-7.50,28.95,131328.00
26475,12.88,37.85,4104.00
26506,-7.50,29.15,131328.00
26538,13.11,38.13,4104.00
26569,-7.50,29.69,131328.00
26600,13.26,37.89,4104.00
26631,-7.67,30.12,131328.00
26662,13.30,38.20,4104.00
26693,-7.57,30.40,131328.00
26725,13.48,38.62,4104.00
26756,-7.46,30.48,131328.00
26787,13.37,38.21,4104.00
26818,-7.50,30.73,131328.00
26849,13.55,38.59,4104.00
26881,-7.65,30.94,131328.00
26912,13.56,38.41,4104.00
26943,-7.71,31.25,131328.00
26974,13.40,38.69,4104.00
27005,-7.69,31.55,131328.00
27037,13.55,38.98,4104.00
27068,-7.50,32.17,131328.00
27099,13.77,38.98,4104.00
27130,-7.59,32.05,131328.00
27161,13.67,39.22,4104.00
27192,-7.75,32.48,131328.00
27224,14.00,39.44,4104.00
27255,-7.74,32.72,131328.00
27286,14.17,39.58,4104.00
27317,-7.77,32.98,131328.00
27348,14.08,39.85,4104.00
27380,-7.74,33.54,131328.00
27411,14.41,39.97,4104.00
27442,-7.48,33.60,131328.00
27473,14.26,40.17,4104.00
27504,-7.86,33.68,131328.00
27536,14.41,40.00,4104.00
27567,-7.77,33.71,131328.00
27598,14.26,40.18,4104.00
27629,-7.78,33.97,131328.00
27660,14.49,39.97,4104.00
27692,-7.75,34.01,131328.00
27723,14.38,40.35,4104.00
27754,-7.70,34.19,131328.00
27785,14.40,40.54,4104.00
27816,-7.93,34.48,131328.00
27847,14.60,40.83,4104.00
27879,-7.81,34.53,131328.00
27910,14.63,40.85,4104.00
27941,-7.55,34.70,131328.00
27972,14.56,40.89,4104.00
28003,-7.78,35.00,131328.00
28035,14.72,41.05,4104.00
28066,-7.93,34.94,131328.00
28097,14.78,40.73,4104.00
28128,-7.71,34.97,131328.00
28159,14.83,41.12,4104.00
28191,-8.00,34.81,131328.00
28222,14.67,40.99,4104.00
28253,-7.91,34.87,131328.00
28284,14.55,40.88,4104.00
28315,-7.89,35.07,131328.00
28346,14.68,40.44,4104.00
28378,-7.74,34.50,131328.00
28409,14.53,40.41,4104.00
28440,-7.70,34.51,131328.00
28471,14.54,40.62,4104.00
28502,-7.77,34.63,131328.00
28534,14.65,40.54,4104.00
28565,-7.56,34.74,131328.00
28596,14.58,40.60,4104.00
28627,-7.77,34.66,131328.00
28658,14.53,40.81,4104.00
28690,-7.80,34.46,131328.00
28721,14.35,40.50,4104.00
28752,-7.83,34.23,131328.00
28783,14.25,40.46,4104.00
28814,-7.77,34.01,131328.00
28846,14.47,40.57,4104.00
28877,-7.83,34.06,131328.00
28908,14.29,40.32,4104.00
28939,-7.55,33.75,131328.00
28970,14.13,39.99,4104.00
29001,-7.38,33.48,131328.00
29033,14.30,39.95,4104.00
29064,-7.62,33.02,131328.00
29095,13.79,39.49,4104.00
29126,-7.50,32.61,131328.00
29157,13.85,39.24,4104.00
29189,-7.34,32.27,131328.00
29220,13.61,39.16,4104.00
29251,-7.47,32.14,131328.00
29282,13.61,38.89,4104.00
29313,-7.56,31.84,131328.00
29345,13.43,38.81,4104.00
29376,-7.58,31.52,131328.00
29407,13.39,38.75,4104.00
29438,-7.30,31.19,131328.00
29469,13.39,38.50,4104.00
29500,-7.58,30.88,131328.00
29532,13.30,38.50,4104.00
29563,-7.52,30.67,131328.00
29594,13.24,38.45,4104.00
29625,-7.38,30.39,131328.00
29656,13.12,38.32,4104.00
29688,-7.50,30.30,131328.00
29719,13.14,38.17,4104.00
29750,-7.54,29.95,131328.00
29781,12.94,38.27,4104.00
29812,-7.32,29.74,131328.00
29844,12.82,37.96,4104.00
29875,-7.55,29.29,131328.00
29906,12.99,37.95,4104.00
29937,-7.43,29.19,131328.00
29968,12.90,37.50,4104.00
30000,-7.50,28.79,131328.00
30031,12.71,37.53,4104.00
30062,-7.56,28.66,131328.00
30093,12.74,37.26,4104.00
30124,-7.28,28.54,131328.00
30155,12.69,37.56,4104.00
30187,-7.47,28.58,131328.00
30218,12.68,37.30,4104.00
30249,-7.24,28.29,131328.00
30280,12.51,37.52,4104.00
30311,-7.55,28.01,131328.00
30343,12.65,37.15,4104.00
30374,-7.47,28.01,131328.00
30405,12.60,37.16,4104.00
30436,-7.31,27.87,131328.00
30467,12.49,37.30,4104.00
30499,-7.46,27.72,131328.00
30530,12.34,37.15,4104.00
30561,-7.52,27.55,131328.00
30592,12.37,37.15,4104.00
30623,-7.43,27.54,131328.00
30654,12.39,37.03,4104.00
30686,-7.35,27.26,131328.00
30717,12.18,37.05,4104.00
30748,-7.55,27.26,131328.00
30779,12.14,37.03,4104.00
30810,-7.37,27.31,131328.00
30842,12.13,37.02,4104.00
30873,-7.23,27.14,131328.00
30904,12.22,36.91,4104.00
30935,-7.41,27.03,131328.00
30966,12.23,37.01,4104.00
30998,-7.50,26.98,131328.00
31029,12.36,36.91,4104.00
31060,-7.54,27.03,131328.00
31091,12.20,37.08,4104.00
31122,-7.55,26.79,131328.00
31153,12.40,36.99,4104.00
31185,-7.51,26.88,131328.00
31216,12.24,37.18,4104.00
31247,-7.48,26.86,131328.00
31278,12.24,37.09,4104.00
31309,-7.53,27.18,131328.00
31341,12.27,37.24,4104.00
31372,-7.63,26.80,131328.00
31403,12.37,37.21,4104.00
31434,-7.57,26.89,131328.00
31465,12.41,36.95,4104.00
31497,-7.54,26.88,131328.00
31528,12.36,37.19,4104.00
31559,-7.45,26.87,131328.00
31590,12.16,37.00,4104.00
31621,-7.66,26.85,131328.00
31653,12.12,37.07,4104.00
31684,-7.42,26.79,131328.00
31715,12.34,36.86,4104.00
31746,-7.27,26.84,131328.00
31777,12.40,36.87,4104.00
31808,-7.46,26.90,131328.00
31840,12.49,36.90,4104.00
31871,-7.45,26.94,131328.00
31902,12.39,37.24,4104.00
31933,-7.66,27.13,131328.00
31964,12.41,37.20,4104.00
31996,-7.53,27.23,131328.00
32027,12.31,37.08,4104.00
32058,-7.50,27.52,131328.00
32089,12.51,36.97,4104.00
32120,-7.59,27.65,131328.00
32152,12.66,37.01,4104.00
32183,-7.48,27.93,131328.00
32214,12.71,37.28,4104.00
32245,-7.60,28.20,131328.00
32276,12.75,37.36,4104.00
32307,-7.44,28.52,131328.00
32339,12.72,37.62,4104.00
32370,-7.60,28.69,131328.00
32401,12.72,37.46,4104.00
32432,-7.41,28.76,131328.00
32463,12.86,37.25,4104.00
32495,-7.21,29.07,131328.00
32526,12.74,37.46,4104.00
32557,-7.36,29.23,131328.00
32588,12.96,37.47,4104.00
32619,-7.40,29.35,131328.00
32651,13.06,37.61,4104.00
32682,-7.29,29.93,131328.00
32713,13.08,37.73,4104.00
32744,-7.20,30.05,131328.00
32775,13.09,38.10,4104.00
32807,-7.47,30.33,131328.00
32838,13.18,37.98,4104.00
32869,-7.36,30.53,131328.00
32900,13.19,38.13,4104.00
32931,-7.18,30.84,131328.00
32962,13.27,38.30,4104.00
32994,-7.33,31.28,131328.00
33025,13.50,38.56,4104.00
33056,-7.46,31.42,131328.00
33087,13.52,38.66,4104.00
33118,-7.23,31.54,131328.00
33150,13.68,38.66,4104.00
33181,-7.28,31.74,131328.00
33212,13.71,38.65,4104.00
33243,-7.40,31.91,131328.00
33274,13.84,38.64,4104.00
33306,-7.50,31.86,131328.00
33337,13.65,38.83,4104.00
33368,-7.17,32.14,131328.00
33399,13.71,38.82,4104.00
33430,-7.46,32.33,131328.00
33461,13.80,39.15,4104.00
33493,-7.51,32.48,131328.00
33524,13.86,39.24,4104.00
33555,-7.36,32.65,131328.00
33586,14.03,39.17,4104.00
33617,-7.52,32.64,131328.00
33649,13.83,39.48,4104.00
33680,-7.47,32.80,131328.00
33711,13.86,39.45,4104.00
33742,-7.59,32.80,131328.00
33773,14.02,39.45,4104.00
33805,-7.65,33.05,131328.00
33836,14.08,39.75,4104.00
33867,-7.60,32.95,131328.00
33898,14.06,39.61,4104.00
33929,-7.64,32.87,131328.00
33961,13.94,39.48,4104.00
33992,-7.62,32.87,131328.00
34023,14.06,39.13,4104.00
34054,-7.70,32.70,131328.00
34085,13.94,39.38,4104.00
34116,-7.62,32.54,131328.00
34148,13.94,39.20,4104.00
34179,-7.64,32.48,131328.00
34210,14.00,39.09,4104.00
34241,-7.50,32.54,131328.00
34272,13.75,39.24,4104.00
34304,-7.54,32.37,131328.00
34335,13.71,39.15,4104.00
34366,-7.42,32.38,131328.00
34397,13.94,38.93,4104.00
34428,-7.46,32.30,131328.00
34460,13.78,39.18,4104.00
34491,-7.57,32.16,131328.00
34522,13.90,38.85,4104.00
34553,-7.50,32.15,131328.00
34584,13.75,39.20,4104.00
34615,-7.44,31.81,131328.00
34647,13.50,38.91,4104.00
34678,-7.50,31.58,131328.00
34709,13.61,38.72,4104.00
34740,-7.53,31.50,131328.00
34771,13.55,38.51,4104.00
34803,-7.52,31.06,131328.00
34834,13.48,38.17,4104.00
34865,-7.48,30.65,131328.00
34896,13.37,38.36,4104.00
34927,-7.45,30.52,131328.00
34959,13.30,37.97,4104.00
34990,-7.36,30.23,131328.00
35021,13.12,37.89,4104.00
35052,-7.28,30.11,131328.00
35083,13.20,37.81,4104.00
35115,-7.43,29.93,131328.00
35146,12.96,37.79,4104.00
35177,-7.35,29.66,131328.00
35208,12.94,37.85,4104.00
35239,-7.22,29.42,131328.00
35270,12.96,37.43,4104.00
35302,-7.44,29.21,131328.00
35333,12.90,37.48,4104.00
35364,-7.34,29.07,131328.00
35395,12.81,37.64,4104.00
35426,-7.40,28.87,131328.00
35458,12.81,37.68,4104.00
35489,-7.48,28.66,131328.00
35520,12.60,37.31,4104.00
35551,-7.46,28.52,131328.00
35582,12.78,37.01,4104.00
35614,-7.44,28.39,131328.00
35645,12.71,36.92,4104.00
35676,-7.16,28.25,131328.00
35707,12.47,36.86,4104.00
35738,-7.36,28.11,131328.00
35769,12.41,36.85,4104.00
35801,-7.42,27.92,131328.00
35832,12.58,36.66,4104.00
35863,-7.16,27.93,131328.00
35894,12.41,36.85,4104.00
35925,-7.45,27.92,131328.00
35957,12.45,36.69,4104.00
35988,-7.29,27.74,131328.00
36019,12.28,36.85,4104.00
36050,-7.37,27.65,131328.00
36081,12.50,36.58,4104.00
36113,-7.15,27.47,131328.00
36144,12.32,36.73,4104.00
36175,-7.48,27.62,131328.00
36206,12.28,36.76,4104.00
36237,-7.36,27.48,131328.00
36269,12.34,36.72,4104.00
36300,-7.51,27.27,131328.00
36331,12.50,36.64,4104.00
36362,-7.26,27.48,131328.00
36393,12.43,36.87,4104.00
36424,-7.44,27.27,131328.00
36456,12.32,36.69,4104.00
36487,-7.40,27.31,131328.00
36518,12.46,36.40,4104.00
36549,-7.44,27.22,131328.00
36580,12.38,36.36,4104.00
36612,-7.17,27.35,131328.00
36643,12.19,36.57,4104.00
36674,-7.54,27.35,131328.00
36705,12.40,36.75,4104.00
36736,-7.38,27.20,131328.00
36768,12.47,36.42,4104.00
36799,-7.39,27.31,131328.00
36830,12.20,36.65,4104.00
36861,-7.32,27.31,131328.00
36892,12.41,36.78,4104.00
36923,-7.50,27.28,131328.00
36955,12.27,36.68,4104.00
36986,-7.40,27.33,131328.00
37017,12.51,36.51,4104.00
37048,-7.27,27.46,131328.00
37079,12.55,36.50,4104.00
37111,-7.55,27.66,131328.00
37142,12.40,36.97,4104.00
37173,-7.39,27.76,131328.00
37204,12.40,36.99,4104.00
37235,-7.22,28.05,131328.00
37267,12.77,37.30,4104.00
37298,-7.45,28.23,131328.00
37329,12.50,37.05,4104.00
37360,-7.50,28.44,131328.00
37391,12.56,37.13,4104.00
37423,-7.34,28.50,131328.00
37454,12.70,37.11,4104.00
37485,-7.37,28.78,131328.00
37516,12.68,37.20,4104.00
37547,-7.21,29.07,131328.00
37578,12.81,37.29,4104.00
37610,-7.26,29.32,131328.00
37641,12.87,37.55,4104.00
37672,-7.41,29.57,131328.00
37703,13.08,37.83,4104.00
37734,-7.52,29.98,131328.00
37766,13.23,37.83,4104.00
37797,-7.50,30.33,131328.00
37828,13.18,38.03,4104.00
37859,-7.40,30.60,131328.00
37890,13.45,38.08,4104.00
37922,-7.42,30.89,131328.00
37953,13.49,38.56,4104.00
37984,-7.34,31.25,131328.00
38015,13.69,38.80,4104.00
38046,-7.63,31.52,131328.00
38077,13.63,38.76,4104.00
38109,-7.55,31.84,131328.00
38140,13.73,39.03,4104.00
38171,-7.46,31.94,131328.00
38202,13.72,39.03,4104.00
38233,-7.54,32.12,131328.00
38265,13.85,39.13,4104.00
38296,-7.36,32.15,131328.00
38327,13.86,38.81,4104.00
38358,-7.34,32.15,131328.00
38389,13.97,38.93,4104.00
38421,-7.54,32.43,131328.00
38452,13.86,39.16,4104.00
38483,-7.46,32.71,131328.00
38514,13.97,39.48,4104.00
38545,-7.40,32.91,131328.00
38576,14.15,39.45,4104.00
38608,-7.67,33.14,131328.00
38639,14.16,39.38,4104.00
38670,-7.40,33.14,131328.00
38701,14.16,39.78,4104.00
38732,-7.75,33.38,131328.00
38764,14.05,39.83,4104.00
38795,-7.65,33.39,131328.00
38826,14.26,40.09,4104.00
38857,-7.38,33.52,131328.00
38888,14.39,39.85,4104.00
38920,-7.71,33.54,131328.00
38951,14.16,39.97,4104.00
38982,-7.72,33.48,131328.00
39013,14.24,39.63,4104.00
39044,-7.71,33.30,131328.00
39076,14.32,39.56,4104.00
39107,-7.67,33.23,131328.00
39138,14.17,39.79,4104.00
39169,-7.71,33.24,131328.00
39200,14.11,39.77,4104.00
39231,-7.58,33.17,131328.00
39263,14.31,39.60,4104.00
39294,-7.69,33.38,131328.00
39325,14.17,39.66,4104.00
39356,-7.64,33.26,131328.00
39387,14.24,39.91,4104.00
39419,-7.81,33.32,131328.00
39450,14.33,39.64,4104.00
39481,-7.69,33.27,131328.00
39512,14.17,40.03,4104.00
39543,-7.51,33.31,131328.00
39575,14.41,40.01,4104.00
39606,-7.71,33.41,131328.00
39637,14.24,39.98,4104.00
39668,-7.75,33.38,131328.00
39699,14.17,39.75,4104.00
39730,-7.42,33.29,131328.00
39762,14.26,39.54,4104.00
39793,-7.62,33.13,131328.00
39824,14.00,39.58,4104.00
39855,-7.48,32.90,131328.00
39886,13.91,39.36,4104.00
39918,-7.71,32.64,131328.00
39949,14.10,39.09,4104.00
39980,-7.73,32.54,131328.00
40011,13.92,39.27,4104.00
40042,-7.59,32.55,131328.00
40074,14.08,38.93,4104.00
40105,-7.63,32.03,131328.00
40136,13.88,38.88,4104.00
40167,-7.60,32.09,131328.00
40198,13.75,39.11,4104.00
40230,-7.63,31.76,131328.00
40261,13.79,38.75,4104.00
40292,-7.36,31.71,131328.00
40323,13.43,38.75,4104.00
40354,-7.48,31.56,131328.00
40385,13.65,38.81,4104.00
40417,-7.53,31.35,131328.00
40448,13.49,38.86,4104.00
40479,-7.27,31.07,131328.00
40510,13.36,38.50,4104.00
40541,-7.58,30.79,131328.00
40573,13.28,38.33,4104.00
40604,-7.45,30.50,131328.00
40635,13.33,37.88,4104.00
40666,-7.26,30.17,131328.00
40697,13.25,37.75,4104.00
40729,-7.39,29.86,131328.00
40760,13.06,37.87,4104.00
40791,-7.35,29.74,131328.00
40822,12.98,37.90,4104.00
40853,-7.25,29.43,131328.00
40884,12.95,37.70,4104.00
40916,-7.41,29.33,131328.00
40947,13.04,37.79,4104.00
40978,-7.16,29.02,131328.00
41009,12.86,37.40,4104.00
41040,-7.39,29.00,131328.00
41072,12.77,37.61,4104.00
41103,-7.43,28.71,131328.00
41134,12.85,37.18,4104.00
41165,-7.34,28.41,131328.00
41196,12.66,37.28,4104.00
41228,-7.46,28.47,131328.00
41259,12.75,37.55,4104.00
41290,-7.36,28.34,131328.00
41321,12.69,37.47,4104.00
41352,-7.22,28.16,131328.00
41384,12.68,37.46,4104.00
41415,-7.24,27.97,131328.00
41446,12.43,37.28,4104.00
41477,-7.32,27.78,131328.00
41508,12.60,36.89,4104.00
41539,-7.28,27.60,131328.00
41571,12.44,37.11,4104.00
41602,-7.39,27.38,131328.00
41633,12.36,37.04,4104.00
41664,-7.30,27.43,131328.00
41695,12.41,37.06,4104.00
41727,-7.29,27.59,131328.00
41758,12.30,36.92,4104.00
41789,-7.51,27.33,131328.00
41820,12.57,37.09,4104.00
41851,-7.44,27.24,131328.00
41883,12.25,36.91,4104.00
41914,-7.36,27.21,131328.00
41945,12.28,36.97,4104.00
41976,-7.55,27.08,131328.00
42007,12.14,36.84,4104.00
42038,-7.50,27.04,131328.00
42070,12.22,36.86,4104.00
42101,-7.20,26.94,131328.00
42132,12.13,36.86,4104.00
42163,-7.30,26.90,131328.00
42194,12.17,36.93,4104.00
42226,-7.51,26.89,131328.00
42257,12.40,36.70,4104.00
42288,-7.40,26.82,131328.00
42319,12.18,36.89,4104.00
42350,-7.41,26.72,131328.00
42382,12.33,36.58,4104.00
42413,-7.42,26.70,131328.00
42444,12.27,36.83,4104.00
42475,-7.24,26.92,131328.00
42506,12.28,36.43,4104.00
42538,-7.33,26.64,131328.00
42569,12.30,36.87,4104.00
42600,-7.27,26.69,131328.00
42631,12.13,36.60,4104.00
42662,-7.40,26.62,131328.00
42693,12.06,36.61,4104.00
42725,-7.48,26.78,131328.00
42756,12.31,36.89,4104.00
42787,-7.50,26.71,131328.00
42818,12.32,36.57,4104.00
42849,-7.43,26.86,131328.00
42881,12.18,36.76,4104.00
42912,-7.30,26.90,131328.00
42943,12.39,36.58,4104.00
42974,-7.22,27.05,131328.00
43005,12.34,36.77,4104.00
43037,-7.36,27.21,131328.00
43068,12.23,36.85,4104.00
43099,-7.57,27.10,131328.00
43130,12.43,36.65,4104.00
43161,-7.24,27.42,131328.00
43192,12.42,36.93,4104.00
43224,-7.50,27.33,131328.00
43255,12.32,36.71,4104.00
43286,-7.31,27.50,131328.00
43317,12.51,36.58,4104.00
43348,-7.18,27.74,131328.00
43380,12.37,36.83,4104.00
43411,-7.37,27.96,131328.00
43442,12.44,37.04,4104.00
43473,-7.36,28.24,131328.00
43504,12.67,37.21,4104.00
43536,-7.34,28.63,131328.00
43567,12.68,37.09,4104.00
43598,-7.18,28.62,131328.00
43629,12.72,37.34,4104.00
43660,-7.29,28.94,131328.00
43692,12.69,37.47,4104.00
43723,-7.45,29.19,131328.00
43754,12.86,37.60,4104.00
43785,-7.42,29.49,131328.00
43816,13.06,37.73,4104.00
43847,-7.51,29.80,131328.00
43879,13.10,37.85,4104.00
43910,-7.52,29.88,131328.00
43941,13.10,37.96,4104.00
43972,-7.48,29.90,131328.00
44003,13.08,37.81,4104.00
44035,-7.08,30.25,131328.00
44066,13.19,37.99,4104.00
44097,-7.30,30.43,131328.00
44128,13.28,38.16,4104.00
44159,-7.57,30.67,131328.00
44191,13.36,38.22,4104.00
44222,-7.46,30.84,131328.00
44253,13.53,38.58,4104.00
44284,-7.33,31.15,131328.00
44315,13.61,38.50,4104.00
44346,-7.46,31.39,131328.00
44378,13.74,38.87,4104.00
44409,-7.53,31.42,131328.00
44440,13.56,38.80,4104.00
44471,-7.64,31.91,131328.00
44502,13.77,39.09,4104.00
44534,-7.55,32.13,131328.00
44565,13.94,39.04,4104.00
44596,-7.39,32.23,131328.00
44627,13.93,39.21,4104.00
44658,-7.61,32.07,131328.00
44690,13.63,38.99,4104.00
44721,-7.59,31.93,131328.00
44752,13.69,38.79,4104.00
44783,-7.63,31.64,131328.00
44814,13.76,38.64,4104.00
44846,-7.39,31.66,131328.00
44877,13.75,38.48,4104.00
44908,-7.38,31.83,131328.00
44939,13.61,38.89,4104.00
44970,-7.46,31.64,131328.00
45001,13.57,38.76,4104.00
45033,-7.52,31.59,131328.00
45064,13.75,38.72,4104.00
45095,-7.52,31.70,131328.00
45126,13.77,38.64,4104.00
45157,-7.28,31.66,131328.00
45189,13.71,38.99,4104.00
45220,-7.48,31.67,131328.00
45251,13.74,38.67,4104.00
45282,-7.51,31.70,131328.00
45313,13.73,38.62,4104.00
45345,-7.45,31.70,131328.00
45376,13.50,38.85,4104.00
45407,-7.34,31.62,131328.00
45438,13.49,38.74,4104.00
45469,-7.55,31.40,131328.00
45500,13.59,38.57,4104.00
45532,-7.37,31.43,131328.00
45563,13.51,38.61,4104.00
45594,-7.39,31.36,131328.00
45625,13.41,38.54,4104.00
45656,-7.38,31.26,131328.00
45688,13.57,38.67,4104.00
45719,-7.30,31.23,131328.00
45750,13.56,38.62,4104.00
45781,-7.52,31.31,131328.00
45812,13.62,38.44,4104.00
45844,-7.36,31.32,131328.00
45875,13.45,38.66,4104.00
45906,-7.52,31.19,131328.00
45937,13.65,38.75,4104.00
45968,-7.41,31.15,131328.00
46000,13.46,38.74,4104.00
46031,-7.30,31.17,131328.00
46062,13.37,38.60,4104.00
46093,-7.61,31.15,131328.00
46124,13.58,38.66,4104.00
46155,-7.55,30.86,131328.00
46187,13.46,38.27,4104.00
46218,-7.42,30.78,131328.00
46249,13.26,38.15,4104.00
46280,-7.39,30.47,131328.00
46311,13.14,37.90,4104.00
46343,-7.40,30.15,131328.00
46374,13.24,37.54,4104.00
46405,-7.50,29.91,131328.00
46436,13.20,37.86,4104.00
46467,-7.46,29.66,131328.00
46499,12.96,37.38,4104.00
46530,-7.40,29.48,131328.00
46561,13.18,37.37,4104.00
46592,-7.16,29.39,131328.00
46623,12.87,37.48,4104.00
46654,-7.39,29.44,131328.00
46686,13.00,37.16,4104.00
46717,-7.48,29.07,131328.00
46748,12.88,37.24,4104.00
46779,-7.40,28.87,131328.00
46810,12.70,37.25,4104.00
46842,-7.40,28.79,131328.00
46873,12.67,37.22,4104.00
46904,-7.31,28.76,131328.00
46935,12.85,36.99,4104.00
46966,-7.19,28.66,131328.00
46998,12.87,37.02,4104.00
47029,-7.36,28.76,131328.00
47060,12.81,36.83,4104.00
47091,-7.31,28.36,131328.00
47122,12.51,36.91,4104.00
47153,-7.36,27.95,131328.00
47185,12.67,36.63,4104.00
47216,-7.27,28.31,131328.00
47247,12.66,36.89,4104.00
47278,-7.34,28.16,131328.00
47309,12.36,36.71,4104.00
47341,-7.38,27.95,131328.00
47372,12.61,36.59,4104.00
47403,-7.44,27.85,131328.00
47434,12.40,36.70,4104.00
47465,-7.35,27.65,131328.00
47497,12.47,36.76,4104.00
47528,-7.52,27.54,131328.00
47559,12.50,36.53,4104.00
47590,-7.42,27.58,131328.00
47621,12.59,36.40,4104.00
47653,-7.14,27.50,131328.00
47684,12.36,36.62,4104.00
47715,-7.20,27.64,131328.00
47746,12.42,36.76,4104.00
47777,-7.50,27.39,131328.00
47808,12.30,36.75,4104.00
47840,-7.34,27.47,131328.00
47871,12.33,36.70,4104.00
47902,-7.41,27.48,131328.00
47933,12.14,36.60,4104.00
47964,-7.46,27.36,131328.00
47996,12.39,36.79,4104.00
48027,-7.32,27.54,131328.00
48058,12.29,36.83,4104.00
48089,-7.16,27.38,131328.00
48120,12.49,36.50,4104.00
48152,-7.33,27.40,131328.00
48183,12.20,36.70,4104.00
48214,-7.14,27.63,131328.00
48245,12.51,36.59,4104.00
48276,-7.33,27.61,131328.00
48307,12.41,36.89,4104.00
48339,-7.27,27.54,131328.00
48370,12.35,37.01,4104.00
48401,-7.44,27.53,131328.00
48432,12.29,36.78,4104.00
48463,-7.25,27.52,131328.00
48495,12.53,36.69,4104.00
48526,-7.40,27.64,131328.00
48557,12.59,36.79,4104.00
48588,-7.42,27.74,131328.00
48619,12.41,36.93,4104.00
48651,-7.52,27.68,131328.00
48682,12.38,36.92,4104.00
48713,-7.42,27.71,131328.00
48744,12.50,36.93,4104.00
48775,-7.21,27.71,131328.00
48807,12.34,36.75,4104.00
48838,-7.46,27.62,131328.00
48869,12.55,36.56,4104.00
48900,-7.28,27.74,131328.00
48931,12.39,36.86,4104.00
48962,-7.35,27.76,131328.00
48994,12.36,36.72,4104.00
49025,-7.31,27.70,131328.00
49056,12.44,37.03,4104.00
49087,-7.41,27.75,131328.00
49118,12.59,36.77,4104.00
49150,-7.31,27.64,131328.00
49181,12.59,36.76,4104.00
49212,-7.08,27.71,131328.00
49243,12.61,36.83,4104.00
49274,-7.10,27.70,131328.00
49306,12.33,36.91,4104.00
49337,-7.37,27.64,131328.00
49368,12.58,36.77,4104.00
49399,-7.28,27.89,131328.00
49430,12.48,37.04,4104.00
49461,-7.51,27.64,131328.00
49493,12.51,36.77,4104.00
49524,-7.30,27.56,131328.00
49555,12.51,36.97,4104.00
49586,-7.26,27.61,131328.00
49617,12.45,36.60,4104.00
49649,-7.08,27.50,131328.00
49680,12.20,36.76,4104.00
49711,-7.33,27.38,131328.00
49742,12.24,36.81,4104.00
49773,-7.14,27.46,131328.00
49805,12.47,36.93,4104.00
49836,-7.15,27.31,131328.00
49867,12.45,36.58,4104.00
49898,-7.46,27.46,131328.00
49929,12.39,36.68,4104.00
49961,-7.13,27.37,131328.00
49992,12.40,36.90,4104.00
50023,-7.27,27.32,131328.00
50054,12.49,36.54,4104.00
50085,-7.32,27.35,131328.00
50116,12.59,36.96,4104.00
50148,-7.20,27.38,131328.00
50179,12.27,36.81,4104.00
50210,-7.21,27.44,131328.00
50241,12.18,36.84,4104.00
50272,-7.36,27.28,131328.00
50304,12.56,36.62,4104.00
50335,-7.20,27.44,131328.00
50366,12.31,36.93,4104.00
50397,-7.25,27.43,131328.00
50428,12.27,36.76,4104.00
50460,-7.28,27.52,131328.00
50491,12.57,36.65,4104.00
50522,-7.22,27.80,131328.00
50553,12.49,36.89,4104.00
50584,-7.31,28.20,131328.00
50615,12.78,36.99,4104.00
50647,-7.23,28.66,131328.00
50678,12.68,37.38,4104.00
50709,-7.31,28.94,131328.00
50740,12.94,37.73,4104.00
50771,-7.18,29.59,131328.00
50803,13.03,37.99,4104.00
50834,-7.24,30.12,131328.00
50865,13.18,38.30,4104.00
50896,-7.52,30.56,131328.00
50927,13.49,38.32,4104.00
50959,-7.40,31.07,131328.00
50990,13.57,38.44,4104.00
51021,-7.35,31.25,131328.00
51052,13.47,38.76,4104.00
51083,-7.52,31.54,131328.00
51115,13.57,38.71,4104.00
51146,-7.50,31.76,131328.00
51177,13.66,38.89,4104.00
51208,-7.59,32.00,131328.00
51239,13.90,39.24,4104.00
51270,-7.58,32.38,131328.00
51302,14.02,39.15,4104.00
51333,-7.57,32.73,131328.00
51364,14.06,39.38,4104.00
51395,-7.72,33.15,131328.00
51426,14.13,39.73,4104.00
51458,-7.62,33.50,131328.00
51489,14.28,40.15,4104.00
51520,-7.87,33.64,131328.00
51551,14.44,39.99,4104.00
51582,-7.91,34.01,131328.00
51614,14.39,40.52,4104.00
51645,-7.99,34.21,131328.00
51676,14.56,40.67,4104.00
51707,-7.90,34.70,131328.00
51738,14.67,40.61,4104.00
51769,-7.91,34.67,131328.00
51801,14.77,40.61,4104.00
51832,-7.79,34.67,131328.00
51863,14.57,40.77,4104.00
51894,-8.01,34.68,131328.00
51925,14.65,40.53,4104.00
51957,-7.84,34.60,131328.00
51988,14.47,40.65,4104.00
52019,-7.86,34.72,131328.00
52050,14.63,40.48,4104.00
52081,-7.99,34.53,131328.00
52113,14.73,40.85,4104.00
52144,-7.75,34.65,131328.00
52175,14.72,40.49,4104.00
52206,-7.76,34.64,131328.00
52237,14.68,40.55,4104.00
52269,-7.86,34.58,131328.00
52300,14.73,40.58,4104.00
52331,-7.90,34.69,131328.00
52362,14.74,40.65,4104.00
52393,-7.85,34.60,131328.00
52424,14.80,40.59,4104.00
52456,-7.97,34.55,131328.00
52487,14.83,40.57,4104.00
52518,-6.22,27.87,131328.00
52580,-6.11,27.92,131328.00
52643,-6.10,27.32,131328.00
52705,-8.89,30.69,131328.00
52736,14.44,39.26,4104.00
52768,-7.94,33.36,131328.00
52799,14.46,39.29,4104.00
52830,-7.87,33.49,131328.00
52861,14.63,39.35,4104.00
52892,-7.92,33.46,131328.00
52923,14.49,39.43,4104.00
52955,-7.72,33.35,131328.00
52986,14.70,39.27,4104.00
53017,-7.83,33.29,131328.00
53048,14.46,39.26,4104.00
53079,-7.72,33.13,131328.00
53111,14.44,39.20,4104.00
53142,-7.91,32.94,131328.00
53173,14.49,39.17,4104.00
53204,-7.60,32.87,131328.00
53235,14.35,39.09,4104.00
53267,-7.61,32.66,131328.00
53298,14.16,38.40,4104.00
53329,-7.48,32.01,131328.00
53360,14.16,38.24,4104.00
53391,-7.52,31.60,131328.00
53423,13.81,37.93,4104.00
53454,-7.67,31.23,131328.00
53485,13.54,37.81,4104.00
53516,-7.37,31.03,131328.00
53547,13.63,37.58,4104.00
53578,-7.50,30.82,131328.00
53610,13.64,37.74,4104.00
53641,-7.59,30.62,131328.00
53672,13.57,37.64,4104.00
53703,-7.35,30.42,131328.00
53734,13.47,37.30,4104.00
53766,-7.61,30.16,131328.00
53797,13.34,37.29,4104.00
53828,-7.35,30.23,131328.00
53859,13.53,36.98,4104.00
53890,-7.44,29.84,131328.00
53922,13.34,37.09,4104.00
53953,-7.56,29.73,131328.00
53984,13.33,37.22,4104.00
54015,-7.45,29.52,131328.00
54046,13.30,36.99,4104.00
54077,-7.54,29.37,131328.00
54109,13.02,36.74,4104.00
54140,-7.18,29.05,131328.00
54171,13.10,36.40,4104.00
54202,-7.38,28.80,131328.00
54233,13.12,36.28,4104.00
54265,-7.42,28.66,131328.00
54296,12.99,36.19,4104.00
54327,-7.03,28.52,131328.00
54358,13.02,36.09,4104.00
54389,-7.21,28.35,131328.00
54421,12.98,36.21,4104.00
54452,-7.14,28.54,131328.00
54483,12.96,36.30,4104.00
54514,-7.28,28.52,131328.00
54545,12.97,36.15,4104.00
54576,-7.30,28.41,131328.00
54608,12.79,36.16,4104.00
54639,-7.12,28.35,131328.00
54670,12.72,36.25,4104.00
54701,-7.26,28.50,131328.00
54732,12.90,36.48,4104.00
54764,-7.22,28.51,131328.00
54795,12.92,36.53,4104.00
54826,-7.42,28.53,131328.00
54857,12.77,36.51,4104.00
54888,-7.03,28.51,131328.00
54920,12.85,36.44,4104.00
54951,-7.18,28.41,131328.00
54982,12.82,36.23,4104.00
55013,-7.25,28.37,131328.00
55044,12.85,36.05,4104.00
55076,-7.18,28.24,131328.00
55107,12.71,36.07,4104.00
55138,-7.23,28.25,131328.00
55169,12.87,36.02,4104.00
55200,-7.21,28.15,131328.00
55231,12.79,36.19,4104.00
55263,-7.06,28.26,131328.00
55294,12.94,36.48,4104.00
55325,-7.30,28.15,131328.00
55356,12.92,36.14,4104.00
55387,-7.42,28.36,131328.00
55419,12.76,36.28,4104.00
55450,-7.24,28.36,131328.00
55481,12.83,36.30,4104.00
55512,-7.26,28.33,131328.00
55543,12.99,36.12,4104.00
55575,-7.21,28.54,131328.00
55606,12.91,36.30,4104.00
55637,-7.30,28.58,131328.00
55668,12.79,36.54,4104.00
55699,-7.18,28.62,131328.00
55730,12.97,36.60,4104.00
55762,-7.33,28.45,131328.00
55793,13.03,36.31,4104.00
55824,-7.30,28.38,131328.00
55855,12.85,36.36,4104.00
55886,-7.02,28.45,131328.00
55918,12.89,36.46,4104.00
55949,-7.20,28.27,131328.00
55980,12.92,36.24,4104.00
56011,-7.04,28.42,131328.00
56042,12.95,36.36,4104.00
56074,-7.46,28.56,131328.00
56105,13.10,36.28,4104.00
56136,-7.35,28.55,131328.00
56167,12.98,36.71,4104.00
56198,-7.06,28.54,131328.00
56230,12.89,36.67,4104.00
56261,-7.32,28.74,131328.00
56292,12.83,36.61,4104.00
56323,-7.39,28.85,131328.00
56354,13.07,36.66,4104.00
56385,-7.24,29.00,131328.00
56417,13.18,36.81,4104.00
56448,-7.32,29.29,131328.00
56479,13.16,37.06,4104.00
56510,-7.51,29.54,131328.00
56541,13.39,37.03,4104.00
56573,-7.33,29.84,131328.00
56604,13.25,37.07,4104.00
56635,-7.48,29.78,131328.00
56666,13.41,36.99,4104.00
56697,-7.11,29.78,131328.00
56729,13.41,36.87,4104.00
56760,-7.26,29.77,131328.00
56791,13.40,37.19,4104.00
56822,-7.26,30.00,131328.00
56853,13.32,37.23,4104.00
56884,-7.42,30.03,131328.00
56916,13.57,37.11,4104.00
56947,-7.38,30.28,131328.00
56978,13.44,37.64,4104.00
57009,-7.35,30.29,131328.00
57040,13.62,37.21,4104.00
57072,-7.44,30.44,131328.00
57103,13.63,37.62,4104.00
57134,-7.23,30.38,131328.00
57165,13.37,37.44,4104.00
57196,-7.18,30.42,131328.00
57228,13.40,37.47,4104.00
57259,-7.30,30.38,131328.00
57290,13.40,37.46,4104.00
57321,-7.23,30.48,131328.00
57352,13.41,37.48,4104.00
57384,-7.48,30.47,131328.00
57415,13.59,37.57,4104.00
57446,-7.32,30.19,131328.00
57477,13.47,36.98,4104.00
57508,-7.24,30.05,131328.00
57539,13.43,36.79,4104.00
57571,-7.11,30.16,131328.00
57602,13.36,37.02,4104.00
57633,-7.16,29.87,131328.00
57664,13.22,36.84,4104.00
57695,-7.11,29.79,131328.00
57727,13.34,37.03,4104.00
57758,-6.99,29.78,131328.00
57789,13.30,37.05,4104.00
57820,-7.20,29.56,131328.00
57851,13.10,36.71,4104.00
57883,-7.11,29.80,131328.00
57914,13.16,36.93,4104.00
57945,-7.09,29.74,131328.00
57976,13.18,36.56,4104.00
58007,-7.13,29.64,131328.00
58038,13.02,36.73,4104.00
58070,-6.89,29.66,131328.00
58101,13.25,36.55,4104.00
58132,-7.14,29.68,131328.00
58163,13.05,36.84,4104.00
58194,-5.57,23.74,131328.00
58257,-5.46,23.97,131328.00
58319,-5.48,23.51,131328.00
58382,-7.32,30.57,131328.00
58413,12.98,37.48,4104.00
58444,-6.92,30.23,131328.00
58475,12.78,37.48,4104.00
58506,-6.72,30.21,131328.00
58538,12.98,37.48,4104.00
58569,-6.93,30.15,131328.00
58600,12.91,37.72,4104.00
58631,-6.99,30.51,131328.00
58662,12.86,37.64,4104.00
58693,-7.02,30.29,131328.00
58725,13.05,37.59,4104.00
58756,-7.03,30.57,131328.00
58787,13.04,37.76,4104.00
58818,-6.99,30.53,131328.00
58849,13.10,38.07,4104.00
58881,-7.00,30.84,131328.00
58912,13.25,38.01,4104.00
58943,-7.06,31.24,131328.00
58974,13.22,38.36,4104.00
59005,-7.03,31.42,131328.00
59037,13.51,38.42,4104.00
59068,-6.98,31.68,131328.00
59099,13.54,38.39,4104.00
59130,-7.19,31.76,131328.00
59161,13.59,38.45,4104.00
59192,-7.05,31.71,131328.00
59224,13.36,38.58,4104.00
59255,-7.06,31.85,131328.00
59286,13.55,38.44,4104.00
59317,-6.93,32.01,131328.00
59348,13.46,38.57,4104.00
59380,-7.05,32.19,131328.00
59411,13.63,39.04,4104.00
59442,-7.18,32.26,131328.00
59473,13.59,39.05,4104.00
59504,-7.24,32.56,131328.00
59536,13.67,39.16,4104.00
59567,-7.02,32.81,131328.00
59598,13.69,39.24,4104.00
59629,-7.18,32.98,131328.00
59660,13.84,39.45,4104.00
59692,-7.20,33.29,131328.00
59723,13.72,39.54,4104.00
59754,-7.34,33.28,131328.00
59785,13.89,39.62,4104.00
59816,-7.37,33.19,131328.00
59847,14.16,39.53,4104.00
59879,-7.21,33.26,131328.00
59910,13.77,39.55,4104.00
59941,-7.45,33.21,131328.00
59972,13.85,39.44,4104.00
60003,-7.44,33.11,131328.00
60035,13.87,39.55,4104.00
60066,-7.06,32.83,131328.00
60097,13.71,39.23,4104.00
60128,-7.25,32.63,131328.00
60159,13.55,39.15,4104.00
60191,-7.40,32.51,131328.00
60222,13.63,39.22,4104.00
60253,-7.32,32.39,131328.00
60284,13.63,39.20,4104.00
60315,-7.34,32.12,131328.00
60346,13.61,39.15,4104.00
60378,-7.22,32.20,131328.00
60409,13.75,39.16,4104.00
60440,-7.13,32.28,131328.00
60471,13.67,39.21,4104.00
60502,-6.97,32.17,131328.00
60534,13.65,38.78,4104.00
60565,-7.27,31.99,131328.00
60596,13.48,38.87,4104.00
60627,-7.30,31.91,131328.00
60658,13.47,38.77,4104.00
60690,-7.21,31.76,131328.00
60721,13.53,38.60,4104.00
60752,-7.08,31.80,131328.00
60783,13.30,38.52,4104.00
60814,-7.16,31.29,131328.00
60846,13.26,38.60,4104.00
60877,-7.14,31.03,131328.00
60908,13.20,38.41,4104.00
60939,-7.14,31.00,131328.00
60970,13.21,38.24,4104.00
61001,-7.05,31.07,131328.00
61033,13.23,38.30,4104.00
61064,-7.12,30.89,131328.00
61095,13.14,38.03,4104.00
61126,-6.78,30.91,131328.00
61157,13.24,38.18,4104.00
61189,-7.12,30.76,131328.00
61220,13.10,38.09,4104.00
61251,-7.12,30.70,131328.00
61282,13.18,38.17,4104.00
61313,-7.09,30.42,131328.00
61345,13.24,37.73,4104.00
61376,-7.05,30.40,131328.00
61407,12.98,37.84,4104.00
61438,-7.13,30.61,131328.00
61469,13.08,37.94,4104.00
61500,-7.05,30.58,131328.00
61532,13.17,37.62,4104.00
61563,-7.05,30.68,131328.00
61594,13.06,37.97,4104.00
61625,-6.95,30.90,131328.00
61656,13.13,37.97,4104.00
61688,-6.87,30.61,131328.00
61719,13.18,37.62,4104.00
61750,-6.98,30.68,131328.00
61781,13.11,38.01,4104.00
61812,-6.91,30.56,131328.00
61844,13.26,37.81,4104.00
61875,-6.69,30.78,131328.00
61906,13.20,38.34,4104.00
61937,-6.79,31.00,131328.00
61968,13.24,38.26,4104.00
62000,-6.89,31.10,131328.00
62031,13.36,38.13,4104.00
62062,-6.99,30.92,131328.00
62093,13.40,38.04,4104.00
62124,-7.08,30.93,131328.00
62155,13.20,38.19,4104.00
62187,-7.07,30.80,131328.00
62218,13.20,38.14,4104.00
62249,-6.79,30.90,131328.00
62280,13.43,38.46,4104.00
62311,-7.08,30.93,131328.00
62343,13.32,38.20,4104.00
62374,-7.16,31.19,131328.00
62405,13.36,38.39,4104.00
62436,-6.79,31.35,131328.00
62467,13.47,38.44,4104.00
62499,-6.76,31.31,131328.00
62530,13.65,38.30,4104.00
62561,-6.84,31.59,131328.00
62592,13.61,38.23,4104.00
62623,-6.81,31.79,131328.00
62654,13.43,38.45,4104.00
62686,-6.84,31.99,131328.00
62717,13.70,38.46,4104.00
62748,-6.77,32.00,131328.00
62779,13.65,38.84,4104.00
62810,-7.01,31.95,131328.00
62842,13.75,38.44,4104.00
62873,-7.04,32.02,131328.00
62904,13.71,38.75,4104.00
62935,-7.14,32.07,131328.00
62966,13.77,38.73,4104.00
62998,-7.24,32.19,131328.00
63029,13.92,38.98,4104.00
63060,-7.07,32.25,131328.00
63091,13.95,38.99,4104.00
63122,-7.01,32.30,131328.00
63153,13.86,38.90,4104.00
63185,-6.99,32.21,131328.00
63216,13.83,38.69,4104.00
63247,-7.02,32.16,131328.00
63278,13.80,38.47,4104.00
63309,-6.84,32.00,131328.00
63341,13.62,38.44,4104.00
63372,-6.93,31.82,131328.00
63403,13.66,38.18,4104.00
63434,-6.90,31.95,131328.00
63465,13.56,38.41,4104.00
63497,-7.01,31.76,131328.00
63528,13.73,38.22,4104.00
63559,-6.79,31.83,131328.00
63590,13.65,38.08,4104.00
63621,-6.90,32.03,131328.00
63653,13.61,38.42,4104.00
63684,-6.97,31.70,131328.00
63715,13.63,38.38,4104.00
63746,-7.14,31.78,131328.00
63777,13.71,38.40,4104.00
63808,-7.02,31.88,131328.00
63840,13.64,38.57,4104.00
63871,-7.16,31.97,131328.00
63902,13.78,38.71,4104.00
63933,-7.15,32.03,131328.00
63964,13.73,38.64,4104.00
63996,-7.27,31.91,131328.00
64027,13.68,38.55,4104.00
64058,-7.13,31.88,131328.00
64089,13.59,38.31,4104.00
64120,-7.06,31.60,131328.00
64152,13.69,38.38,4104.00
64183,-7.18,31.46,131328.00
64214,13.47,38.10,4104.00
64245,-7.12,31.42,131328.00
64276,13.40,37.97,4104.00
64307,-7.07,31.27,131328.00
64339,13.47,37.96,4104.00
64370,-7.16,31.33,131328.00
64401,13.43,38.07,4104.00
64432,-7.12,31.32,131328.00
64463,13.26,38.08,4104.00
64495,-7.15,31.23,131328.00
64526,13.51,38.21,4104.00
64557,-6.97,31.29,131328.00
64588,13.46,38.27,4104.00
64619,-6.91,31.33,131328.00
64651,13.63,38.37,4104.00
64682,-7.10,31.25,131328.00
64713,13.43,38.08,4104.00
64744,-7.07,31.53,131328.00
64775,13.44,38.01,4104.00
64807,-4.89,25.82,131328.00
64869,-5.27,25.72,131328.00
64931,-5.20,25.26,131328.00
64962,15.46,31.85,4104.00
64994,-7.12,30.53,131328.00
65025,13.48,37.26,4104.00
65056,-7.03,30.55,131328.00
65087,13.45,37.01,4104.00
65118,-6.96,30.80,131328.00
65150,13.77,37.20,4104.00
65181,-7.05,31.10,131328.00
65212,13.49,37.36,4104.00
65243,-7.34,30.86,131328.00
65274,13.73,37.11,4104.00
65306,-7.20,31.12,131328.00
65337,13.81,37.40,4104.00
65368,-7.42,31.10,131328.00
65399,13.72,37.67,4104.00
65430,-7.08,31.19,131328.00
65461,13.67,37.52,4104.00
65493,-7.14,31.15,131328.00
65524,13.64,37.58,4104.00
65555,-7.47,31.17,131328.00
65586,13.69,37.40,4104.00
65617,-7.55,31.03,131328.00
65649,13.58,37.36,4104.00
65680,-7.65,30.91,131328.00
65711,13.43,37.28,4104.00
65742,-7.80,30.75,131328.00
65773,13.72,37.40,4104.00
65805,-7.71,30.67,131328.00
65836,13.57,37.22,4104.00
65867,-7.51,30.82,131328.00
65898,13.68,37.11,4104.00
65929,-7.83,30.76,131328.00
65961,13.76,36.98,4104.00
65992,-8.05,30.66,131328.00
66023,13.78,36.98,4104.00
66054,-7.83,30.60,131328.00
66085,13.68,37.38,4104.00
66116,-8.00,30.70,131328.00
66148,13.88,37.18,4104.00
66179,-7.91,30.80,131328.00
66210,13.77,37.50,4104.00
66241,-8.22,30.71,131328.00
66272,13.83,37.32,4104.00
66304,-8.32,30.56,131328.00
66335,13.99,37.42,4104.00
66366,-8.47,30.58,131328.00
66397,13.82,37.32,4104.00
66428,-8.54,30.39,131328.00
66460,13.90,37.11,4104.00
66491,-8.28,30.47,131328.00
66522,13.88,37.09,4104.00
66553,-8.42,30.46,131328.00
66584,13.77,37.28,4104.00
66615,-8.26,30.52,131328.00
66647,13.76,37.46,4104.00
66678,-8.53,30.51,131328.00
66709,13.90,37.22,4104.00
66740,-8.54,30.35,131328.00
66771,13.75,37.42,4104.00
66803,-8.46,30.63,131328.00
66834,13.75,37.56,4104.00
66865,-8.54,30.50,131328.00
66896,13.79,37.50,4104.00
66927,-8.40,30.45,131328.00
66959,13.91,37.05,4104.00
66990,-8.63,30.44,131328.00
67021,13.92,37.34,4104.00
67052,-8.55,30.54,131328.00
67083,14.02,37.48,4104.00
67115,-8.71,30.55,131328.00
67146,13.96,37.52,4104.00
67177,-8.49,30.51,131328.00
67208,13.76,37.21,4104.00
67239,-8.53,30.53,131328.00
67270,13.69,37.26,4104.00
67302,-8.45,30.38,131328.00
67333,13.68,36.98,4104.00
67364,-8.34,30.25,131328.00
67395,13.83,37.21,4104.00
67426,-8.26,30.17,131328.00
67458,13.88,37.12,4104.00
67489,-8.37,29.96,131328.00
67520,13.81,36.79,4104.00
67551,-8.18,30.07,131328.00
67582,13.82,36.72,4104.00
67614,-8.31,30.21,131328.00
67645,13.67,36.64,4104.00
67676,-8.19,29.86,131328.00
67707,13.58,36.82,4104.00
67738,-8.31,29.81,131328.00
67769,13.65,36.48,4104.00
67801,-8.16,29.77,131328.00
67832,13.56,36.49,4104.00
67863,-8.29,29.55,131328.00
67894,13.53,36.21,4104.00
67925,-7.90,29.24,131328.00
67957,13.45,35.95,4104.00
67988,-7.99,29.16,131328.00
68019,13.30,35.80,4104.00
68050,-7.75,28.91,131328.00
68081,13.21,35.97,4104.00
68113,-7.94,28.91,131328.00
68144,13.06,35.96,4104.00
68175,-7.28,27.39,131328.00
68237,-5.57,24.07,131328.00
68300,-5.91,23.46,131328.00
68362,-7.71,28.72,131328.00
68393,12.80,36.33,4104.00
68424,-7.63,28.46,131328.00
68487,-5.56,23.15,131328.00
68518,13.96,32.80,4104.00
68549,-5.63,23.76,131328.00
68612,-5.59,23.65,131328.00
68674,-7.69,28.35,131328.00
68705,12.97,35.28,4104.00
68736,-7.78,28.16,131328.00
68768,12.82,35.55,4104.00
68799,-7.71,28.27,131328.00
68830,12.93,35.38,4104.00
68861,-7.67,28.26,131328.00
68892,12.81,35.42,4104.00
68923,-7.74,28.19,131328.00
68955,12.83,35.61,4104.00
68986,-7.88,28.32,131328.00
69017,13.08,35.72,4104.00
69048,-7.89,28.27,131328.00
69079,13.06,35.73,4104.00
69111,-7.96,28.26,131328.00
69142,12.99,35.30,4104.00
69173,-7.77,28.31,131328.00
69204,12.90,35.68,4104.00
69235,-7.64,28.37,131328.00
69267,13.01,35.64,4104.00
69298,-7.58,28.37,131328.00
69329,13.00,35.36,4104.00
69360,-7.76,28.38,131328.00
69391,13.04,35.35,4104.00
69423,-7.89,28.31,131328.00
69454,13.02,35.13,4104.00
69485,-7.80,28.25,131328.00
69516,12.89,35.58,4104.00
69547,-7.90,28.31,131328.00
69578,12.94,35.37,4104.00
69610,-7.71,28.38,131328.00
69641,12.94,35.52,4104.00
69672,-7.97,28.45,131328.00
69703,13.06,35.64,4104.00
69734,-8.03,28.60,131328.00
69766,13.02,35.89,4104.00
69797,-7.77,28.57,131328.00
69828,13.18,35.56,4104.00
69859,-7.98,28.54,131328.00
69890,13.04,35.77,4104.00
69922,-8.04,28.37,131328.00
69953,13.00,35.60,4104.00
69984,-8.11,28.27,131328.00
70015,13.02,35.56,4104.00
70046,-8.11,27.91,131328.00
70077,12.92,35.33,4104.00
70109,-8.09,27.60,131328.00
70140,12.86,34.94,4104.00
70171,-8.02,27.23,131328.00
70202,12.71,34.99,4104.00
70233,-8.18,26.92,131328.00
70265,12.57,34.83,4104.00
70296,-8.14,26.51,131328.00
70327,12.45,34.73,4104.00
70358,-8.42,26.41,131328.00
70389,12.55,34.31,4104.00
70421,-8.14,26.09,131328.00
70452,12.47,34.13,4104.00
70483,-8.20,25.78,131328.00
70514,12.40,34.01,4104.00
70545,-8.24,25.62,131328.00
70576,12.16,34.05,4104.00
70608,-8.00,25.23,131328.00
70639,12.10,33.64,4104.00
70670,-8.22,24.88,131328.00
70701,12.13,33.38,4104.00
70732,-8.11,24.67,131328.00
70764,11.73,33.08,4104.00
70795,-7.92,24.29,131328.00
70826,11.96,32.72,4104.00
70857,-8.05,23.98,131328.00
70888,11.69,32.60,4104.00
70920,-7.84,23.88,131328.00
70951,11.58,32.49,4104.00
70982,-8.02,23.77,131328.00
71013,11.58,32.56,4104.00
71044,-7.80,23.83,131328.00
71076,11.51,32.41,4104.00
71107,-7.94,23.73,131328.00
71138,11.55,32.41,4104.00
71169,-7.81,23.72,131328.00
71200,11.64,32.28,4104.00
71231,-7.83,23.95,131328.00
71263,11.69,32.50,4104.00
71294,-7.87,23.81,131328.00
71325,11.65,32.59,4104.00
71356,-7.67,23.96,131328.00
71387,11.75,32.52,4104.00
71419,-7.90,24.07,131328.00
71450,11.64,32.68,4104.00
71481,-7.72,24.23,131328.00
71512,11.78,32.63,4104.00
71543,-7.75,24.27,131328.00
71575,11.86,32.76,4104.00
71606,-7.76,24.53,131328.00
71637,11.73,33.17,4104.00
71668,-7.46,24.52,131328.00
71699,11.71,33.04,4104.00
71730,-7.49,24.55,131328.00
71762,11.75,33.38,4104.00
71793,-7.71,24.76,131328.00
71824,11.89,33.15,4104.00
71855,-7.60,24.72,131328.00
71886,11.73,33.25,4104.00
71918,-7.47,24.86,131328.00
71949,11.74,33.58,4104.00
71980,-7.46,25.09,131328.00
72011,11.96,33.22,4104.00
72042,-7.31,25.08,131328.00
72074,11.92,33.27,4104.00
72105,-7.48,25.00,131328.00
72136,11.77,33.49,4104.00
72167,-7.48,25.02,131328.00
72198,11.89,33.30,4104.00
72230,-7.51,24.97,131328.00
72261,11.73,33.34,4104.00
72292,-7.18,24.96,131328.00
72323,11.83,33.54,4104.00
72354,-7.42,25.11,131328.00
72385,11.87,33.72,4104.00
72417,-7.28,25.16,131328.00
72448,11.97,33.22,4104.00
72479,-7.29,25.19,131328.00
72510,11.99,33.81,4104.00
72541,-7.52,25.15,131328.00
72573,12.03,33.76,4104.00
72604,-7.56,25.34,131328.00
72635,12.03,33.40,4104.00
72666,-7.53,25.53,131328.00
72697,11.94,33.62,4104.00
72729,-7.46,25.74,131328.00
72760,11.96,33.71,4104.00
72791,-7.30,25.80,131328.00
72822,12.16,34.00,4104.00
72853,-7.44,25.90,131328.00
72884,12.18,33.75,4104.00
72916,-7.20,26.04,131328.00
72947,12.30,33.73,4104.00
72978,-7.30,26.07,131328.00
73009,12.21,34.04,4104.00
73040,-7.48,26.05,131328.00
73072,12.28,34.13,4104.00
73103,-7.51,26.13,131328.00
73134,12.26,33.79,4104.00
73165,-7.34,26.10,131328.00
73196,12.13,33.83,4104.00
73228,-7.42,26.49,131328.00
73259,12.33,33.95,4104.00
73290,-7.46,26.28,131328.00
73321,12.27,34.31,4104.00
73352,-7.54,26.68,131328.00
73384,12.41,34.09,4104.00
73415,-7.51,26.67,131328.00
73446,12.20,34.23,4104.00
73477,-7.37,26.75,131328.00
73508,12.24,34.03,4104.00
73539,-7.38,26.76,131328.00
73571,12.20,34.13,4104.00
73602,-7.45,26.46,131328.00
73633,12.24,34.07,4104.00
73664,-7.31,26.45,131328.00
73695,12.28,33.90,4104.00
73727,-7.62,26.33,131328.00
73758,12.26,33.89,4104.00
73789,-7.48,26.41,131328.00
73820,12.38,34.09,4104.00
73851,-7.52,26.28,131328.00
73883,12.33,34.02,4104.00
73914,-7.38,26.18,131328.00
73945,12.28,33.90,4104.00
73976,-7.54,26.19,131328.00
74007,12.37,33.53,4104.00
74038,-7.62,26.08,131328.00
74070,12.14,33.66,4104.00
74101,-7.42,26.02,131328.00
74132,12.36,33.32,4104.00
74163,-7.79,25.78,131328.00
74194,12.10,33.43,4104.00
74226,-7.47,25.73,131328.00
74257,12.16,33.55,4104.00
74288,-7.63,25.60,131328.00
74319,12.04,33.44,4104.00
74350,-7.50,25.71,131328.00
74382,12.34,33.20,4104.00
74413,-7.63,25.72,131328.00
74444,12.15,33.43,4104.00
74475,-7.34,25.83,131328.00
74506,12.28,33.33,4104.00
74538,-7.63,25.80,131328.00
74569,12.14,33.54,4104.00
74600,-7.56,25.87,131328.00
74631,12.15,33.60,4104.00
74662,-7.50,26.05,131328.00
74693,12.32,33.54,4104.00
74725,-7.29,26.20,131328.00
74756,12.20,33.76,4104.00
74787,-7.54,26.19,131328.00
74818,12.30,33.93,4104.00
74849,-7.30,25.98,131328.00
74881,12.29,33.40,4104.00
74912,-7.65,25.98,131328.00
74943,12.31,33.77,4104.00
74974,-7.35,26.14,131328.00
75005,12.41,33.80,4104.00
75037,-7.46,26.31,131328.00
75068,12.37,33.93,4104.00
75099,-7.58,26.49,131328.00
75130,13.12,32.40,4104.00
75161,-7.67,25.93,131328.00
75192,13.16,32.46,4104.00
75224,-7.59,25.96,131328.00
75255,13.08,32.68,4104.00
75286,-7.83,26.21,131328.00
75317,13.18,32.90,4104.00
75348,-7.82,26.12,131328.00
75380,13.25,32.64,4104.00
75411,-7.73,26.36,131328.00
75442,13.10,32.65,4104.00
75473,-7.50,26.25,131328.00
75504,13.26,32.47,4104.00
75536,-7.88,26.23,131328.00
75567,13.06,32.71,4104.00
75598,-7.63,26.33,131328.00
75629,13.20,32.64,4104.00
75660,-7.76,26.33,131328.00
75692,13.14,32.73,4104.00
75723,-7.69,26.25,131328.00
75754,13.38,32.97,4104.00
75785,-7.73,26.39,131328.00
75816,13.25,32.91,4104.00
75847,-7.61,26.43,131328.00
75879,13.41,33.10,4104.00
75910,-7.91,26.46,131328.00
75941,13.37,33.16,4104.00
75972,-7.71,26.54,131328.00
76003,13.34,32.81,4104.00
76035,-7.62,26.70,131328.00
76066,13.32,32.83,4104.00
76097,-7.52,26.64,131328.00
76128,13.14,32.95,4104.00
76159,-7.73,26.66,131328.00
76191,13.33,32.71,4104.00
76222,-7.54,26.86,131328.00
76253,13.23,33.05,4104.00
76284,-7.36,26.73,131328.00
76315,13.12,32.89,4104.00
76346,-7.61,26.68,131328.00
76378,13.19,32.97,4104.00
76409,-7.71,26.65,131328.00
76440,13.26,32.75,4104.00
76471,-7.54,26.47,131328.00
76502,13.02,32.68,4104.00
76534,-7.55,26.23,131328.00
76565,12.94,32.50,4104.00
76596,-7.50,26.00,131328.00
76627,12.25,34.29,4104.00
76658,-7.33,26.93,131328.00
76690,12.28,34.47,4104.00
76721,-7.27,27.05,131328.00
76752,12.33,34.22,4104.00
76783,-7.38,26.68,131328.00
76814,12.14,33.88,4104.00
76846,-7.13,26.47,131328.00
76877,12.18,33.87,4104.00
76908,-7.34,26.66,131328.00
76939,12.30,33.37,4104.00
76970,-7.40,26.39,131328.00
77001,12.22,33.25,4104.00
77033,-7.46,26.10,131328.00
77064,12.23,33.54,4104.00
77095,-7.46,26.03,131328.00
77126,12.11,33.36,4104.00
77157,-7.47,25.60,131328.00
77189,12.84,32.13,4104.00
77220,-7.75,25.74,131328.00
77251,12.90,32.25,4104.00
77282,-7.46,26.07,131328.00
77313,13.08,32.54,4104.00
77345,-7.81,26.39,131328.00
77376,13.32,32.56,4104.00
77407,-7.66,26.66,131328.00
77438,13.26,32.92,4104.00
77469,-7.70,26.72,131328.00
77500,13.37,32.83,4104.00
77532,-7.77,26.92,131328.00
77563,13.26,32.85,4104.00
77594,-7.69,27.05,131328.00
77625,13.39,32.83,4104.00
77656,-7.57,27.09,131328.00
77688,13.48,32.89,4104.00
77719,-7.97,27.27,131328.00
77750,13.62,33.19,4104.00
77781,-8.00,27.59,131328.00
77812,13.75,33.27,4104.00
77844,-8.07,27.91,131328.00
77875,13.71,33.91,4104.00
77906,-7.97,28.30,131328.00
77937,13.89,33.82,4104.00
77968,-7.83,28.52,131328.00
78000,13.93,33.99,4104.00
78031,-8.12,28.31,131328.00
78062,13.86,33.61,4104.00
78093,-8.24,27.99,131328.00
78124,13.77,33.62,4104.00
78155,-8.19,27.92,131328.00
78187,13.86,33.58,4104.00
78218,-8.14,27.71,131328.00
78249,13.57,33.44,4104.00
78280,-8.04,27.58,131328.00
78311,13.51,33.50,4104.00
78343,-7.98,27.39,131328.00
78374,13.48,33.36,4104.00
78405,-8.18,27.05,131328.00
78436,13.47,33.25,4104.00
78467,-8.16,26.97,131328.00
78499,13.45,33.20,4104.00
78530,-8.04,26.87,131328.00
78561,13.52,32.90,4104.00
78592,-8.10,27.07,131328.00
78623,13.35,32.99,4104.00
78654,-8.11,26.72,131328.00
78686,13.45,33.05,4104.00
78717,-7.99,26.67,131328.00
78748,13.27,32.85,4104.00
78779,-8.06,26.70,131328.00
78810,13.41,32.65,4104.00
78842,-8.07,26.51,131328.00
78873,13.34,32.43,4104.00
78904,-8.00,26.26,131328.00
78935,13.16,32.63,4104.00
78966,-7.91,26.29,131328.00
78998,13.49,33.17,4104.00
79029,-7.71,26.47,131328.00
79060,13.38,32.89,4104.00
79091,-8.06,26.52,131328.00
79122,13.36,32.90,4104.00
79153,-8.00,26.40,131328.00
79185,13.27,33.03,4104.00
79216,-7.87,26.26,131328.00
79247,13.36,33.11,4104.00
79278,-7.78,26.15,131328.00
79309,13.28,33.05,4104.00
79341,-7.82,25.95,131328.00
79372,13.07,32.65,4104.00
79403,-7.57,25.60,131328.00
79434,13.01,32.60,4104.00
79465,-7.70,26.13,131328.00
79497,12.41,33.88,4104.00
79528,-7.44,26.04,131328.00
79559,12.17,33.87,4104.00
79590,-7.79,25.66,131328.00
79621,12.14,33.71,4104.00
79653,-7.83,25.49,131328.00
79684,12.12,33.96,4104.00
79715,-7.57,25.56,131328.00
79746,12.06,33.47,4104.00
79777,-5.62,20.36,131328.00
79840,-5.50,21.04,131328.00
79902,-5.37,20.97,131328.00
79964,-5.71,20.84,131328.00
80027,-7.36,26.00,131328.00
80058,11.89,34.17,4104.00
80089,-7.40,25.83,131328.00
80120,12.30,33.23,4104.00
80152,-7.64,25.60,131328.00
80183,11.69,34.14,4104.00
80214,-7.34,25.66,131328.00
80245,11.71,34.19,4104.00
80276,-7.43,25.65,131328.00
80307,11.87,34.38,4104.00
80339,-7.42,25.66,131328.00
80370,11.87,34.07,4104.00
80401,-7.43,25.86,131328.00
80432,11.91,34.04,4104.00
80463,-7.46,25.52,131328.00
80495,11.93,34.27,4104.00
80526,-7.61,25.51,131328.00
80557,11.83,34.34,4104.00
80588,-7.56,25.39,131328.00
80619,11.61,34.09,4104.00
80651,-7.48,25.25,131328.00
80682,11.88,33.95,4104.00
80713,-7.49,25.20,131328.00
80744,11.75,34.05,4104.00
80775,-7.44,24.88,131328.00
80807,11.65,33.68,4104.00
80838,-7.71,24.60,131328.00
80869,11.69,33.74,4104.00
80900,-7.72,24.37,131328.00
80931,11.77,33.39,4104.00
80962,-7.77,24.42,131328.00
80994,11.79,33.36,4104.00
81025,-7.56,24.38,131328.00
81056,11.66,33.38,4104.00
81087,-7.75,24.29,131328.00
81118,11.67,33.92,4104.00
81150,-7.72,24.19,131328.00
81181,11.52,33.85,4104.00
81212,-7.86,24.25,131328.00
81243,11.51,33.97,4104.00
81274,-7.81,24.07,131328.00
81306,11.55,33.71,4104.00
81337,-7.73,23.98,131328.00
81368,11.65,33.68,4104.00
81399,-7.59,23.94,131328.00
81430,11.52,33.98,4104.00
81461,-7.68,24.15,131328.00
81493,11.51,34.00,4104.00
81524,-7.57,24.14,131328.00
81555,11.43,34.03,4104.00
81586,-7.53,24.07,131328.00
81617,11.57,33.78,4104.00
81649,-7.69,23.91,131328.00
81680,11.67,34.01,4104.00
81711,-7.80,23.68,131328.00
81742,11.64,33.89,4104.00
81773,-7.73,23.74,131328.00
81805,11.61,33.54,4104.00
81836,-7.51,23.62,131328.00
81867,11.55,33.33,4104.00
81898,-7.74,23.42,131328.00
81929,11.43,33.45,4104.00
81961,-7.83,23.43,131328.00
81992,11.62,33.81,4104.00
82023,-7.91,23.37,131328.00
82054,11.61,33.42,4104.00
82085,-7.91,23.43,131328.00
82116,11.49,33.46,4104.00
82148,-7.86,23.41,131328.00
82179,11.40,33.51,4104.00
82210,-7.69,23.17,131328.00
82241,11.49,33.64,4104.00
82272,-7.93,23.08,131328.00
82304,11.52,33.35,4104.00
82335,-7.78,23.23,131328.00
82366,11.53,33.66,4104.00
82397,-7.80,23.19,131328.00
82428,11.55,33.58,4104.00
82460,-7.87,23.13,131328.00
82491,11.40,33.60,4104.00
82522,-7.63,23.25,131328.00
82553,11.43,33.59,4104.00
82584,-7.53,23.41,131328.00
82615,11.64,33.64,4104.00
82647,-7.84,23.32,131328.00
82678,11.61,33.83,4104.00
82709,-7.95,23.33,131328.00
82740,11.55,33.81,4104.00
82771,-7.80,23.47,131328.00
82803,11.62,33.58,4104.00
82834,-7.71,23.62,131328.00
82865,11.51,33.81,4104.00
82896,-7.60,23.80,131328.00
82927,11.63,33.58,4104.00
82959,-7.64,23.96,131328.00
82990,11.73,34.13,4104.00
83021,-7.63,24.13,131328.00
83052,11.64,34.11,4104.00
83083,-7.63,24.51,131328.00
83115,11.65,34.14,4104.00
83146,-7.47,24.66,131328.00
83177,11.77,34.14,4104.00
83208,-7.52,24.78,131328.00
83239,12.04,34.21,4104.00
83270,-7.36,25.41,131328.00
83302,11.87,34.54,4104.00
83333,-7.30,25.72,131328.00
83364,11.98,34.36,4104.00
83395,-7.42,25.74,131328.00
83426,12.02,34.67,4104.00
83458,-7.42,25.92,131328.00
83489,11.94,34.71,4104.00
83520,-7.48,26.25,131328.00
83551,12.27,34.74,4104.00
83582,-7.22,26.47,131328.00
83614,12.41,34.95,4104.00
83645,-7.30,26.99,131328.00
83676,12.27,35.26,4104.00
83707,-7.34,27.29,131328.00
83738,12.57,35.22,4104.00
83769,-7.37,27.74,131328.00
83801,12.69,35.56,4104.00
83832,-7.48,28.16,131328.00
83863,12.85,35.72,4104.00
83894,-7.40,28.52,131328.00
83925,12.87,36.17,4104.00
83957,-7.32,28.99,131328.00
83988,12.90,36.45,4104.00
84019,-7.43,29.24,131328.00
84050,12.98,36.57,4104.00
84081,-7.23,29.49,131328.00
84113,13.16,36.74,4104.00
84144,-6.85,29.77,131328.00
84175,12.99,36.79,4104.00
84206,-7.32,29.84,131328.00
84237,13.24,36.51,4104.00
84269,-7.55,29.67,131328.00
84300,13.27,36.46,4104.00
84331,-7.36,29.78,131328.00
84362,13.32,36.56,4104.00
84393,-7.36,29.82,131328.00
84424,13.00,36.91,4104.00
84456,-7.08,29.66,131328.00
84487,13.21,37.01,4104.00
84518,-7.28,29.59,131328.00
84549,13.12,36.78,4104.00
84580,-7.38,29.39,131328.00
84612,13.14,36.17,4104.00
84643,-7.39,28.82,131328.00
84674,13.05,35.97,4104.00
84705,-7.50,28.40,131328.00
84736,12.63,35.93,4104.00
84768,-7.55,27.91,131328.00
84799,12.63,35.64,4104.00
84830,-7.48,27.46,131328.00
84861,12.40,35.40,4104.00
84892,-7.59,27.20,131328.00
84923,12.41,35.13,4104.00
84955,-7.61,26.84,131328.00
84986,12.41,34.90,4104.00
85017,-7.70,26.44,131328.00
85048,12.34,34.98,4104.00
85079,-7.56,26.27,131328.00
85111,12.33,34.69,4104.00
85142,-7.69,25.86,131328.00
85173,12.32,34.64,4104.00
85204,-7.53,25.94,131328.00
85235,12.20,34.42,4104.00
85267,-7.58,25.78,131328.00
85298,12.05,34.38,4104.00
85329,-7.51,25.64,131328.00
85360,11.89,34.29,4104.00
85391,-7.63,25.27,131328.00
85423,12.02,33.91,4104.00
85454,-7.69,24.95,131328.00
85485,11.77,34.09,4104.00
85516,-7.81,24.90,131328.00
85547,11.75,33.98,4104.00
85578,-7.64,24.76,131328.00
85610,12.09,34.16,4104.00
85641,-7.68,24.67,131328.00
85672,11.95,33.82,4104.00
85703,-7.84,24.71,131328.00
85734,11.83,33.99,4104.00
85766,-7.72,24.28,131328.00
85797,11.91,34.19,4104.00
85828,-7.57,24.45,131328.00
85859,11.87,33.85,4104.00
85890,-7.59,24.19,131328.00
85922,11.94,33.81,4104.00
85953,-7.66,24.36,131328.00
85984,11.92,33.70,4104.00
86015,-7.83,23.98,131328.00
86046,11.67,33.80,4104.00
86077,-7.64,23.94,131328.00
86109,11.83,33.98,4104.00
86140,-7.85,23.87,131328.00
86171,11.64,33.77,4104.00
86202,-7.67,23.82,131328.00
86233,11.84,33.64,4104.00
86265,-7.74,23.96,131328.00
86296,11.78,33.58,4104.00
86327,-7.71,23.66,131328.00
86358,11.63,33.92,4104.00
86389,-7.57,23.74,131328.00
86421,11.61,33.87,4104.00
86452,-7.77,23.78,131328.00
86483,11.61,33.58,4104.00
86514,-7.84,23.86,131328.00
86545,11.73,33.56,4104.00
86576,-7.64,23.80,131328.00
86608,11.80,33.95,4104.00
86639,-7.97,23.80,131328.00
86701,-5.50,20.28,131328.00
86764,-5.51,20.27,131328.00
86826,-5.40,19.67,131328.00
86888,-7.77,23.12,131328.00
86920,11.65,33.07,4104.00
86951,-7.71,23.40,131328.00
86982,11.81,32.78,4104.00
87013,-7.99,23.29,131328.00
87044,11.71,33.05,4104.00
87076,-7.83,23.62,131328.00
87107,11.59,33.12,4104.00
87138,-7.63,23.57,131328.00
87169,11.75,32.96,4104.00
87200,-7.75,23.38,131328.00
87231,11.74,33.20,4104.00
87263,-7.92,23.11,131328.00
87294,11.67,32.97,4104.00
87325,-7.66,23.43,131328.00
87356,11.67,32.95,4104.00
87387,-8.09,23.37,131328.00
87419,11.62,33.22,4104.00
87450,-7.84,23.44,131328.00
87481,11.81,33.16,4104.00
87512,-7.56,23.44,131328.00
87543,11.89,33.15,4104.00
87575,-7.88,23.52,131328.00
87606,11.65,33.03,4104.00
87637,-7.89,23.36,131328.00
87668,11.87,32.66,4104.00
87699,-7.95,23.04,131328.00
87730,11.67,32.93,4104.00
87762,-7.73,23.00,131328.00
87793,11.77,32.82,4104.00
87824,-7.78,23.00,131328.00
87855,11.70,32.72,4104.00
87886,-7.91,23.25,131328.00
87918,11.69,33.03,4104.00
87949,-7.90,23.17,131328.00
87980,11.57,33.03,4104.00
88011,-7.93,23.39,131328.00
88042,11.81,32.73,4104.00
88074,-7.87,23.23,131328.00
88105,11.53,32.83,4104.00
88136,-7.87,23.29,131328.00
88167,11.56,33.00,4104.00
88198,-7.65,23.47,131328.00
88230,11.67,33.25,4104.00
88261,-7.71,23.47,131328.00
88292,11.49,33.13,4104.00
88323,-7.71,23.54,131328.00
88354,11.81,33.09,4104.00
88385,-7.59,23.58,131328.00
88417,11.62,33.25,4104.00
88448,-7.73,23.35,131328.00
88479,11.80,32.87,4104.00
88510,-7.47,23.31,131328.00
88541,11.59,33.01,4104.00
88573,-7.57,23.35,131328.00
88604,11.69,33.01,4104.00
88635,-7.65,23.26,131328.00
88666,11.59,33.09,4104.00
88697,-7.50,23.43,131328.00
88729,11.81,33.38,4104.00
88760,-7.77,23.29,131328.00
88791,11.62,33.10,4104.00
88822,-7.71,23.46,131328.00
88853,11.65,33.43,4104.00
88884,-7.69,23.43,131328.00
88916,11.83,33.45,4104.00
88947,-7.86,23.46,131328.00
88978,11.81,33.42,4104.00
89009,-7.75,23.55,131328.00
89040,11.71,33.29,4104.00
89072,-7.61,23.66,131328.00
89103,11.81,33.36,4104.00
89134,-7.74,23.95,131328.00
89165,12.03,33.33,4104.00
89196,-7.54,24.16,131328.00
89228,11.79,33.38,4104.00
89259,-7.40,24.41,131328.00
89290,11.85,33.25,4104.00
89321,-7.63,24.51,131328.00
89352,12.19,33.25,4104.00
89384,-7.71,24.64,131328.00
89415,12.22,33.22,4104.00
89446,-7.63,25.11,131328.00
89477,12.25,33.93,4104.00
89508,-7.49,25.39,131328.00
89539,12.37,33.74,4104.00
89571,-7.73,25.68,131328.00
89602,12.30,34.11,4104.00
89633,-7.55,25.92,131328.00
89664,12.57,34.03,4104.00
89695,-7.48,26.43,131328.00
89727,12.48,34.23,4104.00
89758,-7.82,26.53,131328.00
89789,12.51,34.61,4104.00
89820,-7.65,26.80,131328.00
89851,12.80,34.34,4104.00
89883,-7.71,26.98,131328.00
89914,12.96,34.81,4104.00
89945,-7.46,27.33,131328.00
89976,12.92,34.67,4104.00
90007,-7.74,27.62,131328.00
90038,12.92,34.70,4104.00
90070,-7.44,27.85,131328.00
90101,13.04,34.66,4104.00
90132,-7.69,27.99,131328.00
90163,12.98,34.82,4104.00
90194,-7.69,28.19,131328.00
90226,12.97,35.17,4104.00
90257,-7.54,28.62,131328.00
90288,13.19,35.25,4104.00
90319,-7.57,28.88,131328.00
90350,13.24,35.70,4104.00
90382,-7.88,29.02,131328.00
90413,13.49,35.82,4104.00
90444,-7.93,29.24,131328.00
90475,13.53,35.70,4104.00
90506,-7.98,29.53,131328.00
90538,13.41,36.24,4104.00
90569,-7.72,29.74,131328.00
90600,13.51,36.33,4104.00
90631,-7.79,29.82,131328.00
90662,13.54,36.11,4104.00
90693,-7.80,29.75,131328.00
90725,13.71,36.69,4104.00
90756,-7.49,30.02,131328.00
90787,13.51,36.62,4104.00
90818,-7.72,30.23,131328.00
90849,13.89,36.81,4104.00
90881,-7.65,30.32,131328.00
90912,13.67,36.75,4104.00
90943,-7.57,30.14,131328.00
90974,13.63,36.55,4104.00
91005,-7.30,30.10,131328.00
91037,13.52,36.41,4104.00
91068,-7.52,29.98,131328.00
91099,13.59,36.50,4104.00
91130,-7.82,30.06,131328.00
91161,13.76,36.15,4104.00
91192,-7.62,29.57,131328.00
91224,13.57,36.23,4104.00
91255,-7.66,29.72,131328.00
91286,13.41,36.12,4104.00
91317,-7.34,29.62,131328.00
91348,13.61,35.95,4104.00
91380,-7.27,29.70,131328.00
91411,13.43,35.85,4104.00
91442,-7.27,29.39,131328.00
91473,13.34,35.89,4104.00
91504,-7.52,29.03,131328.00
91536,13.35,35.42,4104.00
91567,-7.57,28.84,131328.00
91598,13.16,35.64,4104.00
91629,-7.36,28.65,131328.00
91660,13.26,35.05,4104.00
91692,-7.45,28.42,131328.00
91723,13.06,35.05,4104.00
91754,-7.28,28.16,131328.00
91785,13.00,34.91,4104.00
91816,-7.41,27.62,131328.00
91847,12.65,34.50,4104.00
91879,-7.67,27.17,131328.00
91910,12.61,34.21,4104.00
91941,-7.63,26.86,131328.00
91972,12.49,33.73,4104.00
92003,-7.36,26.19,131328.00
92035,12.34,33.60,4104.00
92066,-7.56,25.97,131328.00
92097,12.44,33.07,4104.00
92128,-7.30,25.65,131328.00
92159,12.26,33.63,4104.00
92191,-7.36,25.65,131328.00
92222,12.37,33.29,4104.00
92253,-7.28,25.48,131328.00
92284,12.26,33.44,4104.00
92315,-7.40,25.39,131328.00
92346,12.28,33.05,4104.00
92378,-7.27,25.19,131328.00
92409,12.03,33.12,4104.00
92440,-7.41,24.97,131328.00
92471,11.89,33.11,4104.00
92502,-7.21,24.75,131328.00
92534,11.95,33.15,4104.00
92565,-7.20,24.88,131328.00
92596,11.81,33.19,4104.00
92627,-7.27,24.49,131328.00
92658,11.78,33.17,4104.00
92690,-7.22,24.39,131328.00
92721,11.61,33.14,4104.00
92752,-7.31,24.22,131328.00
92783,11.85,33.02,4104.00
92814,-7.28,24.06,131328.00
92846,11.83,33.19,4104.00
92877,-7.44,23.95,131328.00
92908,11.55,32.99,4104.00
92939,-7.55,23.80,131328.00
92970,11.91,33.18,4104.00
93001,-7.34,23.82,131328.00
93033,11.63,32.91,4104.00
93064,-7.30,23.64,131328.00
93095,11.79,32.90,4104.00
93126,-7.46,23.53,131328.00
93157,11.65,32.72,4104.00
93189,-7.31,23.61,131328.00
93220,11.63,32.65,4104.00
93251,-7.28,23.63,131328.00
93282,11.77,32.62,4104.00
93313,-7.13,23.37,131328.00
93345,11.66,32.85,4104.00
93376,-7.65,23.29,131328.00
93407,11.81,32.50,4104.00
93438,-7.42,23.21,131328.00
93469,11.62,32.85,4104.00
93500,-7.36,23.15,131328.00
93532,11.78,32.46,4104.00
93563,-7.33,23.17,131328.00
93594,11.61,32.43,4104.00
93625,-7.24,22.86,131328.00
93656,11.69,32.17,4104.00
93688,-7.20,22.74,131328.00
93719,11.61,31.95,4104.00
93750,-7.47,22.31,131328.00
93781,11.39,31.44,4104.00
93812,-7.24,22.68,131328.00
93844,11.38,31.82,4104.00
93875,-7.44,22.78,131328.00
93906,11.29,31.97,4104.00
93937,-7.42,22.66,131328.00
93968,11.36,31.95,4104.00
94000,-7.55,22.60,131328.00
94031,11.19,31.72,4104.00
94062,-7.33,22.53,131328.00
94093,11.54,31.93,4104.00
94124,-7.31,22.96,131328.00
94155,11.54,32.14,4104.00
94187,-7.45,22.74,131328.00
94218,11.42,32.50,4104.00
94249,-7.50,23.02,131328.00
94280,11.56,32.96,4104.00
94311,-7.66,22.87,131328.00
94343,11.63,32.65,4104.00
94374,-7.44,23.03,131328.00
94405,11.49,32.83,4104.00
94436,-7.40,23.28,131328.00
94467,11.68,32.87,4104.00
94499,-7.52,23.13,131328.00
94530,11.57,32.85,4104.00
94561,-7.32,23.10,131328.00
94592,11.60,32.89,4104.00
94623,-7.32,23.23,131328.00
94654,11.46,32.95,4104.00
94686,-7.53,23.03,131328.00
94717,11.52,33.01,4104.00
94748,-7.40,23.04,131328.00
94779,11.87,32.87,4104.00
94810,-7.55,22.89,131328.00
94842,11.65,32.74,4104.00
94873,-7.72,23.02,131328.00
94904,11.60,32.80,4104.00
94935,-7.61,22.90,131328.00
94966,11.67,32.56,4104.00
94998,-7.52,23.03,131328.00
95029,11.72,33.12,4104.00
95060,-7.36,23.38,131328.00
95091,11.72,32.82,4104.00
95122,-7.55,23.21,131328.00
95153,11.85,32.75,4104.00
95185,-7.54,23.31,131328.00
95216,11.61,32.88,4104.00
95247,-7.50,23.32,131328.00
95278,11.64,32.76,4104.00
95309,-7.46,23.07,131328.00
95341,11.61,32.82,4104.00
95372,-7.52,23.12,131328.00
95403,11.69,32.49,4104.00
95434,-7.45,22.96,131328.00
95465,11.51,32.82,4104.00
95497,-7.52,22.87,131328.00
95528,11.42,32.48,4104.00
95559,-7.85,22.64,131328.00
95590,11.57,32.44,4104.00
95621,-7.69,22.82,131328.00
95653,11.75,32.80,4104.00
95684,-7.75,22.76,131328.00
95715,11.62,32.67,4104.00
95746,-7.45,22.82,131328.00
95777,11.59,32.71,4104.00
95808,-7.71,22.69,131328.00
95840,11.66,32.30,4104.00
95871,-7.91,22.56,131328.00
95902,11.57,32.16,4104.00
95933,-7.73,22.52,131328.00
95964,11.44,32.61,4104.00
95996,-7.80,22.71,131328.00
96027,11.65,32.82,4104.00
96058,-7.82,22.71,131328.00
96089,11.59,32.46,4104.00
96120,-7.76,22.62,131328.00
96152,11.62,32.52,4104.00
96183,-7.87,22.74,131328.00
96214,11.47,32.75,4104.00
96245,-7.97,22.70,131328.00
96276,11.75,32.44,4104.00
96307,-8.04,22.80,131328.00
96339,11.73,32.40,4104.00
96370,-7.85,22.85,131328.00
96401,11.57,32.56,4104.00
96432,-7.52,22.79,131328.00
96463,11.69,32.54,4104.00
96495,-7.71,22.75,131328.00
96526,11.78,32.36,4104.00
96557,-7.62,22.89,131328.00
96588,11.61,32.55,4104.00
96619,-7.89,22.82,131328.00
96651,11.56,32.73,4104.00
96682,-7.63,22.72,131328.00
96713,11.49,32.55,4104.00
96744,-7.64,22.68,131328.00
96775,11.51,32.50,4104.00
96807,-7.30,22.71,131328.00
96838,11.54,32.56,4104.00
96869,-7.60,22.76,131328.00
96900,11.53,32.56,4104.00
96931,-7.55,22.88,131328.00
96962,11.71,32.38,4104.00
96994,-7.52,22.76,131328.00
97025,11.57,32.39,4104.00
97056,-7.42,22.98,131328.00
97087,11.52,32.30,4104.00
97118,-7.71,22.85,131328.00
97150,11.56,32.25,4104.00
97181,-7.52,22.61,131328.00
97212,11.49,32.29,4104.00
97243,-7.44,22.75,131328.00
97274,11.47,32.16,4104.00
97306,-7.52,22.43,131328.00
97337,11.53,31.75,4104.00
97368,-7.65,22.32,131328.00
97399,11.47,31.93,4104.00
97430,-7.55,22.25,131328.00
97461,11.42,31.61,4104.00
97493,-7.66,22.12,131328.00
97524,11.34,31.85,4104.00
97555,-7.57,22.18,131328.00
97586,11.28,31.56,4104.00
97617,-7.85,22.04,131328.00
97649,11.38,31.74,4104.00
97680,-7.75,22.03,131328.00
97711,11.31,31.78,4104.00
97742,-7.80,22.06,131328.00
97773,11.53,31.67,4104.00
97805,-7.49,22.48,131328.00
97836,11.48,31.76,4104.00
97867,-7.75,22.35,131328.00
97898,11.50,31.97,4104.00
97929,-7.79,22.63,131328.00
97961,11.57,32.36,4104.00
97992,-7.98,22.66,131328.00
98023,11.73,32.01,4104.00
98054,-7.79,22.62,131328.00
98085,11.59,32.44,4104.00
98116,-8.02,22.80,131328.00
98148,11.73,32.62,4104.00
98179,-7.69,22.98,131328.00
98210,11.79,32.56,4104.00
98241,-7.56,23.06,131328.00
98272,11.55,32.68,4104.00
98304,-7.75,23.13,131328.00
98335,11.73,32.55,4104.00
98366,-7.57,23.20,131328.00
98397,11.79,32.45,4104.00
98428,-7.32,23.45,131328.00
98460,11.79,32.52,4104.00
98491,-7.47,23.56,131328.00
98522,11.71,32.41,4104.00
98553,-7.62,23.56,131328.00
98584,11.85,32.50,4104.00
98615,-7.77,23.90,131328.00
98647,11.89,32.68,4104.00
98678,-7.55,24.44,131328.00
98709,11.94,32.88,4104.00
98740,-7.67,24.44,131328.00
98771,12.00,33.30,4104.00
98803,-7.71,24.91,131328.00
98834,12.16,33.57,4104.00
98865,-7.67,25.33,131328.00
98896,12.17,33.35,4104.00
98927,-7.50,25.58,131328.00
98959,12.24,33.46,4104.00
98990,-7.54,25.70,131328.00
99021,12.40,33.76,4104.00
99052,-7.48,26.23,131328.00
99083,12.51,34.19,4104.00
99115,-7.52,26.55,131328.00
99146,12.60,34.35,4104.00
99177,-7.60,26.54,131328.00
99208,12.69,34.32,4104.00
99239,-7.47,26.90,131328.00
99270,12.76,34.53,4104.00
99302,-7.73,27.15,131328.00
99333,12.84,34.55,4104.00
99364,-7.68,27.33,131328.00
99395,12.90,34.36,4104.00
99426,-7.35,27.60,131328.00
99458,12.83,34.97,4104.00
99489,-7.44,28.03,131328.00
99520,13.17,34.91,4104.00
99551,-7.33,28.37,131328.00
99582,13.07,34.93,4104.00
99614,-7.28,28.50,131328.00
99645,13.16,35.25,4104.00
99676,-7.06,28.64,131328.00
99707,13.10,35.34,4104.00
99738,-7.05,29.15,131328.00
99769,13.25,35.49,4104.00
99801,-7.27,29.27,131328.00
99832,13.48,35.73,4104.00
99863,-7.26,29.66,131328.00
99894,13.50,36.11,4104.00
99925,-7.48,29.51,131328.00
99957,13.47,35.86,4104.00
99988,-7.39,29.92,131328.00
100019,13.49,36.23,4104.00
100050,-7.34,29.74,131328.00
100081,13.56,35.67,4104.00
100113,-7.50,29.60,131328.00
100144,13.38,35.85,4104.00
100175,-7.01,29.48,131328.00
100206,13.55,35.93,4104.00
100237,-7.19,29.26,131328.00
100269,13.25,35.60,4104.00
100300,-7.32,29.05,131328.00
100331,13.24,35.39,4104.00
100362,-7.47,29.09,131328.00
100393,13.30,35.44,4104.00
100424,-7.22,28.99,131328.00
100456,13.26,35.66,4104.00
100487,-7.02,28.90,131328.00
100518,13.32,35.72,4104.00
100549,-6.93,28.85,131328.00
100580,13.28,35.28,4104.00
100612,-7.10,28.52,131328.00
100643,13.13,35.38,4104.00
100674,-7.09,28.48,131328.00
100705,12.92,34.89,4104.00
100736,-7.30,28.09,131328.00
100768,12.87,34.91,4104.00
100799,-7.27,27.60,131328.00
100830,12.68,34.76,4104.00
100861,-7.43,27.30,131328.00
100892,12.67,34.48,4104.00
100923,-7.49,27.10,131328.00
100955,12.70,34.55,4104.00
100986,-7.34,26.85,131328.00
101017,12.67,34.50,4104.00
101048,-7.30,26.68,131328.00
101079,12.51,34.15,4104.00
101111,-7.22,26.82,131328.00
101142,12.45,34.07,4104.00
101173,-7.24,26.40,131328.00
101204,12.62,34.13,4104.00
101235,-7.11,26.28,131328.00
101267,12.60,33.81,4104.00
101298,-7.22,26.23,131328.00
101329,12.30,33.92,4104.00
101360,-7.29,26.08,131328.00
101391,12.33,33.91,4104.00
101423,-7.35,25.79,131328.00
101454,12.38,33.78,4104.00
101485,-7.67,25.35,131328.00
101516,12.21,33.50,4104.00
101547,-7.55,25.07,131328.00
101578,12.14,33.21,4104.00
101610,-7.49,24.84,131328.00
101641,11.98,33.33,4104.00
101672,-7.32,24.74,131328.00
101703,11.87,33.15,4104.00
101734,-7.16,24.66,131328.00
101766,11.89,33.46,4104.00
101797,-7.06,24.54,131328.00
101828,12.10,33.09,4104.00
101859,-7.29,24.66,131328.00
101890,11.89,33.02,4104.00
101922,-7.60,24.15,131328.00
101953,11.81,33.05,4104.00
101984,-7.27,24.11,131328.00
102015,11.96,33.27,4104.00
102046,-7.33,23.99,131328.00
102077,12.02,33.38,4104.00
102109,-7.31,24.11,131328.00
102140,11.82,32.88,4104.00
102171,-7.44,23.76,131328.00
102202,11.45,32.78,4104.00
102233,-7.67,23.39,131328.00
102265,11.70,32.76,4104.00
102296,-7.45,23.29,131328.00
102327,11.74,32.52,4104.00
102358,-7.39,23.25,131328.00
102389,11.65,32.78,4104.00
102421,-7.41,23.01,131328.00
102452,11.46,32.70,4104.00
102483,-7.42,23.27,131328.00
102514,11.61,32.95,4104.00
102545,-7.49,23.08,131328.00
102576,11.67,32.78,4104.00
102608,-7.59,22.97,131328.00
102639,11.58,32.53,4104.00
102670,-7.30,22.96,131328.00
102701,11.77,32.66,4104.00
102732,-7.47,23.05,131328.00
102764,11.71,32.81,4104.00
102795,-7.20,23.01,131328.00
102826,11.57,32.39,4104.00
102857,-7.46,23.02,131328.00
102888,11.69,32.33,4104.00
102920,-7.63,22.85,131328.00
102951,11.61,32.29,4104.00
102982,-7.46,22.78,131328.00
103013,11.52,32.46,4104.00
103044,-7.40,22.68,131328.00
103076,11.55,32.52,4104.00
103107,-7.40,22.72,131328.00
103138,11.53,32.05,4104.00
103169,-7.36,22.42,131328.00
103200,11.42,32.11,4104.00
103231,-7.63,22.25,131328.00
103263,11.44,32.09,4104.00
103294,-7.68,22.38,131328.00
103325,11.47,31.70,4104.00
103356,-7.22,22.26,131328.00
103387,11.47,31.86,4104.00
103419,-7.43,22.31,131328.00
103450,11.45,31.90,4104.00
103481,-7.36,22.19,131328.00
103512,11.46,31.72,4104.00
103543,-7.19,22.36,131328.00
103575,11.36,32.05,4104.00
103606,-7.52,22.00,131328.00
103637,11.45,32.06,4104.00
103668,-7.52,21.98,131328.00
103699,11.18,31.75,4104.00
103730,-7.67,22.05,131328.00
103762,11.34,31.69,4104.00
103793,-7.60,22.13,131328.00
103824,11.34,31.94,4104.00
103855,-7.42,22.21,131328.00
103886,11.47,31.96,4104.00
103918,-7.14,22.43,131328.00
103949,11.56,31.96,4104.00
103980,-7.35,22.51,131328.00
104011,11.66,32.18,4104.00
104042,-7.31,22.66,131328.00
104074,11.59,32.56,4104.00
104105,-7.38,22.70,131328.00
104136,11.49,32.07,4104.00
104167,-7.54,22.76,131328.00
104198,11.69,32.13,4104.00
104230,-7.37,22.76,131328.00
104261,11.60,32.48,4104.00
104292,-7.51,22.91,131328.00
104323,11.60,32.53,4104.00
104354,-7.62,22.71,131328.00
104385,11.62,32.72,4104.00
104417,-7.77,22.69,131328.00
104448,11.68,32.31,4104.00
104479,-7.69,22.75,131328.00
104510,11.42,32.51,4104.00
104541,-7.52,22.64,131328.00
104573,11.57,32.36,4104.00
104604,-7.58,22.50,131328.00
104635,11.45,32.36,4104.00
104666,-7.79,22.48,131328.00
104697,11.59,32.37,4104.00
104729,-7.60,22.35,131328.00
104760,11.49,32.46,4104.00
104791,-7.77,22.44,131328.00
104822,11.32,32.45,4104.00
104853,-7.75,22.45,131328.00
104884,11.46,32.49,4104.00
104916,-7.40,22.59,131328.00
104947,11.67,32.64,4104.00
104978,-7.57,22.68,131328.00
105009,11.49,32.52,4104.00
105040,-7.59,22.57,131328.00
105072,11.40,32.35,4104.00
105103,-7.22,22.76,131328.00
105134,11.56,32.31,4104.00
105165,-7.44,22.78,131328.00
105196,11.63,32.52,4104.00
105228,-7.47,22.63,131328.00
105259,11.42,32.28,4104.00
105290,-7.60,22.70,131328.00
105321,11.59,32.12,4104.00
105352,-7.76,22.85,131328.00
105384,11.53,32.46,4104.00
105415,-7.75,22.90,131328.00
105446,11.69,32.36,4104.00
105477,-7.50,23.32,131328.00
105508,11.63,32.75,4104.00
105539,-7.40,23.47,131328.00
105571,11.61,32.76,4104.00
105602,-7.42,23.82,131328.00
105633,11.91,32.62,4104.00
105664,-7.27,24.08,131328.00
105695,12.02,33.15,4104.00
105727,-7.24,24.29,131328.00
105758,12.06,32.83,4104.00
105789,-7.50,24.42,131328.00
105820,12.03,33.23,4104.00
105851,-7.54,24.80,131328.00
105883,12.24,33.25,4104.00
105914,-7.31,25.27,131328.00
105945,12.10,33.55,4104.00
105976,-7.36,25.49,131328.00
106007,12.23,33.88,4104.00
106038,-7.52,25.91,131328.00
106070,12.29,34.07,4104.00
106101,-7.47,26.41,131328.00
106132,12.65,34.07,4104.00
106163,-7.26,26.71,131328.00
106194,12.71,34.08,4104.00
106226,-7.14,26.93,131328.00
106257,12.59,34.34,4104.00
106288,-7.26,27.17,131328.00
106319,12.92,34.38,4104.00
106350,-7.05,27.71,131328.00
106382,12.83,34.62,4104.00
106413,-7.13,27.80,131328.00
106444,12.81,34.95,4104.00
106475,-7.51,28.22,131328.00
106506,13.06,35.12,4104.00
106538,-7.12,28.66,131328.00
106569,13.04,35.00,4104.00
106600,-7.08,28.92,131328.00
106631,13.15,35.50,4104.00
106662,-6.80,29.42,131328.00
106693,13.45,35.60,4104.00
106725,-7.30,29.64,131328.00
106756,13.48,35.89,4104.00
106787,-7.42,29.93,131328.00
106818,13.70,35.68,4104.00
106849,-7.36,29.81,131328.00
106881,13.57,36.05,4104.00
106912,-7.34,29.99,131328.00
106943,13.61,36.15,4104.00
106974,-7.20,30.35,131328.00
107005,13.85,36.12,4104.00
107037,-7.46,30.61,131328.00
107068,13.67,36.57,4104.00
107099,-7.52,30.25,131328.00
107130,13.78,36.46,4104.00
107161,-7.66,30.28,131328.00
107192,13.67,36.54,4104.00
107224,-7.26,30.05,131328.00
107255,13.77,35.98,4104.00
107286,-7.38,30.29,131328.00
107317,13.73,35.91,4104.00
107348,-7.42,29.83,131328.00
107380,13.67,36.09,4104.00
107411,-7.13,29.55,131328.00
107442,13.55,35.61,4104.00
107473,-7.11,29.64,131328.00
107504,13.37,35.58,4104.00
107536,-7.43,29.19,131328.00
107567,13.30,35.05,4104.00
107598,-7.83,28.58,131328.00
107629,13.10,34.66,4104.00
107660,-7.67,28.39,131328.00
107692,13.08,34.49,4104.00
107723,-7.81,27.73,131328.00
107754,12.98,34.32,4104.00
107785,-8.10,27.78,131328.00
107816,12.80,34.17,4104.00
107847,-7.88,27.15,131328.00
107879,12.73,33.96,4104.00
107910,-7.73,27.19,131328.00
107941,12.66,33.90,4104.00
107972,-7.87,26.66,131328.00
108003,12.47,33.26,4104.00
108035,-8.04,26.05,131328.00
108066,12.32,33.28,4104.00
108097,-7.45,25.83,131328.00
108128,12.30,33.25,4104.00
108159,-7.60,25.54,131328.00
108191,12.24,33.21,4104.00
108222,-7.75,25.31,131328.00
108253,12.17,33.13,4104.00
108284,-7.42,25.49,131328.00
108315,12.24,33.46,4104.00
108346,-7.42,25.63,131328.00
108378,12.30,33.50,4104.00
108409,-7.07,25.70,131328.00
108440,12.33,33.40,4104.00
108471,-7.36,25.52,131328.00
108502,12.34,33.56,4104.00
108534,-7.27,25.24,131328.00
108565,12.29,33.54,4104.00
108596,-7.38,25.09,131328.00
108627,12.17,33.25,4104.00
108658,-7.43,25.11,131328.00
108690,12.09,33.09,4104.00
108721,-7.55,24.69,131328.00
108752,12.16,32.99,4104.00
108783,-7.60,24.47,131328.00
108814,11.95,33.03,4104.00
108846,-7.56,24.74,131328.00
108877,12.18,32.85,4104.00
108908,-7.34,24.27,131328.00
108939,12.04,33.01,4104.00
108970,-7.42,24.30,131328.00
109001,11.94,32.93,4104.00
109033,-7.16,23.98,131328.00
109064,12.01,32.64,4104.00
109095,-7.54,23.98,131328.00
109126,11.79,32.83,4104.00
109157,-7.41,23.84,131328.00
109189,11.73,32.82,4104.00
109220,-7.50,23.57,131328.00
109251,11.99,32.70,4104.00
109282,-7.14,23.50,131328.00
109313,11.95,32.44,4104.00
109345,-7.64,23.55,131328.00
109376,11.77,32.69,4104.00
109407,-7.30,23.08,131328.00
109438,11.61,32.55,4104.00
109469,-7.60,23.27,131328.00
109500,11.69,32.53,4104.00
109532,-7.38,22.95,131328.00
109563,11.63,32.50,4104.00
109594,-7.13,23.05,131328.00
109625,11.74,32.45,4104.00
109656,-7.69,22.94,131328.00
109688,11.83,32.47,4104.00
109719,-7.08,22.94,131328.00
109750,11.75,32.45,4104.00
109781,-7.33,22.88,131328.00
109812,11.65,32.53,4104.00
109844,-7.60,22.88,131328.00
109875,11.79,32.50,4104.00
109906,-7.49,23.12,131328.00
109937,11.59,32.74,4104.00
109968,-7.52,22.74,131328.00
110000,11.66,32.37,4104.00
110031,-7.37,22.81,131328.00
110062,11.65,32.70,4104.00
110093,-7.59,22.79,131328.00
110124,11.70,32.60,4104.00
110155,-7.47,22.73,131328.00
110187,11.49,32.26,4104.00
110218,-7.53,22.39,131328.00
110249,11.43,32.14,4104.00
110280,-7.65,22.57,131328.00
110311,11.66,32.19,4104.00
110343,-7.82,22.45,131328.00
110374,11.78,32.86,4104.00
110405,-7.74,22.84,131328.00
110436,11.80,32.50,4104.00
110467,-7.63,22.76,131328.00
110499,11.77,32.63,4104.00
110530,-7.53,22.73,131328.00
110561,11.65,32.80,4104.00
110592,-7.76,22.63,131328.00
110623,11.63,32.87,4104.00
110654,-7.59,22.70,131328.00
110686,11.74,32.51,4104.00
110717,-7.70,22.64,131328.00
110748,11.81,32.40,4104.00
110779,-7.45,22.60,131328.00
110810,11.67,32.39,4104.00
110842,-7.65,22.92,131328.00
110873,11.74,32.36,4104.00
110904,-7.50,22.50,131328.00
110935,11.65,32.60,4104.00
110966,-7.42,22.59,131328.00
110998,11.45,32.62,4104.00
111029,-7.30,22.66,131328.00
111060,11.65,32.65,4104.00
111091,-7.86,22.57,131328.00
111122,11.53,32.54,4104.00
111153,-7.64,22.56,131328.00
111185,11.59,32.75,4104.00
111216,-7.80,22.48,131328.00
111247,11.67,32.80,4104.00
111278,-7.83,22.54,131328.00
111309,11.53,32.50,4104.00
111341,-7.52,22.70,131328.00
111372,11.71,32.76,4104.00
111403,-7.49,22.64,131328.00
111434,11.81,32.60,4104.00
111465,-7.34,22.80,131328.00
111497,11.69,32.40,4104.00
111528,-7.60,22.33,131328.00
111559,11.46,32.42,4104.00
111590,-7.45,22.46,131328.00
111621,11.40,32.38,4104.00
111653,-7.32,22.48,131328.00
111684,11.36,32.25,4104.00
111715,-7.56,22.27,131328.00
111746,11.47,32.15,4104.00
111777,-7.42,22.31,131328.00
111808,11.59,32.06,4104.00
111840,-7.85,22.31,131328.00
111871,11.57,32.26,4104.00
111902,-7.92,22.23,131328.00
111933,11.64,32.15,4104.00
111964,-7.91,22.24,131328.00
111996,11.59,32.19,4104.00
112027,-7.81,22.62,131328.00
112058,11.49,32.20,4104.00
112089,-7.82,22.53,131328.00
112120,11.71,32.15,4104.00
112152,-7.62,22.41,131328.00
112183,11.55,32.32,4104.00
112214,-7.76,22.53,131328.00
112245,11.41,32.31,4104.00
112276,-7.75,22.66,131328.00
112307,11.68,32.30,4104.00
112339,-7.67,22.94,131328.00
112370,11.49,32.33,4104.00
112401,-8.05,22.20,131328.00
112432,11.59,32.46,4104.00
112463,-8.17,22.75,131328.00
112495,11.77,32.37,4104.00
112526,-7.97,22.76,131328.00
112557,11.74,32.17,4104.00
112588,-7.80,23.19,131328.00
112619,11.70,32.53,4104.00
112651,-7.57,23.36,131328.00
112682,11.96,32.53,4104.00
112713,-7.31,23.47,131328.00
112744,11.77,32.85,4104.00
112775,-7.89,23.62,131328.00
112807,12.02,32.46,4104.00
112838,-7.88,23.76,131328.00
112869,11.92,32.83,4104.00
112900,-8.12,23.98,131328.00
112931,12.03,33.03,4104.00
112962,-7.95,24.32,131328.00
112994,12.16,32.83,4104.00
113025,-7.86,24.40,131328.00
113056,12.09,33.29,4104.00
113087,-7.65,24.61,131328.00
113118,12.34,33.13,4104.00
113150,-7.52,25.05,131328.00
113181,12.31,33.40,4104.00
113212,-7.55,25.42,131328.00
113243,12.49,33.80,4104.00
113274,-7.63,25.76,131328.00
113306,12.56,33.74,4104.00
113337,-7.36,26.06,131328.00
113368,12.77,33.64,4104.00
113399,-7.63,26.30,131328.00
113430,12.73,33.77,4104.00
113461,-7.59,26.45,131328.00
113493,12.77,34.17,4104.00
113524,-7.47,26.92,131328.00
113555,12.97,34.14,4104.00
113586,-7.52,27.45,131328.00
113617,12.96,34.39,4104.00
113649,-7.54,27.37,131328.00
113680,13.12,34.75,4104.00
113711,-7.49,27.91,131328.00
113742,13.15,34.90,4104.00
113773,-7.34,28.01,131328.00
113805,13.32,34.82,4104.00
113836,-7.46,28.54,131328.00
113867,13.37,35.05,4104.00
113898,-7.47,28.63,131328.00
113929,13.36,35.28,4104.00
113961,-7.25,28.43,131328.00
113992,13.38,34.96,4104.00
114023,-7.37,28.42,131328.00
114054,13.33,35.45,4104.00
114085,-8.04,28.69,131328.00
114116,13.64,35.70,4104.00
114148,-7.83,29.25,131328.00
114179,13.47,35.90,4104.00
114210,-7.50,29.71,131328.00
114241,13.65,35.79,4104.00
114272,-7.51,30.01,131328.00
114304,13.89,35.71,4104.00
114335,-7.55,29.86,131328.00
114366,13.81,35.98,4104.00
114397,-7.46,30.03,131328.00
114428,13.94,35.93,4104.00
114460,-7.54,29.88,131328.00
114491,13.65,36.00,4104.00
114522,-7.43,30.12,131328.00
114553,13.86,36.24,4104.00
114584,-7.69,29.94,131328.00
114615,13.59,36.03,4104.00
114647,-7.41,29.78,131328.00
114678,13.51,36.06,4104.00
114709,-7.48,29.58,131328.00
114740,13.73,35.99,4104.00
114771,-7.50,29.49,131328.00
114803,13.51,35.73,4104.00
114834,-7.49,29.60,131328.00
114865,13.55,35.87,4104.00
114896,-7.97,29.65,131328.00
114927,13.73,35.89,4104.00
114959,-7.66,29.28,131328.00
114990,13.61,35.55,4104.00
115021,-7.73,29.44,131328.00
115052,13.48,35.70,4104.00
115083,-7.42,29.25,131328.00
115115,13.53,35.40,4104.00
115146,-7.34,28.86,131328.00
115177,13.51,35.11,4104.00
115208,-8.14,28.54,131328.00
115239,13.32,35.03,4104.00
115270,-7.70,28.26,131328.00
115302,13.20,35.01,4104.00
115333,-7.63,28.23,131328.00
115364,13.28,34.64,4104.00
115395,-7.63,27.84,131328.00
115426,13.22,34.53,4104.00
115458,-7.55,27.65,131328.00
115489,13.16,34.81,4104.00
115520,-7.57,27.51,131328.00
115551,13.09,34.34,4104.00
115582,-7.50,27.15,131328.00
115614,13.08,34.42,4104.00
115645,-7.95,26.92,131328.00
115676,13.01,33.91,4104.00
115707,-7.62,26.84,131328.00
115738,12.77,33.99,4104.00
115769,-8.10,26.49,131328.00
115801,12.65,33.74,4104.00
115832,-7.47,26.28,131328.00
115863,12.67,33.74,4104.00
115894,-7.93,26.02,131328.00
115925,12.59,33.69,4104.00
115957,-7.56,25.56,131328.00
115988,12.24,33.29,4104.00
116019,-7.55,25.14,131328.00
116050,12.30,33.24,4104.00
116081,-7.45,25.39,131328.00
116113,12.34,33.15,4104.00
116144,-7.40,24.83,131328.00
116175,12.02,32.84,4104.00
116206,-7.60,24.74,131328.00
116237,12.05,32.79,4104.00
116269,-7.53,24.58,131328.00
116300,12.23,32.77,4104.00
116331,-7.50,24.63,131328.00
116362,12.19,33.01,4104.00
116393,-7.32,24.81,131328.00
116424,12.07,33.00,4104.00
116456,-7.26,24.56,131328.00
116487,12.05,32.85,4104.00
116518,-7.51,24.29,131328.00
116549,11.94,33.03,4104.00
116580,-7.16,24.51,131328.00
116612,12.00,33.21,4104.00
116643,-7.43,24.16,131328.00
116674,11.82,32.87,4104.00
116705,-7.07,23.88,131328.00
116736,11.71,32.89,4104.00
116768,-7.14,23.79,131328.00
116799,11.77,32.91,4104.00
116830,-7.31,23.66,131328.00
116861,11.88,32.73,4104.00
116892,-7.33,23.55,131328.00
116923,11.91,32.50,4104.00
116955,-7.46,23.54,131328.00
116986,11.80,32.69,4104.00
117017,-7.34,23.71,131328.00
117048,12.02,32.59,4104.00
117079,-7.43,23.71,131328.00
117111,11.71,32.77,4104.00
117142,-7.35,23.72,131328.00
117173,11.85,32.85,4104.00
117204,-7.54,23.41,131328.00
117235,12.05,32.44,4104.00
117267,-7.42,23.32,131328.00
117298,11.77,32.60,4104.00
117329,-7.88,22.97,131328.00
117360,11.75,32.66,4104.00
117391,-7.71,23.00,131328.00
117423,11.81,32.72,4104.00
117454,-7.78,22.86,131328.00
117485,11.85,32.74,4104.00
117516,-7.79,22.73,131328.00
117547,11.55,32.64,4104.00
117578,-7.69,22.51,131328.00
117610,11.60,32.23,4104.00
117641,-7.76,22.53,131328.00
117672,11.55,32.25,4104.00
117703,-7.95,22.38,131328.00
117734,11.61,32.63,4104.00
117766,-7.86,22.61,131328.00
117797,11.67,32.26,4104.00
117828,-7.99,22.69,131328.00
117859,11.69,32.82,4104.00
117890,-7.57,22.82,131328.00
117922,11.71,32.31,4104.00
117953,-7.48,22.64,131328.00
117984,11.63,32.54,4104.00
118015,-7.49,22.62,131328.00
118046,11.80,32.25,4104.00
118077,-7.45,22.53,131328.00
118109,11.67,32.57,4104.00
118140,-7.44,22.57,131328.00
118171,11.60,32.63,4104.00
118202,-7.51,22.60,131328.00
118233,11.82,32.66,4104.00
118265,-7.54,23.05,131328.00
118296,11.71,33.09,4104.00
118327,-7.46,23.07,131328.00
118358,11.98,32.89,4104.00
118389,-7.50,22.80,131328.00
118421,11.86,32.93,4104.00
118452,-7.72,22.84,131328.00
118483,11.89,32.73,4104.00
118514,-7.45,23.04,131328.00
118545,11.92,32.78,4104.00
118576,-7.48,23.03,131328.00
118608,11.75,33.23,4104.00
118639,-7.32,22.86,131328.00
118670,11.68,32.93,4104.00
118701,-7.41,22.77,131328.00
118732,11.53,32.67,4104.00
118764,-7.75,22.56,131328.00
118795,11.83,32.17,4104.00
118826,-7.68,22.84,131328.00
118857,11.91,32.35,4104.00
118888,-7.67,22.99,131328.00
118920,11.75,32.82,4104.00
118951,-7.57,23.05,131328.00
118982,11.97,32.68,4104.00
119013,-7.85,23.29,131328.00
119044,11.89,32.75,4104.00
119076,-7.71,23.33,131328.00
119107,11.91,32.82,4104.00
119138,-7.66,23.47,131328.00
119169,11.83,32.79,4104.00
119200,-7.56,23.61,131328.00
119231,11.92,32.94,4104.00
119263,-7.83,23.70,131328.00
119294,12.08,33.01,4104.00
119325,-7.66,23.84,131328.00
119356,12.13,33.01,4104.00
119387,-7.77,24.00,131328.00
119419,12.00,33.27,4104.00
119450,-7.58,24.37,131328.00
119481,12.10,33.42,4104.00
119512,-7.63,24.33,131328.00
119543,12.02,33.10,4104.00
119575,-7.36,24.44,131328.00
119606,12.06,33.31,4104.00
119637,-7.63,24.64,131328.00
119668,12.30,33.11,4104.00
119699,-7.50,25.04,131328.00
119730,12.39,33.40,4104.00
119762,-7.75,25.23,131328.00
119793,12.49,33.70,4104.00
119824,-7.52,25.28,131328.00
119855,12.38,33.64,4104.00
119886,-7.60,25.71,131328.00
119918,12.61,34.08,4104.00
119949,-7.43,25.89,131328.00
119980,12.52,33.78,4104.00
120011,-7.27,26.08,131328.00
120042,12.59,34.19,4104.00
120074,-7.53,26.30,131328.00
120105,12.69,33.92,4104.00
120136,-7.47,26.59,131328.00
120167,12.86,34.01,4104.00
120198,-7.67,26.63,131328.00
120230,12.92,34.03,4104.00
120261,-7.56,27.08,131328.00
120292,12.98,34.52,4104.00
120323,-7.28,27.43,131328.00
120354,12.95,34.49,4104.00
120385,-7.52,27.56,131328.00
120417,13.04,34.78,4104.00
120448,-7.47,27.63,131328.00
120479,13.04,34.56,4104.00
120510,-7.55,27.85,131328.00
120541,13.06,34.79,4104.00
120573,-7.63,27.88,131328.00
120604,13.32,34.43,4104.00
120635,-7.38,28.28,131328.00
120666,13.27,34.81,4104.00
120697,-7.42,28.43,131328.00
120729,13.10,35.07,4104.00
120760,-7.38,28.48,131328.00
120791,13.22,35.13,4104.00
120822,-7.42,28.52,131328.00
120853,13.22,35.09,4104.00
120884,-7.49,28.58,131328.00
120916,13.47,34.94,4104.00
120947,-7.26,28.54,131328.00
120978,13.28,35.32,4104.00
121009,-7.34,28.48,131328.00
121040,13.18,35.05,4104.00
121072,-7.62,28.31,131328.00
121103,13.12,34.76,4104.00
121134,-7.54,28.11,131328.00
121165,13.24,34.71,4104.00
121196,-7.48,28.02,131328.00
121228,13.18,34.79,4104.00
121259,-7.41,28.11,131328.00
121290,13.28,34.60,4104.00
121321,-7.48,28.03,131328.00
121352,13.24,34.71,4104.00
121384,-7.34,28.13,131328.00
121415,13.06,34.88,4104.00
121446,-7.48,28.01,131328.00
121477,13.19,34.82,4104.00
121508,-7.32,27.98,131328.00
121539,13.25,35.19,4104.00
121571,-7.70,27.94,131328.00
121602,12.96,34.79,4104.00
121633,-7.53,27.82,131328.00
121664,12.89,34.80,4104.00
121695,-7.49,27.61,131328.00
121727,12.83,34.83,4104.00
121758,-7.49,27.34,131328.00
121789,12.81,34.41,4104.00
121820,-7.18,26.98,131328.00
121851,12.83,34.21,4104.00
121883,-7.48,26.68,131328.00
121914,12.83,33.92,4104.00
121945,-7.20,26.46,131328.00
121976,12.77,33.78,4104.00
122007,-7.31,26.09,131328.00
122038,12.47,33.92,4104.00
122070,-7.56,25.89,131328.00
122101,12.40,33.73,4104.00
122132,-7.16,25.63,131328.00
122163,12.26,33.47,4104.00
122194,-7.48,25.43,131328.00
122226,12.55,33.27,4104.00
122257,-7.35,25.20,131328.00
122288,12.26,33.09,4104.00
122319,-7.38,24.82,131328.00
122350,12.04,33.11,4104.00
122382,-7.20,24.80,131328.00
122413,12.05,33.03,4104.00
122444,-7.19,24.62,131328.00
122475,12.26,33.10,4104.00
122506,-7.57,24.37,131328.00
122538,11.95,32.56,4104.00
122569,-7.52,24.21,131328.00
122600,11.85,32.70,4104.00
122631,-7.79,23.90,131328.00
122662,12.04,32.34,4104.00
122693,-7.50,23.74,131328.00
122725,11.88,32.50,4104.00
122756,-7.34,23.85,131328.00
122787,12.06,32.36,4104.00
122818,-7.42,23.69,131328.00
122849,12.01,32.76,4104.00
122881,-7.52,23.52,131328.00
122912,11.86,32.60,4104.00
122943,-7.62,23.52,131328.00
122974,11.72,32.53,4104.00
123005,-7.56,23.33,131328.00
123037,11.74,32.60,4104.00
123068,-7.57,23.06,131328.00
123099,11.69,32.18,4104.00
123130,-7.40,23.04,131328.00
123161,11.74,32.27,4104.00
123192,-7.81,23.27,131328.00
123224,11.70,32.57,4104.00
123255,-7.70,23.33,131328.00
123286,11.90,32.29,4104.00
123317,-7.49,22.94,131328.00
123348,11.64,32.38,4104.00
123380,-7.29,22.94,131328.00
123411,11.58,32.62,4104.00
123442,-7.22,23.14,131328.00
123473,11.71,32.46,4104.00
123504,-7.34,22.73,131328.00
123536,11.73,32.33,4104.00
123567,-7.36,22.52,131328.00
123598,11.65,32.02,4104.00
123629,-7.42,22.61,131328.00
123660,11.67,32.31,4104.00
123692,-7.43,22.65,131328.00
123723,11.77,32.16,4104.00
123754,-7.42,22.80,131328.00
123785,11.65,31.95,4104.00
123816,-7.28,22.39,131328.00
123847,11.71,32.34,4104.00
123879,-7.23,22.48,131328.00
123910,11.78,32.05,4104.00
123941,-7.39,22.74,131328.00
123972,11.48,32.19,4104.00
124003,-7.61,22.45,131328.00
124035,11.63,31.99,4104.00
124066,-7.69,22.11,131328.00
124097,11.61,31.93,4104.00
124128,-7.57,22.41,131328.00
124159,11.47,31.93,4104.00
124191,-7.53,22.28,131328.00
124222,11.55,31.88,4104.00
124253,-7.61,22.48,131328.00
124284,11.53,31.91,4104.00
124315,-7.61,22.31,131328.00
124346,11.54,31.93,4104.00
124378,-7.70,22.18,131328.00
124409,11.51,31.84,4104.00
124440,-7.52,21.94,131328.00
124471,11.57,31.70,4104.00
124502,-7.63,21.74,131328.00
124534,11.36,31.52,4104.00
124565,-7.77,22.08,131328.00
124596,11.37,32.09,4104.00
124627,-7.52,22.32,131328.00
124658,11.58,32.23,4104.00
124690,-7.73,22.37,131328.00
124721,11.56,32.06,4104.00
124752,-7.30,22.17,131328.00
124783,11.59,32.11,4104.00
124814,-7.50,22.24,131328.00
124846,11.59,31.85,4104.00
124877,-7.61,22.39,131328.00
124908,11.52,32.16,4104.00
124939,-7.77,22.51,131328.00
124970,11.34,31.94,4104.00
125001,-7.67,22.53,131328.00
125033,11.68,31.88,4104.00
125064,-7.46,22.60,131328.00
125095,11.50,32.06,4104.00
125126,-7.69,22.69,131328.00
125157,11.51,32.28,4104.00
125189,-7.81,22.41,131328.00
125220,11.42,32.10,4104.00
125251,-7.79,22.53,131328.00
125282,11.63,31.93,4104.00
125313,-7.55,22.76,131328.00
125345,11.57,31.84,4104.00
125376,-7.83,22.42,131328.00
125407,11.54,31.68,4104.00
125438,-7.83,22.33,131328.00
125469,11.41,31.64,4104.00
125500,-7.75,21.96,131328.00
125532,11.53,31.72,4104.00
125563,-7.50,22.38,131328.00
125594,11.26,31.86,4104.00
125625,-7.52,22.33,131328.00
125656,11.61,31.87,4104.00
125688,-7.46,22.72,131328.00
125719,11.69,31.97,4104.00
125750,-7.53,22.84,131328.00
125781,11.72,31.98,4104.00
125812,-7.31,22.86,131328.00
125844,11.51,32.16,4104.00
125875,-7.54,22.79,131328.00
125906,11.67,32.28,4104.00
125937,-7.65,22.99,131328.00
125968,11.63,32.32,4104.00
126000,-7.39,22.67,131328.00
126031,11.59,32.30,4104.00
126062,-7.49,22.84,131328.00
126093,11.81,32.34,4104.00
126124,-7.36,22.46,131328.00
126155,11.63,32.56,4104.00
126187,-7.54,22.59,131328.00
126218,11.52,32.25,4104.00
126249,-7.63,22.86,131328.00
126280,11.67,32.19,4104.00
126311,-7.58,22.94,131328.00
126343,11.55,32.41,4104.00
126374,-7.64,22.57,131328.00
126405,11.48,32.56,4104.00
126436,-7.40,22.77,131328.00
126467,11.76,32.60,4104.00
126499,-7.95,22.49,131328.00
126530,11.55,32.45,4104.00
126561,-7.95,22.77,131328.00
126592,11.83,32.58,4104.00
126623,-7.48,22.99,131328.00
126654,11.71,32.58,4104.00
126686,-7.69,22.71,131328.00
126717,11.81,32.44,4104.00
126748,-7.81,23.27,131328.00
126779,11.54,32.47,4104.00
126810,-7.78,22.94,131328.00
126842,11.59,32.56,4104.00
126873,-7.63,23.10,131328.00
126904,11.74,32.83,4104.00
126935,-7.57,23.30,131328.00
126966,11.69,32.87,4104.00
126998,-7.72,23.24,131328.00
127029,11.71,32.61,4104.00
127060,-7.82,23.30,131328.00
127091,11.75,32.67,4104.00
127122,-7.75,23.51,131328.00
127153,11.88,33.08,4104.00
127185,-7.59,23.65,131328.00
127216,11.99,32.64,4104.00
127247,-7.40,23.93,131328.00
127278,11.96,33.07,4104.00
127309,-7.55,24.11,131328.00
127341,11.98,32.99,4104.00
127372,-7.38,23.98,131328.00
127403,12.06,32.78,4104.00
127434,-7.46,24.24,131328.00
127465,12.12,33.04,4104.00
127497,-7.14,24.54,131328.00
127528,12.09,33.05,4104.00
127559,-7.46,24.60,131328.00
127590,12.15,32.85,4104.00
127621,-7.61,24.82,131328.00
127653,12.20,32.87,4104.00
127684,-7.65,24.94,131328.00
127715,12.18,33.29,4104.00
127746,-7.61,25.11,131328.00
127777,12.44,33.21,4104.00
127808,-7.28,25.24,131328.00
127840,12.24,33.25,4104.00
127871,-7.63,25.31,131328.00
127902,12.20,33.54,4104.00
127933,-7.50,25.25,131328.00
127964,12.44,33.58,4104.00
127996,-7.80,25.69,131328.00
128027,12.39,33.48,4104.00
128058,-7.69,25.76,131328.00
128089,12.49,33.52,4104.00
128120,-7.52,25.94,131328.00
128152,12.59,33.43,4104.00
128183,-7.58,25.88,131328.00
128214,12.59,33.77,4104.00
128245,-7.49,26.56,131328.00
128276,12.65,34.04,4104.00
128307,-7.71,26.80,131328.00
128339,12.75,34.09,4104.00
128370,-7.32,27.10,131328.00
128401,12.92,33.95,4104.00
128432,-7.51,27.07,131328.00
128463,12.99,34.24,4104.00
128495,-7.52,27.53,131328.00
128526,12.79,34.52,4104.00
128557,-7.14,27.31,131328.00
128588,12.81,34.22,4104.00
128619,-7.24,27.09,131328.00
128651,12.96,34.43,4104.00
128682,-7.42,27.21,131328.00
128713,12.89,34.30,4104.00
128744,-7.57,27.11,131328.00
128775,12.93,34.48,4104.00
128807,-7.24,27.77,131328.00
128838,13.08,34.52,4104.00
128869,-7.20,27.62,131328.00
128900,13.34,34.32,4104.00
128931,-7.73,27.77,131328.00
128962,13.11,34.32,4104.00
128994,-7.73,27.69,131328.00
129025,13.06,34.51,4104.00
129056,-7.61,28.01,131328.00
129087,13.14,34.68,4104.00
129118,-7.57,28.23,131328.00
129150,13.41,34.92,4104.00
129181,-7.65,28.08,131328.00
129212,13.36,34.61,4104.00
129243,-7.45,28.25,131328.00
129274,13.08,34.70,4104.00
129306,-7.67,28.24,131328.00
129337,13.22,34.73,4104.00
129368,-7.18,28.37,131328.00
129399,13.47,34.68,4104.00
129430,-7.42,28.25,131328.00
129461,13.37,35.14,4104.00
129493,-7.39,28.41,131328.00
129524,13.30,34.96,4104.00
129555,-7.40,28.27,131328.00
129586,13.25,35.03,4104.00
129617,-7.31,28.41,131328.00
129649,13.39,35.13,4104.00
129680,-7.50,28.48,131328.00
129711,13.35,34.89,4104.00
129742,-7.30,28.56,131328.00
129773,13.37,34.81,4104.00
129805,-7.15,28.37,131328.00
129836,13.49,35.01,4104.00
129867,-7.49,28.32,131328.00
129898,13.33,34.79,4104.00
129929,-6.87,28.37,131328.00
129961,13.33,34.91,4104.00
129992,-7.05,28.37,131328.00
130023,13.36,34.94,4104.00
130054,-7.49,28.50,131328.00
130085,13.41,34.82,4104.00
130116,-7.30,28.29,131328.00
130148,13.10,34.84,4104.00
130179,-7.31,28.39,131328.00
130210,13.24,34.97,4104.00
130241,-7.62,28.33,131328.00
130272,13.13,34.96,4104.00
130304,-7.31,28.35,131328.00
130335,13.41,34.76,4104.00
130366,-7.44,28.30,131328.00
130397,13.37,34.97,4104.00
130428,-7.40,27.90,131328.00
130460,13.08,34.81,4104.00
130491,-7.49,27.88,131328.00
130522,13.12,34.59,4104.00
130553,-7.48,27.72,131328.00
130584,13.02,34.56,4104.00
130615,-7.50,27.73,131328.00
130647,13.07,34.42,4104.00
130678,-7.31,27.66,131328.00
130709,13.14,34.53,4104.00
130740,-7.14,27.64,131328.00
130771,13.02,34.52,4104.00
130803,-7.25,27.47,131328.00
130834,12.91,34.40,4104.00
130865,-7.48,26.76,131328.00
130896,13.42,32.74,4104.00
130927,-7.59,26.60,131328.00
130959,13.16,32.87,4104.00
130990,-7.55,26.39,131328.00
131021,13.30,32.55,4104.00
131052,-7.46,26.13,131328.00
131083,12.96,33.46,4104.00
131115,-7.52,26.35,131328.00
131146,12.85,33.69,4104.00
131177,-7.37,26.44,131328.00
131208,12.80,33.74,4104.00
131239,-6.97,26.94,131328.00
131270,12.92,33.70,4104.00
131302,-7.22,26.77,131328.00
131333,12.77,33.86,4104.00
131364,-7.44,26.82,131328.00
131395,12.67,33.74,4104.00
131426,-7.43,26.39,131328.00
131458,12.72,33.36,4104.00
131489,-7.01,26.55,131328.00
131520,12.61,33.72,4104.00
131551,-6.95,25.94,131328.00
131582,12.53,33.13,4104.00
131614,-7.40,25.56,131328.00
131645,12.43,32.89,4104.00
131676,-7.38,25.12,131328.00
131707,12.28,32.65,4104.00
131738,-7.46,24.45,131328.00
131769,12.14,32.67,4104.00
131801,-7.73,24.59,131328.00
131832,12.36,32.87,4104.00
131863,-7.34,24.39,131328.00
131894,12.22,32.61,4104.00
131925,-7.36,24.37,131328.00
131957,12.09,32.68,4104.00
131988,-7.43,24.31,131328.00
132019,12.10,32.49,4104.00
132050,-7.08,24.05,131328.00
132081,11.98,32.33,4104.00
132113,-7.46,23.87,131328.00
132144,12.01,32.33,4104.00
132175,-7.49,23.91,131328.00
132206,12.06,31.97,4104.00
132237,-7.57,23.76,131328.00
132269,12.17,32.15,4104.00
132300,-7.81,23.39,131328.00
132331,11.91,32.37,4104.00
132362,-7.20,23.57,131328.00
132393,11.98,31.92,4104.00
132424,-7.28,23.27,131328.00
132456,11.83,32.15,4104.00
132487,-7.67,23.35,131328.00
132518,11.92,31.89,4104.00
132549,-7.58,22.98,131328.00
132580,11.75,31.91,4104.00
132612,-7.32,22.84,131328.00
132643,11.84,31.98,4104.00
132674,-7.55,23.13,131328.00
132705,11.92,32.27,4104.00
132736,-7.73,22.78,131328.00
132768,11.63,32.03,4104.00
132799,-7.44,22.64,131328.00
132830,11.84,32.13,4104.00
132861,-7.58,22.48,131328.00
132892,11.75,31.68,4104.00
132923,-7.66,22.31,131328.00
132955,11.68,32.13,4104.00
132986,-7.48,22.31,131328.00
133017,11.64,31.94,4104.00
133048,-7.40,22.32,131328.00
133079,11.60,31.51,4104.00
133111,-7.38,22.19,131328.00
133142,11.67,31.89,4104.00
133173,-7.27,22.51,131328.00
133204,11.51,32.03,4104.00
133235,-7.44,22.41,131328.00
133267,11.85,32.05,4104.00
133298,-7.33,22.38,131328.00
133329,11.62,31.98,4104.00
133360,-7.28,22.29,131328.00
133391,11.76,31.78,4104.00
133423,-7.60,22.24,131328.00
133454,11.79,32.02,4104.00
133485,-7.55,22.31,131328.00
133516,11.49,31.89,4104.00
133547,-7.74,21.92,131328.00
133578,11.59,31.78,4104.00
133610,-7.44,22.08,131328.00
133641,11.61,31.63,4104.00
133672,-7.65,22.04,131328.00
133703,11.59,31.78,4104.00
133734,-7.81,22.29,131328.00
133766,11.65,31.80,4104.00
133797,-7.65,22.11,131328.00
133828,11.89,31.67,4104.00
133859,-7.32,22.31,131328.00
133890,11.89,31.76,4104.00
133922,-7.48,22.37,131328.00
133953,11.74,31.82,4104.00
133984,-7.36,22.41,131328.00
134015,11.69,31.89,4104.00
134046,-7.73,22.53,131328.00
134077,11.65,32.04,4104.00
134109,-7.85,22.25,131328.00
134140,11.88,31.91,4104.00
134171,-7.81,22.37,131328.00
134202,11.70,32.05,4104.00
134233,-7.93,22.62,131328.00
134265,11.85,32.26,4104.00
134296,-7.95,22.43,131328.00
134327,11.85,31.95,4104.00
134358,-7.71,22.41,131328.00
134389,11.62,32.23,4104.00
134421,-7.53,22.46,131328.00
134452,11.74,32.09,4104.00
134483,-7.68,22.45,131328.00
134514,11.65,32.20,4104.00
134545,-7.79,22.63,131328.00
134576,11.59,31.97,4104.00
134608,-7.75,22.43,131328.00
134639,11.74,31.90,4104.00
134670,-7.53,22.35,131328.00
134701,11.74,31.84,4104.00
134732,-7.79,22.49,131328.00
134764,11.66,32.33,4104.00
134795,-7.58,22.55,131328.00
134826,11.63,32.13,4104.00
134857,-7.94,22.26,131328.00
134888,11.86,32.42,4104.00
134920,-7.81,22.28,131328.00
134951,11.79,32.08,4104.00
134982,-8.03,22.44,131328.00
135013,11.72,32.27,4104.00
135044,-7.58,22.29,131328.00
135076,11.68,32.10,4104.00
135107,-7.67,22.31,131328.00
135138,11.92,32.09,4104.00
135169,-7.55,22.27,131328.00
135200,11.85,32.12,4104.00
135231,-7.47,22.43,131328.00
135263,11.81,32.03,4104.00
135294,-7.67,22.31,131328.00
135325,11.82,32.25,4104.00
135356,-7.92,22.14,131328.00
135387,11.76,31.85,4104.00
135419,-7.92,22.37,131328.00
135450,11.76,31.95,4104.00
135481,-8.06,22.29,131328.00
135512,11.72,31.92,4104.00
135543,-7.84,22.29,131328.00
135575,11.84,31.59,4104.00
135606,-7.81,22.10,131328.00
135637,11.81,31.55,4104.00
135668,-7.86,22.21,131328.00
135699,11.79,31.61,4104.00
135730,-7.77,22.14,131328.00
135762,11.77,31.59,4104.00
135793,-7.66,22.25,131328.00
135824,11.85,31.96,4104.00
135855,-7.85,22.13,131328.00
135886,11.80,31.69,4104.00
135918,-7.76,22.33,131328.00
135949,11.79,32.11,4104.00
135980,-7.81,22.34,131328.00
136011,11.67,31.93,4104.00
136042,-7.63,22.29,131328.00
136074,11.87,31.81,4104.00
136105,-7.52,22.27,131328.00
136136,11.72,32.07,4104.00
136167,-7.60,22.19,131328.00
136198,11.81,31.79,4104.00
136230,-7.61,22.19,131328.00
136261,11.75,31.57,4104.00
136292,-7.68,21.98,131328.00
136323,11.63,31.80,4104.00
136354,-7.55,21.91,131328.00
136385,11.57,31.37,4104.00
136417,-7.91,21.65,131328.00
136448,11.61,31.54,4104.00
136479,-7.77,22.00,131328.00
136510,11.51,31.64,4104.00
136541,-7.53,22.19,131328.00
136573,11.55,31.58,4104.00
136604,-7.55,22.15,131328.00
136635,11.67,31.78,4104.00
136666,-7.45,22.08,131328.00
136697,11.66,31.54,4104.00
136729,-7.53,22.09,131328.00
136760,11.75,31.87,4104.00
136791,-7.65,22.00,131328.00
136822,11.72,31.48,4104.00
136853,-7.54,22.00,131328.00
136884,11.71,31.58,4104.00
136916,-7.51,21.97,131328.00
136947,11.53,31.66,4104.00
136978,-7.44,22.08,131328.00
137009,11.79,31.82,4104.00
137040,-7.43,21.94,131328.00
137072,11.59,31.57,4104.00
137103,-7.67,21.98,131328.00
137134,11.69,31.66,4104.00
137165,-7.62,22.08,131328.00
137196,11.69,31.62,4104.00
137228,-7.74,22.00,131328.00
137259,11.62,31.66,4104.00
137290,-7.69,21.99,131328.00
137321,11.64,31.94,4104.00
137352,-7.75,22.09,131328.00
137384,11.71,31.93,4104.00
137415,-7.85,22.16,131328.00
137446,11.91,31.81,4104.00
137477,-7.82,22.21,131328.00
137508,11.84,32.11,4104.00
137539,-7.80,22.37,131328.00
137571,11.87,32.13,4104.00
137602,-7.91,22.65,131328.00
137633,12.04,31.95,4104.00
137664,-7.96,22.59,131328.00
137695,12.00,31.92,4104.00
137727,-7.70,22.76,131328.00
137758,12.13,32.08,4104.00
137789,-7.93,22.83,131328.00
137820,12.22,31.97,4104.00
137851,-7.76,23.08,131328.00
137883,12.06,32.19,4104.00
137914,-7.83,23.22,131328.00
137945,12.20,32.33,4104.00
137976,-7.93,23.49,131328.00
138007,12.34,32.65,4104.00
138038,-7.93,23.60,131328.00
138070,12.17,32.70,4104.00
138101,-7.79,23.84,131328.00
138132,12.30,32.31,4104.00
138163,-7.58,24.13,131328.00
138194,12.25,32.61,4104.00
138226,-7.67,24.36,131328.00
138257,12.47,32.56,4104.00
138288,-7.68,24.23,131328.00
138319,12.60,32.17,4104.00
138350,-7.87,24.57,131328.00
138382,12.96,32.13,4104.00
138413,-7.88,24.88,131328.00
138444,12.81,32.47,4104.00
138475,-7.81,24.92,131328.00
138506,13.19,32.46,4104.00
138538,-7.75,25.56,131328.00
138569,13.06,32.83,4104.00
138600,-7.85,25.72,131328.00
138631,13.20,33.04,4104.00
138662,-7.81,26.19,131328.00
138693,13.26,33.29,4104.00
138725,-7.87,26.13,131328.00
138756,13.16,33.23,4104.00
138787,-7.74,26.51,131328.00
138818,13.44,33.39,4104.00
138849,-7.65,26.80,131328.00
138881,13.48,33.34,4104.00
138912,-7.81,26.97,131328.00
138943,13.54,33.72,4104.00
138974,-7.61,27.25,131328.00
139005,13.81,33.50,4104.00
139037,-7.73,27.54,131328.00
139068,13.81,33.62,4104.00
139099,-7.64,27.66,131328.00
139130,13.80,34.04,4104.00
139161,-7.85,27.88,131328.00
139192,13.94,33.94,4104.00
139224,-7.81,28.16,131328.00
139255,14.16,34.03,4104.00
139286,-7.81,28.39,131328.00
139317,14.07,34.08,4104.00
139348,-7.81,28.42,131328.00
139380,14.10,34.00,4104.00
139411,-7.59,28.40,131328.00
139442,13.91,34.26,4104.00
139473,-7.83,28.26,131328.00
139504,14.08,34.26,4104.00
139536,-7.89,28.22,131328.00
139567,14.02,34.36,4104.00
139598,-7.83,28.12,131328.00
139629,13.98,34.19,4104.00
139660,-7.85,28.09,131328.00
139692,14.02,33.83,4104.00
139723,-7.67,27.97,131328.00
139754,14.04,33.74,4104.00
139785,-7.74,27.92,131328.00
139816,13.71,33.76,4104.00
139847,-7.77,27.56,131328.00
139879,13.66,33.70,4104.00
139910,-7.60,27.35,131328.00
139941,13.41,33.69,4104.00
139972,-7.55,27.00,131328.00
140003,13.56,33.25,4104.00
140035,-7.65,27.01,131328.00
140066,13.35,33.40,4104.00
140097,-7.73,26.45,131328.00
140128,13.49,32.84,4104.00
140159,-7.70,26.28,131328.00
140191,13.20,33.18,4104.00
140222,-7.59,26.04,131328.00
140253,13.33,32.58,4104.00
140284,-7.78,25.70,131328.00
140315,13.24,32.86,4104.00
140346,-7.52,25.48,131328.00
140378,13.10,32.72,4104.00
140409,-7.68,25.27,131328.00
140440,12.91,32.53,4104.00
140471,-7.72,24.89,131328.00
140502,12.77,32.28,4104.00
140534,-7.69,24.68,131328.00
140565,12.71,32.25,4104.00
140596,-7.74,24.47,131328.00
140627,12.72,32.07,4104.00
140658,-7.63,24.29,131328.00
140690,12.75,32.03,4104.00
140721,-7.61,24.02,131328.00
140752,12.60,31.99,4104.00
140783,-7.64,23.96,131328.00
140814,12.43,31.85,4104.00
140846,-7.54,23.78,131328.00
140877,12.51,31.83,4104.00
140908,-7.74,23.52,131328.00
140939,12.61,31.42,4104.00
140970,-7.55,23.33,131328.00
141001,12.54,31.43,4104.00
141033,-7.57,23.23,131328.00
141064,12.53,31.72,4104.00
141095,-7.69,23.21,131328.00
141126,12.41,31.38,4104.00
141157,-7.77,23.02,131328.00
141189,12.21,31.45,4104.00
141220,-7.81,22.92,131328.00
141251,12.47,31.44,4104.00
141282,-7.59,22.95,131328.00
141313,12.43,31.36,4104.00
141345,-7.84,22.63,131328.00
141376,12.27,31.50,4104.00
141407,-7.85,22.69,131328.00
141438,12.33,31.45,4104.00
141469,-7.80,22.61,131328.00
141500,12.28,31.48,4104.00
141532,-7.85,22.54,131328.00
141563,12.17,31.38,4104.00
141594,-7.63,22.39,131328.00
141625,12.19,31.64,4104.00
141656,-7.75,22.27,131328.00
141688,12.08,31.38,4104.00
141719,-7.77,22.43,131328.00
141750,12.28,31.27,4104.00
141781,-7.81,22.12,131328.00
141812,12.36,31.20,4104.00
141844,-7.93,22.24,131328.00
141875,12.16,31.48,4104.00
141906,-7.69,22.23,131328.00
141937,12.34,31.38,4104.00
141968,-7.75,22.31,131328.00
142000,12.25,31.66,4104.00
142031,-7.79,22.44,131328.00
142062,12.10,31.54,4104.00
142093,-7.99,22.19,131328.00
142124,12.14,31.64,4104.00
142155,-7.87,22.17,131328.00
142187,12.36,31.72,4104.00
142218,-7.78,22.19,131328.00
142249,12.41,31.44,4104.00
142280,-7.83,22.31,131328.00
142311,12.29,31.54,4104.00
142343,-7.90,22.20,131328.00
142374,12.18,31.67,4104.00
142405,-7.79,22.16,131328.00
142436,12.32,31.38,4104.00
142467,-7.92,22.15,131328.00
142499,12.33,31.37,4104.00
142530,-7.88,22.09,131328.00
142561,12.31,31.72,4104.00
142592,-7.91,22.13,131328.00
142623,12.32,31.39,4104.00
142654,-7.58,22.16,131328.00
142686,12.09,31.54,4104.00
142717,-7.67,22.19,131328.00
142748,12.36,31.38,4104.00
142779,-7.85,22.19,131328.00
142810,12.12,31.46,4104.00
142842,-7.79,22.20,131328.00
142873,12.26,31.47,4104.00
142904,-7.75,22.11,131328.00
142935,12.19,31.51,4104.00
142966,-7.85,22.09,131328.00
142998,12.41,31.68,4104.00
143029,-7.89,22.17,131328.00
143060,12.32,31.39,4104.00
143091,-7.69,22.16,131328.00
143122,12.32,31.78,4104.00
143153,-7.75,22.06,131328.00
143185,12.20,31.55,4104.00
143216,-7.75,22.31,131328.00
143247,12.27,31.37,4104.00
143278,-7.96,22.17,131328.00
143309,12.22,31.85,4104.00
143341,-7.72,22.43,131328.00
143372,12.14,31.66,4104.00
143403,-7.61,22.27,131328.00
143434,12.20,31.66,4104.00
143465,-7.79,22.39,131328.00
143497,12.30,31.75,4104.00
143528,-7.87,22.45,131328.00
143559,12.41,31.56,4104.00
143590,-7.83,22.66,131328.00
143621,12.16,31.79,4104.00
143653,-7.64,22.65,131328.00
143684,12.32,31.87,4104.00
143715,-7.77,22.89,131328.00
143746,12.31,31.87,4104.00
143777,-7.81,22.96,131328.00
143808,12.38,31.88,4104.00
143840,-7.77,23.02,131328.00
143871,12.41,31.79,4104.00
143902,-7.58,23.22,131328.00
143933,12.45,32.10,4104.00
143964,-7.59,23.29,131328.00
143996,12.65,31.76,4104.00
144027,-7.74,23.41,131328.00
144058,12.41,31.99,4104.00
144089,-7.69,23.69,131328.00
144120,12.73,31.90,4104.00
144152,-7.64,24.05,131328.00
144183,12.61,32.16,4104.00
144214,-7.71,24.03,131328.00
144245,12.72,32.38,4104.00
144276,-7.73,24.15,131328.00
144307,12.80,32.19,4104.00
144339,-7.65,24.23,131328.00
144370,12.94,32.61,4104.00
144401,-7.69,24.57,131328.00
144432,12.85,32.58,4104.00
144463,-7.65,24.73,131328.00
144495,12.89,32.62,4104.00
144526,-7.50,25.06,131328.00
144557,12.99,32.59,4104.00
144588,-7.67,25.12,131328.00
144619,13.05,32.78,4104.00
144651,-7.67,25.41,131328.00
144682,13.12,32.77,4104.00
144713,-7.67,25.54,131328.00
144744,13.12,33.05,4104.00
144775,-7.73,25.75,131328.00
144807,13.17,33.16,4104.00
144838,-7.57,26.05,131328.00
144869,13.42,32.98,4104.00
144900,-7.80,26.15,131328.00
144931,13.28,33.16,4104.00
144962,-7.58,26.52,131328.00
144994,13.47,33.22,4104.00
145025,-7.69,26.60,131328.00
145056,13.42,33.48,4104.00
145087,-7.68,26.83,131328.00
145118,13.53,33.68,4104.00
145150,-7.81,26.87,131328.00
145181,13.67,33.38,4104.00
145212,-7.70,26.94,131328.00
145243,13.55,33.52,4104.00
145274,-7.63,27.01,131328.00
145306,13.50,33.50,4104.00
145337,-7.82,26.94,131328.00
145368,13.59,33.30,4104.00
145399,-7.71,26.89,131328.00
145430,13.67,33.35,4104.00
145461,-7.82,26.90,131328.00
145493,13.67,33.66,4104.00
145524,-7.67,26.72,131328.00
145555,13.41,33.46,4104.00
145586,-7.60,26.65,131328.00
145617,13.39,33.46,4104.00
145649,-7.48,26.56,131328.00
145680,13.51,33.02,4104.00
145711,-7.77,26.19,131328.00
145742,13.31,32.86,4104.00
145773,-7.51,25.92,131328.00
145805,13.27,32.69,4104.00
145836,-7.43,25.59,131328.00
145867,13.02,32.86,4104.00
145898,-7.64,25.34,131328.00
145929,13.02,32.52,4104.00
145961,-7.67,25.06,131328.00
145992,13.10,32.32,4104.00
146023,-7.64,24.89,131328.00
146054,12.92,32.13,4104.00
146085,-7.44,24.67,131328.00
146116,12.75,32.27,4104.00
146148,-7.64,24.51,131328.00
146179,12.86,31.95,4104.00
146210,-7.56,24.27,131328.00
146241,12.59,32.01,4104.00
146272,-7.59,24.11,131328.00
146304,12.79,32.13,4104.00
146335,-7.75,23.86,131328.00
146366,12.57,32.01,4104.00
146397,-7.73,23.74,131328.00
146428,12.57,31.77,4104.00
146460,-7.49,23.68,131328.00
146491,12.53,31.82,4104.00
146522,-7.71,23.58,131328.00
146553,12.45,31.66,4104.00
146584,-7.83,23.35,131328.00
146615,12.61,31.49,4104.00
146647,-7.72,23.51,131328.00
146678,12.61,31.50,4104.00
146709,-7.73,23.21,131328.00
146740,12.55,31.46,4104.00
146771,-7.62,23.13,131328.00
146803,12.38,31.67,4104.00
146834,-7.77,23.03,131328.00
146865,12.51,31.30,4104.00
146896,-7.60,22.87,131328.00
146927,12.28,31.42,4104.00
146959,-7.85,22.68,131328.00
146990,12.35,31.40,4104.00
147021,-7.76,22.80,131328.00
147052,12.20,31.43,4104.00
147083,-7.91,22.61,131328.00
147115,12.23,31.50,4104.00
147146,-7.95,22.62,131328.00
147177,12.37,31.24,4104.00
147208,-7.81,22.64,131328.00
147239,12.26,31.52,4104.00
147270,-7.89,22.26,131328.00
147302,12.14,31.36,4104.00
147333,-7.97,22.45,131328.00
147364,12.32,31.35,4104.00
147395,-7.65,22.35,131328.00
147426,12.18,31.48,4104.00
147458,-7.91,22.16,131328.00
147489,12.25,31.56,4104.00
147520,-7.95,22.16,131328.00
147551,12.28,31.15,4104.00
147582,-7.87,22.19,131328.00
147614,12.04,31.37,4104.00
147645,-7.89,22.10,131328.00
147676,12.18,31.27,4104.00
147707,-8.06,22.11,131328.00
147738,12.28,31.13,4104.00
147769,-7.87,22.08,131328.00
147801,12.12,31.35,4104.00
147832,-7.89,22.19,131328.00
147863,12.14,31.21,4104.00
147894,-7.87,22.13,131328.00
147925,12.10,31.27,4104.00
147957,-7.70,22.04,131328.00
147988,12.17,31.24,4104.00
148019,-7.69,21.97,131328.00
148050,12.10,31.25,4104.00
148081,-7.95,21.95,131328.00
148113,12.24,31.39,4104.00
148144,-7.93,22.02,131328.00
148175,12.11,31.13,4104.00
148206,-7.81,22.00,131328.00
148237,12.09,31.29,4104.00
148269,-7.96,21.94,131328.00
148300,12.20,31.22,4104.00
148331,-7.71,22.23,131328.00
148362,12.24,31.49,4104.00
148393,-7.89,22.30,131328.00
148424,12.29,31.36,4104.00
148456,-7.92,22.18,131328.00
148487,12.35,31.26,4104.00
148518,-7.83,22.40,131328.00
148549,12.21,31.51,4104.00
148580,-7.86,22.39,131328.00
148612,12.23,31.52,4104.00
148643,-7.76,22.58,131328.00
148674,12.40,31.70,4104.00
148705,-7.92,22.59,131328.00
148736,12.27,31.60,4104.00
148768,-7.99,22.68,131328.00
148799,12.41,31.34,4104.00
148830,-7.95,22.64,131328.00
148861,12.43,31.48,4104.00
148892,-7.89,22.84,131328.00
148923,12.46,31.87,4104.00
148955,-7.85,22.80,131328.00
148986,12.36,31.83,4104.00
149017,-8.02,22.96,131328.00
149048,12.49,31.55,4104.00
149079,-7.98,23.08,131328.00
149111,12.59,31.72,4104.00
149142,-7.83,23.45,131328.00
149173,12.41,31.97,4104.00
149204,-7.96,23.41,131328.00
149235,12.65,31.74,4104.00
149267,-7.92,23.27,131328.00
149298,12.55,32.01,4104.00
149329,-7.97,23.38,131328.00
149360,12.58,32.36,4104.00
149391,-7.94,23.54,131328.00
149423,12.60,32.33,4104.00
149454,-7.91,23.62,131328.00
149485,12.54,32.17,4104.00
149516,-7.95,23.79,131328.00
149547,12.54,32.30,4104.00
149578,-7.87,23.78,131328.00
149610,12.64,32.13,4104.00
149641,-7.71,23.99,131328.00
149672,12.57,32.19,4104.00
149703,-7.84,24.14,131328.00
149734,12.91,32.09,4104.00
149766,-7.78,24.19,131328.00
149797,12.81,32.05,4104.00
149828,-7.49,24.22,131328.00
149859,12.70,32.36,4104.00
149890,-7.79,24.34,131328.00
149922,12.73,32.10,4104.00
149953,-7.66,24.27,131328.00
149984,12.62,32.11,4104.00
150015,-7.78,24.51,131328.00
150046,12.69,32.25,4104.00
150077,-7.71,24.68,131328.00
150109,12.71,32.26,4104.00
150140,-7.61,24.74,131328.00
150171,12.96,32.24,4104.00
150202,-7.59,24.90,131328.00
150233,12.90,32.64,4104.00
150265,-7.67,24.86,131328.00
150296,12.87,32.40,4104.00
150327,-7.74,24.99,131328.00
150358,13.01,32.24,4104.00
150389,-7.77,25.05,131328.00
150421,12.94,32.51,4104.00
150452,-7.80,25.17,131328.00
150483,12.96,32.52,4104.00
150514,-7.67,25.25,131328.00
150545,13.17,32.42,4104.00
150576,-7.85,25.36,131328.00
150608,13.12,32.50,4104.00
150639,-7.95,25.56,131328.00
150670,13.21,32.58,4104.00
150701,-7.65,25.60,131328.00
150732,13.07,32.74,4104.00
150764,-7.85,25.56,131328.00
150795,13.20,32.80,4104.00
150826,-7.59,25.72,131328.00
150857,13.30,32.70,4104.00
150888,-7.65,25.82,131328.00
150920,13.12,32.89,4104.00
150951,-7.77,26.06,131328.00
150982,13.07,32.97,4104.00
151013,-7.84,25.85,131328.00
151044,13.32,32.78,4104.00
151076,-7.71,26.05,131328.00
151107,13.12,32.97,4104.00
151138,-7.83,26.02,131328.00
151169,13.12,32.82,4104.00
151200,-7.94,25.96,131328.00
151231,13.23,32.71,4104.00
151263,-7.96,25.94,131328.00
151294,13.14,32.86,4104.00
151325,-7.81,25.95,131328.00
151356,13.11,32.93,4104.00
151387,-7.85,25.96,131328.00
151419,13.18,32.99,4104.00
151450,-7.65,26.02,131328.00
151481,13.52,33.11,4104.00
151512,-7.75,25.92,131328.00
151543,13.32,32.80,4104.00
151575,-7.72,25.90,131328.00
151606,13.25,32.63,4104.00
151637,-7.59,25.62,131328.00
151668,13.05,32.93,4104.00
151699,-7.78,25.47,131328.00
151730,13.06,32.80,4104.00
151762,-7.75,25.04,131328.00
151793,13.01,32.13,4104.00
151824,-7.74,24.77,131328.00
151855,12.69,32.24,4104.00
151886,-7.62,24.68,131328.00
151918,12.92,31.86,4104.00
151949,-7.44,24.47,131328.00
151980,12.85,31.80,4104.00
152011,-7.65,24.24,131328.00
152042,12.81,32.07,4104.00
152074,-7.89,23.98,131328.00
152105,12.64,31.99,4104.00
152136,-7.52,23.91,131328.00
152167,12.36,31.89,4104.00
152198,-7.59,23.67,131328.00
152230,12.37,31.73,4104.00
152261,-7.67,23.66,131328.00
152292,12.37,31.72,4104.00
152323,-7.66,23.54,131328.00
152354,12.46,31.62,4104.00
152385,-7.58,23.27,131328.00
152417,12.20,31.57,4104.00
152448,-7.71,23.08,131328.00
152479,12.35,31.60,4104.00
152510,-7.48,23.08,131328.00
152541,12.52,31.40,4104.00
152573,-7.56,23.15,131328.00
152604,12.43,31.64,4104.00
152635,-7.73,22.86,131328.00
152666,12.34,31.82,4104.00
152697,-7.89,22.80,131328.00
152729,12.26,31.44,4104.00
152760,-7.59,22.65,131328.00
152791,12.30,31.35,4104.00
152822,-7.89,22.39,131328.00
152853,12.21,31.61,4104.00
152884,-7.85,22.49,131328.00
152916,12.31,31.37,4104.00
152947,-7.55,22.51,131328.00
152978,12.11,31.59,4104.00
153009,-7.66,22.30,131328.00
153040,12.24,31.13,4104.00
153072,-7.71,22.26,131328.00
153103,12.12,31.18,4104.00
153134,-7.73,22.23,131328.00
153165,12.09,31.33,4104.00
153196,-7.79,22.16,131328.00
153228,12.16,31.22,4104.00
153259,-7.89,22.08,131328.00
153290,12.16,31.48,4104.00
153321,-7.92,22.09,131328.00
153352,12.04,31.27,4104.00
153384,-7.69,22.10,131328.00
153415,12.35,31.25,4104.00
153446,-7.77,22.10,131328.00
153477,12.04,31.46,4104.00
153508,-7.55,22.09,131328.00
153539,12.23,31.16,4104.00
153571,-7.75,21.86,131328.00
153602,11.96,31.33,4104.00
153633,-7.91,21.88,131328.00
153664,12.01,31.26,4104.00
153695,-7.66,21.90,131328.00
153727,12.12,31.07,4104.00
153758,-7.60,21.87,131328.00
153789,11.99,31.32,4104.00
153820,-7.93,21.94,131328.00
153851,12.06,31.44,4104.00
153883,-7.78,21.89,131328.00
153914,12.20,31.28,4104.00
153945,-7.78,21.93,131328.00
153976,12.09,31.65,4104.00
154007,-7.79,22.04,131328.00
154038,12.33,31.40,4104.00
154070,-7.93,22.05,131328.00
154101,12.06,31.65,4104.00
154132,-7.93,22.15,131328.00
154163,12.32,31.43,4104.00
154194,-7.71,22.22,131328.00
154226,12.30,31.45,4104.00
154257,-7.83,22.10,131328.00
154288,12.24,31.48,4104.00
154319,-7.70,22.17,131328.00
154350,12.30,31.41,4104.00
154382,-7.82,22.14,131328.00
154413,12.08,31.58,4104.00
154444,-7.87,22.12,131328.00
154475,12.09,31.46,4104.00
154506,-7.88,22.08,131328.00
154538,12.14,31.32,4104.00
154569,-7.87,22.08,131328.00
154600,12.40,31.44,4104.00
154631,-7.85,22.05,131328.00
154662,12.09,31.50,4104.00
154693,-7.74,22.18,131328.00
154725,12.24,31.62,4104.00
154756,-7.95,22.21,131328.00
154787,12.28,31.24,4104.00
154818,-7.93,22.31,131328.00
154849,12.08,31.44,4104.00
154881,-7.73,22.59,131328.00
154912,12.19,31.42,4104.00
154943,-7.87,22.37,131328.00
154974,12.25,31.41,4104.00
155005,-7.76,22.68,131328.00
155037,12.41,31.27,4104.00
155068,-7.78,22.58,131328.00
155099,12.24,31.45,4104.00
155130,-7.93,22.63,131328.00
155161,12.34,31.31,4104.00
155192,-7.89,22.72,131328.00
155224,12.28,31.44,4104.00
155255,-7.73,22.72,131328.00
155286,12.39,31.44,4104.00
155317,-7.92,22.96,131328.00
155348,12.34,31.52,4104.00
155380,-7.81,23.08,131328.00
155411,12.47,31.58,4104.00
155442,-7.85,23.15,131328.00
155473,12.49,31.50,4104.00
155504,-7.94,23.26,131328.00
155536,12.39,31.80,4104.00
155567,-7.85,23.24,131328.00
155598,12.61,31.91,4104.00
155629,-7.66,23.31,131328.00
155660,12.55,31.79,4104.00
155692,-7.71,23.41,131328.00
155723,12.41,31.76,4104.00
155754,-7.77,23.60,131328.00
155785,12.70,31.72,4104.00
155816,-7.84,23.54,131328.00
155847,12.48,31.82,4104.00
155879,-7.74,23.79,131328.00
155910,12.66,32.15,4104.00
155941,-7.74,23.76,131328.00
155972,12.64,31.99,4104.00
156003,-7.75,23.86,131328.00
156035,12.54,31.91,4104.00
156066,-7.70,23.97,131328.00
156097,12.62,32.21,4104.00
156128,-7.66,24.14,131328.00
156159,12.66,32.40,4104.00
156191,-7.44,24.27,131328.00
156222,12.83,32.05,4104.00
156253,-7.82,24.29,131328.00
156284,12.57,32.27,4104.00
156315,-7.85,24.43,131328.00
156346,12.84,32.66,4104.00
156378,-7.81,24.64,131328.00
156409,13.00,32.36,4104.00
156440,-7.76,24.60,131328.00
156471,12.89,32.75,4104.00
156502,-7.64,24.86,131328.00
156534,12.92,32.80,4104.00
156565,-7.87,24.92,131328.00
156596,13.13,32.93,4104.00
156627,-7.83,25.02,131328.00
156658,13.13,32.68,4104.00
156690,-7.51,25.18,131328.00
156721,13.00,32.84,4104.00
156752,-7.87,25.29,131328.00
156783,13.27,32.80,4104.00
156814,-7.87,25.41,131328.00
156846,13.07,32.99,4104.00
156877,-7.66,25.54,131328.00
156908,13.21,32.77,4104.00
156939,-7.81,25.27,131328.00
156970,13.24,32.77,4104.00
157001,-7.81,25.52,131328.00
157033,12.99,32.93,4104.00
157064,-7.73,25.53,131328.00
157095,13.12,32.82,4104.00
157126,-7.63,25.61,131328.00
157157,13.20,33.05,4104.00
157189,-7.55,25.70,131328.00
157220,13.20,32.86,4104.00
157251,-7.69,25.71,131328.00
157282,13.06,33.12,4104.00
157313,-7.95,25.70,131328.00
157345,13.14,32.92,4104.00
157376,-7.61,25.68,131328.00
157407,13.14,32.97,4104.00
157438,-7.73,25.64,131328.00
157469,13.17,32.70,4104.00
157500,-8.03,25.39,131328.00
157532,13.14,32.62,4104.00
157563,-7.74,25.17,131328.00
157594,13.00,32.78,4104.00
157625,-7.81,24.94,131328.00
157656,13.07,32.40,4104.00
157688,-7.73,24.82,131328.00
157719,13.08,32.74,4104.00
157750,-7.77,24.77,131328.00
157781,12.90,32.34,4104.00
157812,-7.54,24.60,131328.00
157844,12.74,32.45,4104.00
157875,-7.69,24.50,131328.00
157906,12.73,32.33,4104.00
157937,-7.53,24.41,131328.00
157968,12.74,32.29,4104.00
158000,-7.63,24.34,131328.00
158031,12.83,32.36,4104.00
158062,-7.84,24.09,131328.00
158093,12.84,32.39,4104.00
158124,-7.81,24.04,131328.00
158155,12.76,31.91,4104.00
158187,-7.81,23.87,131328.00
158218,12.70,32.13,4104.00
158249,-7.75,23.54,131328.00
158280,12.57,31.93,4104.00
158311,-7.61,23.76,131328.00
158343,12.55,31.76,4104.00
158374,-7.62,23.65,131328.00
158405,12.58,31.56,4104.00
158436,-7.87,23.58,131328.00
158467,12.47,31.78,4104.00
158499,-7.77,23.23,131328.00
158530,12.48,31.91,4104.00
158561,-7.88,23.31,131328.00
158592,12.51,31.48,4104.00
158623,-7.63,23.17,131328.00
158654,12.38,31.72,4104.00
158686,-7.73,23.10,131328.00
158717,12.33,31.66,4104.00
158748,-7.57,23.04,131328.00
158779,12.34,31.69,4104.00
158810,-7.65,23.26,131328.00
158842,12.22,31.67,4104.00
158873,-7.67,23.02,131328.00
158904,12.48,31.47,4104.00
158935,-7.50,22.99,131328.00
158966,12.46,31.57,4104.00
158998,-7.82,23.00,131328.00
159029,12.36,31.32,4104.00
159060,-7.69,22.90,131328.00
159091,12.24,31.62,4104.00
159122,-7.87,22.66,131328.00
159153,12.33,31.47,4104.00
159185,-7.79,22.69,131328.00
159216,12.39,31.19,4104.00
159247,-7.53,22.57,131328.00
159278,12.19,31.44,4104.00
159309,-7.68,22.53,131328.00
159341,12.28,31.53,4104.00
159372,-7.84,22.48,131328.00
159403,12.31,31.57,4104.00
159434,-7.99,22.34,131328.00
159465,12.06,31.27,4104.00
159497,-7.92,22.37,131328.00
159528,12.10,31.23,4104.00
159559,-7.75,22.22,131328.00
159590,12.01,31.17,4104.00
159621,-7.57,22.17,131328.00
159653,11.98,31.13,4104.00
159684,-7.73,22.15,131328.00
159715,12.07,31.31,4104.00
159746,-7.83,22.06,131328.00
159777,12.04,31.29,4104.00
159808,-7.81,22.10,131328.00
159840,12.05,31.30,4104.00
159871,-7.74,22.05,131328.00
159902,12.25,31.13,4104.00
159933,-7.81,22.08,131328.00
159964,12.06,31.32,4104.00
159996,-7.51,22.11,131328.00
160027,12.12,31.41,4104.00
160058,-7.59,22.15,131328.00
160089,11.92,31.35,4104.00
160120,-7.80,22.05,131328.00
160152,12.16,31.45,4104.00
160183,-7.87,22.13,131328.00
160214,12.14,31.60,4104.00
160245,-7.71,22.02,131328.00
160276,11.99,31.42,4104.00
160307,-7.63,21.97,131328.00
160339,12.00,31.33,4104.00
160370,-7.78,21.96,131328.00
160401,12.10,31.07,4104.00
160432,-7.81,21.55,131328.00
160463,11.95,31.27,4104.00
160495,-7.89,21.84,131328.00
160526,12.02,31.31,4104.00
160557,-7.65,22.08,131328.00
160588,11.89,31.13,4104.00
160619,-7.57,21.78,131328.00
160651,11.96,31.09,4104.00
160682,-7.66,21.83,131328.00
160713,12.12,31.07,4104.00
160744,-7.74,21.86,131328.00
160775,12.21,31.17,4104.00
160807,-7.75,21.94,131328.00
160838,12.26,31.17,4104.00
160869,-7.71,22.11,131328.00
160900,12.34,31.60,4104.00
160931,-7.57,21.98,131328.00
160962,12.09,31.50,4104.00
160994,-7.73,22.13,131328.00
161025,12.12,31.55,4104.00
161056,-7.77,22.05,131328.00
161087,12.25,31.31,4104.00
161118,-7.52,22.19,131328.00
161150,12.10,31.50,4104.00
161181,-7.93,22.19,131328.00
161212,12.12,31.51,4104.00
161243,-7.83,22.10,131328.00
161274,12.22,31.74,4104.00
161306,-7.59,22.35,131328.00
161337,12.34,31.76,4104.00
161368,-7.92,22.36,131328.00
161399,12.30,31.76,4104.00
161430,-7.82,22.51,131328.00
161461,12.38,31.48,4104.00
161493,-7.74,22.45,131328.00
161524,12.33,31.51,4104.00
161555,-7.94,22.57,131328.00
161586,12.40,31.68,4104.00
161617,-7.67,22.68,131328.00
161649,12.44,31.68,4104.00
161680,-7.89,22.82,131328.00
161711,12.32,31.94,4104.00
161742,-7.79,22.74,131328.00
161773,12.44,31.78,4104.00
161805,-7.91,23.00,131328.00
161836,12.47,31.79,4104.00
161867,-7.87,22.96,131328.00
161898,12.47,31.76,4104.00
161929,-7.58,23.19,131328.00
161961,12.48,32.04,4104.00
161992,-7.95,23.25,131328.00
162023,12.61,31.93,4104.00
162054,-7.65,23.41,131328.00
162085,12.40,32.23,4104.00
162116,-7.67,23.42,131328.00
162148,12.39,32.27,4104.00
162179,-7.82,23.70,131328.00
162210,12.51,32.21,4104.00
162241,-7.81,23.74,131328.00
162272,12.67,32.42,4104.00
162304,-8.02,23.82,131328.00
162335,12.75,32.48,4104.00
162366,-7.97,24.04,131328.00
162397,12.76,32.80,4104.00
162428,-8.06,24.42,131328.00
162460,12.81,32.76,4104.00
162491,-7.91,24.84,131328.00
162522,12.93,32.88,4104.00
162553,-7.95,24.94,131328.00
162584,13.02,33.29,4104.00
162615,-8.01,25.10,131328.00
162647,13.22,32.81,4104.00
162678,-7.85,25.23,131328.00
162709,13.28,32.92,4104.00
162740,-7.91,25.30,131328.00
162771,13.19,33.16,4104.00
162803,-7.68,25.40,131328.00
162834,13.27,32.95,4104.00
162865,-7.69,25.35,131328.00
162896,13.12,33.17,4104.00
162927,-7.73,25.27,131328.00
162959,13.09,32.85,4104.00
162990,-7.94,25.42,131328.00
163021,13.29,33.21,4104.00
163052,-7.61,25.50,131328.00
163083,13.00,33.01,4104.00
163115,-7.74,25.53,131328.00
163146,13.29,33.06,4104.00
163177,-7.84,25.58,131328.00
163208,13.34,32.89,4104.00
163239,-7.72,25.73,131328.00
163270,13.32,32.93,4104.00
163302,-7.69,25.70,131328.00
163333,13.28,32.96,4104.00
163364,-7.85,25.60,131328.00
163395,13.26,33.28,4104.00
163426,-7.84,25.66,131328.00
163458,13.19,33.37,4104.00
163489,-7.73,25.91,131328.00
163520,13.24,33.29,4104.00
163551,-7.72,26.05,131328.00
163582,13.41,33.07,4104.00
163614,-7.87,26.15,131328.00
163645,13.45,33.46,4104.00
163676,-7.79,26.28,131328.00
163707,13.63,33.48,4104.00
163738,-7.82,26.58,131328.00
163769,13.61,33.57,4104.00
163801,-7.70,26.59,131328.00
163832,13.53,33.88,4104.00
163863,-7.83,26.76,131328.00
163894,13.50,33.90,4104.00
163925,-7.78,26.61,131328.00
163957,13.70,33.74,4104.00
163988,-7.56,26.82,131328.00
164019,13.65,33.72,4104.00
164050,-7.65,26.66,131328.00
164081,13.68,33.57,4104.00
164113,-7.93,26.63,131328.00
164144,13.50,33.79,4104.00
164175,-7.81,26.69,131328.00
164206,13.57,33.62,4104.00
164237,-7.85,26.60,131328.00
164269,13.56,33.64,4104.00
164300,-7.74,26.65,131328.00
164331,13.55,33.83,4104.00
164362,-7.89,26.56,131328.00
164393,13.45,33.83,4104.00
164424,-7.66,26.66,131328.00
164456,13.47,33.93,4104.00
164487,-7.79,26.64,131328.00
164518,13.41,33.73,4104.00
164549,-7.83,26.72,131328.00
164580,13.67,33.60,4104.00
164612,-7.80,26.64,131328.00
164643,13.63,33.98,4104.00
164674,-7.93,26.45,131328.00
164705,13.57,33.93,4104.00
164736,-7.57,26.66,131328.00
164768,13.67,34.03,4104.00
164799,-7.86,26.62,131328.00
164830,13.58,33.87,4104.00
164861,-7.73,26.84,131328.00
164892,13.71,34.00,4104.00
164923,-7.73,26.87,131328.00
164955,13.66,33.64,4104.00
164986,-7.65,26.81,131328.00
165017,13.69,33.68,4104.00
165048,-7.85,26.76,131328.00
165079,13.57,34.01,4104.00
165111,-7.84,26.84,131328.00
165142,13.74,33.74,4104.00
165173,-7.78,26.79,131328.00
165204,13.60,33.67,4104.00
165235,-7.83,26.76,131328.00
165267,13.57,33.70,4104.00
165298,-7.67,26.86,131328.00
165329,13.41,33.59,4104.00
165360,-7.77,26.63,131328.00
165391,13.58,33.67,4104.00
165423,-7.93,26.19,131328.00
165454,13.32,33.35,4104.00
165485,-7.81,25.98,131328.00
165516,13.44,33.36,4104.00
165547,-7.73,25.87,131328.00
165578,13.16,33.02,4104.00
165610,-7.87,25.47,131328.00
165641,12.97,33.05,4104.00
165672,-7.81,25.37,131328.00
165703,13.08,32.85,4104.00
165734,-7.81,25.11,131328.00
165766,13.16,33.01,4104.00
165797,-7.82,24.92,131328.00
165828,12.89,32.61,4104.00
165859,-7.77,24.83,131328.00
165890,12.76,32.54,4104.00
165922,-7.94,24.59,131328.00
165953,12.99,32.21,4104.00
165984,-7.75,24.49,131328.00
166015,12.91,32.48,4104.00
166046,-7.93,24.23,131328.00
166077,12.75,32.10,4104.00
166109,-7.82,23.89,131328.00
166140,12.61,32.07,4104.00
166171,-7.89,23.99,131328.00
166202,12.48,32.15,4104.00
166233,-7.81,23.95,131328.00
166265,12.55,32.10,4104.00
166296,-7.83,23.87,131328.00
166327,12.65,31.87,4104.00
166358,-8.06,23.70,131328.00
166389,12.53,32.03,4104.00
166421,-7.61,23.57,131328.00
166452,12.52,32.02,4104.00
166483,-7.93,23.51,131328.00
166514,12.43,31.84,4104.00
166545,-7.75,23.34,131328.00
166576,12.54,31.76,4104.00
166608,-8.03,23.39,131328.00
166639,12.59,31.71,4104.00
166670,-7.82,23.28,131328.00
166701,12.59,31.84,4104.00
166732,-7.72,23.18,131328.00
166764,12.34,31.99,4104.00
166795,-7.93,22.98,131328.00
166826,12.52,31.80,4104.00
166857,-7.77,23.33,131328.00
166888,12.28,31.88,4104.00
166920,-7.91,22.99,131328.00
166951,12.51,32.03,4104.00
166982,-7.73,22.84,131328.00
167013,12.43,31.84,4104.00
167044,-8.03,22.91,131328.00
167076,12.49,31.93,4104.00
167107,-7.97,22.82,131328.00
167138,12.51,32.04,4104.00
167169,-7.87,22.88,131328.00
167200,12.49,31.68,4104.00
167231,-7.91,22.92,131328.00
167263,12.49,31.70,4104.00
167294,-7.74,22.61,131328.00
167325,12.22,31.72,4104.00
167356,-7.99,22.53,131328.00
167387,12.27,31.69,4104.00
167419,-8.01,22.36,131328.00
167450,12.20,31.64,4104.00
167481,-7.93,22.37,131328.00
167512,12.26,31.70,4104.00
167543,-7.95,22.43,131328.00
167575,12.21,31.72,4104.00
167606,-8.08,22.14,131328.00
167637,12.20,31.60,4104.00
167668,-8.10,22.25,131328.00
167699,12.35,31.58,4104.00
167730,-7.91,22.44,131328.00
167762,12.40,31.54,4104.00
167793,-8.14,22.27,131328.00
167824,12.35,31.91,4104.00
167855,-8.04,22.31,131328.00
167886,12.30,31.72,4104.00
167918,-7.90,22.21,131328.00
167949,12.39,31.57,4104.00
167980,-7.87,22.34,131328.00
168011,12.35,31.81,4104.00
168042,-8.06,22.38,131328.00
168074,12.25,31.76,4104.00
168105,-8.08,22.41,131328.00
168136,12.32,31.78,4104.00
168167,-7.83,22.46,131328.00
168198,12.38,31.73,4104.00
168230,-8.15,22.49,131328.00
168261,12.34,31.95,4104.00
168292,-8.06,22.44,131328.00
168323,12.40,32.11,4104.00
168354,-7.98,22.59,131328.00
168385,12.47,32.23,4104.00
168417,-8.13,22.76,131328.00
168448,12.43,32.09,4104.00
168479,-8.08,22.85,131328.00
168510,12.51,32.25,4104.00
168541,-8.13,22.82,131328.00
168573,12.43,32.13,4104.00
168604,-7.90,22.88,131328.00
168635,12.59,31.90,4104.00
168666,-7.77,22.81,131328.00
168697,12.45,31.74,4104.00
168729,-8.05,22.93,131328.00
168760,12.56,32.10,4104.00
168791,-8.06,22.96,131328.00
168822,12.53,32.03,4104.00
168853,-8.01,22.87,131328.00
168884,12.49,32.08,4104.00
168916,-7.97,22.98,131328.00
168947,12.61,31.93,4104.00
168978,-7.96,23.20,131328.00
169009,12.60,32.29,4104.00
169040,-8.04,23.13,131328.00
169072,12.53,32.03,4104.00
169103,-8.00,23.29,131328.00
169134,12.65,32.03,4104.00
169165,-7.96,23.56,131328.00
169196,12.67,32.30,4104.00
169228,-8.06,23.51,131328.00
169259,12.61,32.16,4104.00
169290,-8.04,23.65,131328.00
169321,12.68,32.38,4104.00
169352,-7.94,23.68,131328.00
169384,12.92,32.17,4104.00
169415,-8.08,23.86,131328.00
169446,12.88,32.32,4104.00
169477,-8.06,23.95,131328.00
169508,12.81,32.26,4104.00
169539,-7.79,24.10,131328.00
169571,12.90,32.35,4104.00
169602,-7.85,24.13,131328.00
169633,12.74,32.50,4104.00
169664,-7.99,24.17,131328.00
169695,12.99,32.38,4104.00
169727,-7.81,24.37,131328.00
169758,12.68,32.51,4104.00
169789,-8.02,24.39,131328.00
169820,12.73,32.54,4104.00
169851,-7.85,24.45,131328.00
169883,12.93,32.79,4104.00
169914,-7.87,24.78,131328.00
169945,13.18,32.55,4104.00
169976,-8.02,24.72,131328.00
170007,12.93,32.72,4104.00
170038,-7.82,24.82,131328.00
170070,13.02,32.83,4104.00
170101,-8.02,24.97,131328.00
170132,13.03,32.87,4104.00
170163,-7.85,25.29,131328.00
170194,12.98,32.93,4104.00
170226,-7.93,25.29,131328.00
170257,13.17,32.83,4104.00
170288,-7.87,25.29,131328.00
170319,13.03,32.93,4104.00
170350,-7.73,25.42,131328.00
170382,13.24,32.98,4104.00
170413,-7.83,25.79,131328.00
170444,13.25,33.07,4104.00
170475,-7.77,25.60,131328.00
170506,13.22,33.17,4104.00
170538,-7.91,25.90,131328.00
170569,13.41,33.03,4104.00
170600,-7.87,26.00,131328.00
170631,13.36,33.21,4104.00
170662,-7.85,26.03,131328.00
170693,13.47,33.21,4104.00
170725,-7.97,26.14,131328.00
170756,13.47,33.34,4104.00
170787,-7.77,26.19,131328.00
170818,13.34,33.61,4104.00
170849,-8.01,26.25,131328.00
170881,13.57,33.30,4104.00
170912,-7.83,26.31,131328.00
170943,13.65,33.32,4104.00
170974,-8.07,26.36,131328.00
171005,13.36,33.60,4104.00
171037,-7.85,26.54,131328.00
171068,13.46,33.72,4104.00
171099,-8.02,26.52,131328.00
171130,13.38,33.65,4104.00
171161,-8.01,26.56,131328.00
171192,13.57,33.80,4104.00
171224,-7.87,26.42,131328.00
171255,13.59,33.46,4104.00
171286,-7.99,26.52,131328.00
171317,13.51,33.66,4104.00
171348,-8.03,26.45,131328.00
171380,13.64,33.80,4104.00
171411,-7.87,26.45,131328.00
171442,13.35,33.65,4104.00
171473,-7.85,26.37,131328.00
171504,13.37,33.58,4104.00
171536,-8.00,26.19,131328.00
171567,13.61,33.56,4104.00
171598,-7.93,26.06,131328.00
171629,13.27,33.35,4104.00
171660,-7.87,26.05,131328.00
171692,13.47,33.17,4104.00
171723,-7.80,25.98,131328.00
171754,13.32,33.20,4104.00
171785,-7.91,25.58,131328.00
171816,13.32,33.03,4104.00
171847,-7.88,25.64,131328.00
171879,13.23,33.21,4104.00
171910,-7.72,25.38,131328.00
171941,13.08,33.11,4104.00
171972,-7.80,25.09,131328.00
172003,13.08,32.68,4104.00
172035,-7.82,24.94,131328.00
172066,12.96,32.74,4104.00
172097,-7.77,24.76,131328.00
172128,12.78,32.50,4104.00
172159,-7.99,24.55,131328.00
172191,12.92,32.34,4104.00
172222,-7.91,24.43,131328.00
172253,12.83,32.63,4104.00
172284,-7.70,24.35,131328.00
172315,12.77,32.37,4104.00
172346,-7.97,24.11,131328.00
172378,12.69,32.42,4104.00
172409,-7.81,24.06,131328.00
172440,12.77,32.11,4104.00
172471,-7.93,23.87,131328.00
172502,12.70,32.31,4104.00
172534,-7.87,23.59,131328.00
172565,12.58,32.13,4104.00
172596,-7.79,23.61,131328.00
172627,12.48,32.08,4104.00
172658,-7.77,23.45,131328.00
172690,12.59,31.93,4104.00
172721,-7.97,23.25,131328.00
172752,12.62,32.19,4104.00
172783,-7.92,23.22,131328.00
172814,12.51,32.15,4104.00
172846,-7.89,23.22,131328.00
172877,12.65,31.88,4104.00
172908,-7.75,23.14,131328.00
172939,12.36,31.85,4104.00
172970,-7.97,23.09,131328.00
173001,12.45,32.01,4104.00
173033,-8.06,22.99,131328.00
173064,12.35,31.79,4104.00
173095,-7.82,22.94,131328.00
173126,12.55,31.66,4104.00
173157,-7.96,22.72,131328.00
173189,12.43,31.98,4104.00
173220,-7.85,22.80,131328.00
173251,12.59,31.91,4104.00
173282,-8.01,22.53,131328.00
173313,12.34,31.94,4104.00
173345,-7.80,22.72,131328.00
173376,12.32,31.89,4104.00
173407,-7.97,22.52,131328.00
173438,12.45,31.62,4104.00
173469,-7.81,22.58,131328.00
173500,12.23,31.82,4104.00
173532,-8.02,22.53,131328.00
173563,12.34,31.87,4104.00
173594,-8.10,22.48,131328.00
173625,12.32,31.76,4104.00
173656,-8.10,22.45,131328.00
173688,12.41,31.57,4104.00
173719,-7.96,22.38,131328.00
173750,12.20,31.84,4104.00
173781,-7.91,22.37,131328.00
173812,12.33,31.88,4104.00
173844,-7.82,22.35,131328.00
173875,12.30,31.85,4104.00
173906,-7.98,22.14,131328.00
173937,12.39,31.65,4104.00
173968,-7.89,22.35,131328.00
174000,12.44,31.84,4104.00
174031,-8.17,22.28,131328.00
174062,12.23,31.73,4104.00
174093,-7.75,22.34,131328.00
174124,12.33,31.94,4104.00
174155,-7.94,22.29,131328.00
174187,12.40,31.62,4104.00
174218,-7.77,22.45,131328.00
174249,12.30,31.93,4104.00
174280,-7.88,22.27,131328.00
174311,12.15,31.74,4104.00
174343,-8.04,22.21,131328.00
174374,12.32,31.93,4104.00
174405,-7.75,22.21,131328.00
174436,12.22,31.90,4104.00
174467,-8.04,22.14,131328.00
174499,12.12,31.85,4104.00
174530,-8.04,22.21,131328.00
174561,12.40,31.56,4104.00
174592,-7.79,22.37,131328.00
174623,12.20,31.73,4104.00
174654,-8.01,22.43,131328.00
174686,12.41,31.72,4104.00
174717,-7.85,22.56,131328.00
174748,12.31,31.93,4104.00
174779,-7.88,22.55,131328.00
174810,12.33,31.87,4104.00
174842,-7.91,22.68,131328.00
174873,12.34,32.01,4104.00
174904,-8.06,22.68,131328.00
174935,12.57,32.20,4104.00
174966,-7.78,22.82,131328.00
174998,12.58,31.95,4104.00
175029,-8.14,22.88,131328.00
175060,12.32,32.15,4104.00
175091,-7.97,22.92,131328.00
175122,12.47,32.11,4104.00
175153,-8.15,23.04,131328.00
175185,12.56,31.99,4104.00
175216,-8.04,23.29,131328.00
175247,12.55,32.37,4104.00
175278,-7.94,23.08,131328.00
175309,12.55,32.44,4104.00
175341,-7.89,23.22,131328.00
175372,12.65,32.11,4104.00
175403,-7.95,23.30,131328.00
175434,12.49,32.35,4104.00
175465,-8.08,23.41,131328.00
175497,12.69,32.13,4104.00
175528,-8.08,23.48,131328.00
175559,12.68,32.21,4104.00
175590,-7.86,23.75,131328.00
175621,12.61,32.39,4104.00
175653,-8.06,23.60,131328.00
175684,12.74,32.44,4104.00
175715,-8.06,23.86,131328.00
175746,12.85,32.54,4104.00
175777,-8.00,23.83,131328.00
175808,12.84,32.31,4104.00
175840,-7.79,23.97,131328.00
175871,12.71,32.54,4104.00
175902,-7.95,24.20,131328.00
175933,12.83,32.74,4104.00
175964,-8.07,23.97,131328.00
175996,12.86,32.72,4104.00
176027,-8.08,24.31,131328.00
176058,12.79,32.66,4104.00
176089,-7.85,24.43,131328.00
176120,13.02,32.50,4104.00
176152,-7.97,24.42,131328.00
176183,12.88,32.78,4104.00
176214,-7.84,24.77,131328.00
176245,12.92,32.87,4104.00
176276,-7.73,24.62,131328.00
176307,12.90,32.78,4104.00
176339,-7.67,24.74,131328.00
176370,13.13,32.98,4104.00
176401,-8.06,24.94,131328.00
176432,12.94,33.04,4104.00
176463,-7.89,24.92,131328.00
176495,13.01,32.85,4104.00
176526,-7.75,25.21,131328.00
176557,13.07,33.23,4104.00
176588,-8.01,25.33,131328.00
176619,13.11,33.07,4104.00
176651,-8.01,25.41,131328.00
176682,13.31,33.01,4104.00
176713,-7.91,25.51,131328.00
176744,13.32,32.99,4104.00
176775,-7.89,25.51,131328.00
176807,13.25,33.23,4104.00
176838,-7.74,25.68,131328.00
176869,13.33,33.07,4104.00
176900,-7.73,25.89,131328.00
176931,13.45,33.13,4104.00
176962,-7.92,25.90,131328.00
176994,13.51,33.50,4104.00
177025,-7.73,26.02,131328.00
177056,13.43,33.27,4104.00
177087,-7.81,26.14,131328.00
177118,13.47,33.34,4104.00
177150,-7.91,26.27,131328.00
177181,13.61,33.79,4104.00
177212,-8.01,26.33,131328.00
177243,13.41,33.58,4104.00
177274,-7.94,26.46,131328.00
177306,13.62,33.54,4104.00
177337,-7.97,26.43,131328.00
177368,13.61,33.65,4104.00
177399,-7.82,26.52,131328.00
177430,13.48,33.85,4104.00
177461,-7.77,26.49,131328.00
177493,13.53,33.80,4104.00
177524,-8.05,26.28,131328.00
177555,13.60,33.49,4104.00
177586,-7.59,26.47,131328.00
177617,13.59,33.44,4104.00
177649,-7.72,26.45,131328.00
177680,13.54,33.54,4104.00
177711,-7.65,26.48,131328.00
177742,13.55,33.44,4104.00
177773,-7.96,26.38,131328.00
177805,13.62,33.46,4104.00
177836,-7.76,26.39,131328.00
177867,13.66,33.92,4104.00
177898,-7.85,26.52,131328.00
177929,13.69,33.38,4104.00
177961,-7.93,26.29,131328.00
177992,13.43,33.70,4104.00
178023,-7.95,26.07,131328.00
178054,13.35,33.36,4104.00
178085,-7.63,26.16,131328.00
178116,13.34,33.44,4104.00
178148,-7.73,25.95,131328.00
178179,13.27,33.25,4104.00
178210,-7.97,25.85,131328.00
178241,13.33,33.36,4104.00
178272,-7.94,25.45,131328.00
178304,13.18,33.29,4104.00
178335,-7.98,25.47,131328.00
178366,13.00,33.01,4104.00
178397,-7.91,25.31,131328.00
178428,13.06,32.93,4104.00
178460,-7.92,25.01,131328.00
178491,13.11,32.76,4104.00
178522,-7.73,24.91,131328.00
178553,13.09,32.56,4104.00
178584,-7.80,24.74,131328.00
178615,12.95,32.80,4104.00
178647,-7.89,24.62,131328.00
178678,12.83,32.70,4104.00
178709,-7.92,24.31,131328.00
178740,12.66,32.45,4104.00
178771,-8.01,24.30,131328.00
178803,12.71,32.42,4104.00
178834,-7.86,24.06,131328.00
178865,12.67,32.27,4104.00
178896,-7.93,23.89,131328.00
178927,12.75,32.02,4104.00
178959,-7.65,23.77,131328.00
178990,12.55,32.33,4104.00
179021,-7.95,23.51,131328.00
179052,12.65,32.05,4104.00
179083,-7.99,23.57,131328.00
179115,12.54,32.11,4104.00
179146,-7.98,23.64,131328.00
179177,12.55,31.92,4104.00
179208,-7.75,23.45,131328.00
179239,12.53,31.90,4104.00
179270,-7.84,23.37,131328.00
179302,12.65,31.74,4104.00
179333,-8.03,23.12,131328.00
179364,12.41,32.03,4104.00
179395,-8.01,23.15,131328.00
179426,12.62,31.74,4104.00
179458,-8.01,23.08,131328.00
179489,12.42,32.06,4104.00
179520,-7.97,22.86,131328.00
179551,12.56,31.62,4104.00
179582,-8.02,22.92,131328.00
179614,12.53,31.73,4104.00
179645,-8.01,22.84,131328.00
179676,12.32,32.03,4104.00
179707,-7.80,22.76,131328.00
179738,12.47,31.67,4104.00
179769,-8.06,22.67,131328.00
179801,12.41,31.85,4104.00
179832,-7.82,22.72,131328.00
179863,12.36,31.90,4104.00
179894,-8.06,22.72,131328.00
179925,12.28,31.77,4104.00
179957,-7.98,22.62,131328.00
179988,12.38,31.56,4104.00
180019,-7.99,22.61,131328.00
180050,12.38,31.91,4104.00
180081,-7.80,22.47,131328.00
180113,12.23,31.72,4104.00
180144,-8.01,22.41,131328.00
180175,12.19,31.63,4104.00
180206,-7.95,22.39,131328.00
180237,12.32,31.52,4104.00
180269,-7.86,22.39,131328.00
180300,12.44,31.89,4104.00
180331,-8.08,22.12,131328.00
180362,12.32,31.56,4104.00
180393,-7.89,22.45,131328.00
180424,12.29,31.85,4104.00
180456,-8.02,22.25,131328.00
180487,12.28,31.58,4104.00
180518,-7.81,22.39,131328.00
180549,12.09,31.77,4104.00
180580,-7.99,22.36,131328.00
180612,12.35,31.59,4104.00
180643,-7.69,22.27,131328.00
180674,12.16,31.74,4104.00
180705,-7.70,22.31,131328.00
180736,12.20,31.82,4104.00
180768,-8.01,22.20,131328.00
180799,12.27,31.89,4104.00
180830,-7.69,22.29,131328.00
180861,12.17,31.74,4104.00
180892,-7.93,22.39,131328.00
180923,12.16,31.69,4104.00
180955,-7.99,22.32,131328.00
180986,12.28,31.58,4104.00
181017,-7.85,22.39,131328.00
181048,12.13,31.78,4104.00
181079,-8.02,22.31,131328.00
181111,12.12,31.72,4104.00
181142,-7.94,22.24,131328.00
181173,12.14,31.75,4104.00
181204,-8.01,22.23,131328.00
181235,12.22,31.69,4104.00
181267,-8.01,22.27,131328.00
181298,12.39,31.66,4104.00
181329,-7.83,22.35,131328.00
181360,12.29,31.99,4104.00
181391,-8.01,22.39,131328.00
181423,12.44,32.03,4104.00
181454,-8.05,22.47,131328.00
181485,12.27,31.74,4104.00
181516,-8.03,22.57,131328.00
181547,12.42,31.74,4104.00
181578,-8.02,22.72,131328.00
181610,12.26,31.91,4104.00
181641,-8.13,22.71,131328.00
181672,12.33,31.87,4104.00
181703,-8.04,22.78,131328.00
181734,12.50,31.86,4104.00
181766,-8.21,22.90,131328.00
181797,12.45,32.23,4104.00
181828,-8.06,22.83,131328.00
181859,12.41,31.97,4104.00
181890,-7.93,23.04,131328.00
181922,12.57,32.18,4104.00
181953,-7.93,22.97,131328.00
181984,12.54,31.87,4104.00
182015,-8.06,23.13,131328.00
182046,12.46,32.34,4104.00
182077,-7.95,23.11,131328.00
182109,12.41,32.11,4104.00
182140,-7.99,23.28,131328.00
182171,12.61,32.03,4104.00
182202,-7.74,23.39,131328.00
182233,12.57,32.34,4104.00
182265,-8.04,23.45,131328.00
182296,12.57,32.20,4104.00
182327,-7.97,23.59,131328.00
182358,12.64,32.27,4104.00
182389,-7.91,23.81,131328.00
182421,12.79,32.17,4104.00
182452,-7.96,23.74,131328.00
182483,12.68,32.32,4104.00
182514,-8.16,23.78,131328.00
182545,12.66,32.44,4104.00
182576,-7.99,24.02,131328.00
182608,12.89,32.32,4104.00
182639,-7.99,24.11,131328.00
182670,12.94,32.39,4104.00
182701,-7.90,24.38,131328.00
182732,12.89,32.34,4104.00
182764,-7.89,24.44,131328.00
182795,12.84,32.72,4104.00
182826,-7.98,24.32,131328.00
182857,12.84,32.80,4104.00
182888,-7.95,24.43,131328.00
182920,12.97,32.93,4104.00
182951,-7.93,24.56,131328.00
182982,12.92,32.78,4104.00
183013,-7.91,24.68,131328.00
183044,12.89,32.78,4104.00
183076,-7.78,24.87,131328.00
183107,12.97,32.80,4104.00
183138,-7.91,24.95,131328.00
183169,12.93,32.91,4104.00
183200,-7.78,25.00,131328.00
183231,13.04,33.01,4104.00
183263,-7.85,25.12,131328.00
183294,13.00,33.02,4104.00
183325,-7.92,25.33,131328.00
183356,13.06,33.21,4104.00
183387,-7.73,25.38,131328.00
183419,13.24,33.00,4104.00
183450,-7.78,25.83,131328.00
183481,13.30,33.11,4104.00
183512,-7.91,25.62,131328.00
183543,13.26,33.34,4104.00
183575,-7.91,25.74,131328.00
183606,13.22,33.22,4104.00
183637,-7.99,25.98,131328.00
183668,13.39,33.37,4104.00
183699,-7.85,26.05,131328.00
183730,13.43,33.38,4104.00
183762,-7.79,26.13,131328.00
183793,13.30,33.46,4104.00
183824,-7.78,26.29,131328.00
183855,13.49,33.34,4104.00
183886,-7.81,26.15,131328.00
183918,13.39,33.56,4104.00
183949,-7.96,26.02,131328.00
183980,13.41,33.56,4104.00
184011,-7.89,26.21,131328.00
184042,13.36,33.66,4104.00
184074,-7.94,26.03,131328.00
184105,13.36,33.66,4104.00
184136,-7.92,26.19,131328.00
184167,13.25,33.56,4104.00
184198,-7.80,26.34,131328.00
184230,13.40,33.30,4104.00
184261,-7.65,26.07,131328.00
184292,13.45,33.69,4104.00
184323,-7.63,26.13,131328.00
184354,13.39,33.62,4104.00
184385,-7.67,26.08,131328.00
184417,13.45,33.28,4104.00
184448,-7.71,26.14,131328.00
184479,13.36,33.42,4104.00
184510,-7.86,25.66,131328.00
184541,13.20,33.13,4104.00
184573,-7.74,25.61,131328.00
184604,13.08,33.07,4104.00
184635,-7.86,25.41,131328.00
184666,13.05,32.96,4104.00
184697,-7.83,25.31,131328.00
184729,13.10,32.92,4104.00
184760,-7.60,25.09,131328.00
184791,12.96,32.74,4104.00
184822,-7.58,24.92,131328.00
184853,13.06,32.60,4104.00
184884,-7.94,24.77,131328.00
184916,12.83,32.83,4104.00
184947,-7.81,24.64,131328.00
184978,12.93,32.69,4104.00
185009,-7.85,24.60,131328.00
185040,12.94,32.75,4104.00
185072,-7.97,24.30,131328.00
185103,12.84,32.20,4104.00
185134,-8.00,24.22,131328.00
185165,12.71,32.46,4104.00
185196,-7.83,24.01,131328.00
185228,12.67,32.24,4104.00
185259,-7.99,23.89,131328.00
185290,12.63,32.08,4104.00
185321,-7.81,23.90,131328.00
185352,12.73,32.06,4104.00
185384,-8.03,23.60,131328.00
185415,12.50,32.09,4104.00
185446,-7.91,23.50,131328.00
185477,12.57,31.93,4104.00
185508,-7.98,23.27,131328.00
185539,12.47,32.08,4104.00
185571,-8.00,23.51,131328.00
185602,12.69,31.94,4104.00
185633,-7.92,23.20,131328.00
185664,12.49,31.90,4104.00
185695,-7.85,23.35,131328.00
185727,12.65,31.80,4104.00
185758,-7.81,23.10,131328.00
185789,12.34,31.91,4104.00
185820,-7.97,22.85,131328.00
185851,12.43,31.84,4104.00
185883,-7.95,22.97,131328.00
185914,12.39,32.05,4104.00
185945,-8.02,22.98,131328.00
185976,12.34,31.84,4104.00
186007,-7.97,22.90,131328.00
186038,12.41,31.90,4104.00
186070,-7.98,22.74,131328.00
186101,12.39,31.64,4104.00
186132,-7.90,22.73,131328.00
186163,12.49,31.64,4104.00
186194,-7.91,22.68,131328.00
186226,12.41,31.60,4104.00
186257,-7.87,22.53,131328.00
186288,12.30,31.78,4104.00
186319,-8.08,22.47,131328.00
186350,12.46,31.67,4104.00
186382,-7.99,22.56,131328.00
186413,12.24,31.71,4104.00
186444,-7.96,22.47,131328.00
186475,12.24,31.71,4104.00
186506,-8.04,22.43,131328.00
186538,12.46,31.98,4104.00
186569,-7.97,22.33,131328.00
186600,12.38,31.87,4104.00
186631,-8.05,22.32,131328.00
186662,12.26,31.92,4104.00
186693,-7.96,22.41,131328.00
186725,12.40,31.60,4104.00
186756,-7.90,22.50,131328.00
186787,12.26,31.84,4104.00
186818,-7.78,22.27,131328.00
186849,12.20,31.84,4104.00
186881,-7.97,22.27,131328.00
186912,12.30,31.50,4104.00
186943,-8.06,22.31,131328.00
186974,12.24,31.77,4104.00
187005,-7.95,22.23,131328.00
187037,12.34,31.53,4104.00
187068,-7.94,22.41,131328.00
187099,12.32,31.62,4104.00
187130,-7.80,22.25,131328.00
187161,12.38,31.71,4104.00
187192,-7.97,22.27,131328.00
187224,12.04,31.82,4104.00
187255,-8.08,22.29,131328.00
187286,12.34,31.58,4104.00
187317,-7.81,22.27,131328.00
187348,12.17,31.80,4104.00
187380,-7.89,22.26,131328.00
187411,12.21,31.67,4104.00
187442,-8.07,22.08,131328.00
187473,12.19,31.98,4104.00
187504,-8.04,22.29,131328.00
187536,12.26,31.68,4104.00
187567,-7.93,22.19,131328.00
187598,12.25,31.59,4104.00
187629,-8.07,22.10,131328.00
187660,12.28,31.68,4104.00
187692,-7.93,22.29,131328.00
187723,12.20,31.93,4104.00
187754,-7.81,22.43,131328.00
187785,12.10,31.89,4104.00
187816,-7.79,22.58,131328.00
187847,12.22,32.09,4104.00
187879,-7.97,22.57,131328.00
187910,12.33,32.07,4104.00
187941,-7.95,22.64,131328.00
187972,12.44,32.04,4104.00
188003,-8.03,22.69,131328.00
188035,12.37,31.84,4104.00
188066,-8.06,22.76,131328.00
188097,12.30,31.93,4104.00
188128,-7.87,22.83,131328.00
188159,12.53,31.82,4104.00
188191,-8.20,22.82,131328.00
188222,12.38,32.10,4104.00
188253,-7.82,22.95,131328.00
188284,12.45,32.09,4104.00
188315,-8.01,22.96,131328.00
188346,12.52,31.86,4104.00
188378,-7.97,23.25,131328.00
188409,12.44,31.99,4104.00
188440,-8.00,23.04,131328.00
188471,12.45,32.15,4104.00
188502,-7.95,23.29,131328.00
188534,12.57,32.30,4104.00
188565,-8.00,23.37,131328.00
188596,12.58,32.20,4104.00
188627,-7.97,23.39,131328.00
188658,12.57,32.03,4104.00
188690,-7.95,23.53,131328.00
188721,12.51,32.25,4104.00
188752,-7.96,23.45,131328.00
188783,12.45,32.32,4104.00
188814,-7.84,23.72,131328.00
188846,12.72,32.15,4104.00
188877,-8.00,23.86,131328.00
188908,12.58,32.35,4104.00
188939,-7.98,23.95,131328.00
188970,12.73,32.30,4104.00
189001,-8.01,24.03,131328.00
189033,12.81,32.63,4104.00
189064,-8.00,24.13,131328.00
189095,12.75,32.48,4104.00
189126,-7.69,24.21,131328.00
189157,12.90,32.26,4104.00
189189,-7.85,24.37,131328.00
189220,12.81,32.49,4104.00
189251,-7.97,24.28,131328.00
189282,12.85,32.69,4104.00
189313,-7.88,24.45,131328.00
189345,13.08,32.64,4104.00
189376,-7.77,24.70,131328.00
189407,12.85,32.87,4104.00
189438,-7.98,24.72,131328.00
189469,13.03,32.70,4104.00
189500,-8.01,24.83,131328.00
189532,13.10,32.74,4104.00
189563,-7.77,24.94,131328.00
189594,13.14,32.67,4104.00
189625,-7.91,25.02,131328.00
189656,13.04,33.13,4104.00
189688,-7.89,24.95,131328.00
189719,13.00,33.07,4104.00
189750,-7.87,25.12,131328.00
189781,13.14,33.03,4104.00
189812,-7.80,25.29,131328.00
189844,13.17,32.91,4104.00
189875,-7.75,25.57,131328.00
189906,13.25,32.95,4104.00
189937,-7.89,25.49,131328.00
189968,13.20,32.91,4104.00
190000,-7.72,25.49,131328.00
190031,13.26,32.99,4104.00
190062,-7.57,25.57,131328.00
190093,13.20,33.15,4104.00
190124,-7.69,25.64,131328.00
190155,13.34,33.37,4104.00
190187,-7.75,25.49,131328.00
190218,13.20,33.35,4104.00
190249,-7.69,25.49,131328.00
190280,13.26,32.92,4104.00
190311,-7.96,25.52,131328.00
190343,13.16,33.10,4104.00
190374,-7.91,25.39,131328.00
190405,13.12,33.26,4104.00
190436,-7.79,25.21,131328.00
190467,12.99,32.93,4104.00
190499,-7.91,25.24,131328.00
190530,12.93,32.92,4104.00
190561,-7.88,25.20,131328.00
190592,13.18,32.72,4104.00
190623,-7.79,25.02,131328.00
190654,12.85,32.73,4104.00
190686,-7.75,24.78,131328.00
190717,12.88,32.61,4104.00
190748,-7.81,24.62,131328.00
190779,12.77,32.46,4104.00
190810,-7.67,24.41,131328.00
190842,12.79,32.42,4104.00
190873,-7.65,24.29,131328.00
190904,12.66,32.31,4104.00
190935,-7.82,24.21,131328.00
190966,12.69,32.44,4104.00
190998,-7.79,24.09,131328.00
191029,12.79,32.39,4104.00
191060,-7.99,23.78,131328.00
191091,12.53,32.08,4104.00
191122,-7.81,23.54,131328.00
191153,12.58,32.21,4104.00
191185,-7.87,23.55,131328.00
191216,12.62,31.78,4104.00
191247,-7.95,23.38,131328.00
191278,12.49,31.98,4104.00
191309,-7.90,23.22,131328.00
191341,12.41,31.91,4104.00
191372,-7.91,23.21,131328.00
191403,12.50,31.97,4104.00
191434,-7.72,23.11,131328.00
191465,12.36,32.04,4104.00
191497,-7.83,23.01,131328.00
191528,12.50,31.93,4104.00
191559,-7.71,22.92,131328.00
191590,12.27,31.73,4104.00
191621,-8.02,22.94,131328.00
191653,12.28,31.66,4104.00
191684,-8.04,22.76,131328.00
191715,12.41,32.01,4104.00
191746,-7.99,22.67,131328.00
191777,12.39,31.85,4104.00
191808,-8.02,22.64,131328.00
191840,12.39,31.64,4104.00
191871,-7.85,22.66,131328.00
191902,12.30,31.73,4104.00
191933,-7.94,22.53,131328.00
191964,12.30,31.66,4104.00
191996,-7.89,22.31,131328.00
192027,12.21,31.79,4104.00
192058,-7.99,22.39,131328.00
192089,12.35,31.44,4104.00
192120,-7.73,22.37,131328.00
192152,12.18,31.57,4104.00
192183,-7.96,22.21,131328.00
192214,12.36,31.78,4104.00
192245,-7.97,22.33,131328.00
192276,12.29,31.43,4104.00
192307,-7.71,22.31,131328.00
192339,12.14,31.58,4104.00
192370,-8.04,22.20,131328.00
192401,12.09,31.70,4104.00
192432,-8.07,22.32,131328.00
192463,12.13,31.72,4104.00
192495,-7.73,22.47,131328.00
192526,12.41,31.93,4104.00
192557,-7.62,22.37,131328.00
192588,12.33,31.48,4104.00
192619,-7.93,22.23,131328.00
192651,12.15,31.77,4104.00
192682,-7.76,22.21,131328.00
192713,12.06,31.61,4104.00
192744,-7.94,22.22,131328.00
192775,12.26,31.73,4104.00
192807,-7.85,22.35,131328.00
192838,12.20,31.42,4104.00
192869,-7.68,22.23,131328.00
192900,12.12,31.67,4104.00
192931,-7.91,22.02,131328.00
192962,12.21,31.42,4104.00
192994,-7.89,22.15,131328.00
193025,12.08,31.35,4104.00
193056,-7.57,22.02,131328.00
193087,12.23,31.58,4104.00
193118,-7.71,22.04,131328.00
193150,12.02,31.35,4104.00
193181,-7.67,22.00,131328.00
193212,11.97,31.51,4104.00
193243,-7.85,22.04,131328.00
193274,12.14,31.57,4104.00
193306,-7.59,22.02,131328.00
193337,12.08,31.47,4104.00
193368,-7.76,22.23,131328.00
193399,12.05,31.37,4104.00
193430,-7.85,22.00,131328.00
193461,12.22,31.20,4104.00
193493,-7.72,21.93,131328.00
193524,12.21,31.12,4104.00
193555,-7.86,21.93,131328.00
193586,12.14,31.23,4104.00
193617,-7.83,21.88,131328.00
193649,12.12,31.17,4104.00
193680,-7.85,21.91,131328.00
193711,11.95,31.38,4104.00
193742,-7.68,21.82,131328.00
193773,12.21,31.08,4104.00
193805,-7.65,21.84,131328.00
193836,12.02,31.33,4104.00
193867,-7.67,22.03,131328.00
193898,12.12,31.42,4104.00
193929,-7.77,21.90,131328.00
193961,11.93,31.31,4104.00
193992,-7.68,22.02,131328.00
194023,12.08,31.56,4104.00
194054,-7.97,22.10,131328.00
194085,12.20,31.64,4104.00
194116,-7.98,22.17,131328.00
194148,12.17,31.57,4104.00
194179,-7.84,22.29,131328.00
194210,12.24,31.73,4104.00
194241,-7.78,22.27,131328.00
194272,12.19,31.68,4104.00
194304,-7.71,22.54,131328.00
194335,12.24,31.68,4104.00
194366,-7.75,22.63,131328.00
194397,12.46,32.03,4104.00
194428,-7.83,22.66,131328.00
194460,12.41,31.76,4104.00
194491,-7.66,22.91,131328.00
194522,12.31,31.95,4104.00
194553,-7.79,22.77,131328.00
194584,12.23,31.69,4104.00
194615,-7.43,22.94,131328.00
194647,12.29,31.79,4104.00
194678,-7.77,22.98,131328.00
194709,12.28,31.99,4104.00
194740,-7.84,22.79,131328.00
194771,12.32,31.70,4104.00
194803,-7.71,23.15,131328.00
194834,12.34,31.71,4104.00
194865,-7.92,23.20,131328.00
194896,12.38,32.05,4104.00
194927,-7.75,23.31,131328.00
194959,12.36,32.06,4104.00
194990,-7.71,23.51,131328.00
195021,12.52,32.09,4104.00
195052,-7.86,23.64,131328.00
195083,12.55,32.25,4104.00
195115,-7.96,23.67,131328.00
195146,12.49,32.29,4104.00
195177,-7.70,23.88,131328.00
195208,12.50,32.36,4104.00
195239,-7.73,23.98,131328.00
195270,12.57,32.05,4104.00
195302,-7.82,23.95,131328.00
195333,12.70,31.96,4104.00
195364,-7.68,24.12,131328.00
195395,12.70,32.08,4104.00
195426,-7.99,24.06,131328.00
195458,12.74,32.05,4104.00
195489,-7.84,24.15,131328.00
195520,12.72,32.25,4104.00
195551,-7.87,24.20,131328.00
195582,12.68,32.01,4104.00
195614,-7.78,24.36,131328.00
195645,12.87,31.99,4104.00
195676,-7.85,24.53,131328.00
195707,12.98,32.51,4104.00
195738,-7.77,24.79,131328.00
195769,12.83,32.40,4104.00
195801,-7.58,24.74,131328.00
195832,13.00,32.27,4104.00
195863,-7.84,24.88,131328.00
195894,13.03,32.27,4104.00
195925,-7.72,25.15,131328.00
195957,13.00,32.49,4104.00
195988,-7.88,25.04,131328.00
196019,12.85,32.75,4104.00
196050,-7.81,24.96,131328.00
196081,12.89,32.53,4104.00
196113,-7.78,25.01,131328.00
196144,13.00,32.81,4104.00
196175,-7.83,25.15,131328.00
196206,12.96,32.91,4104.00
196237,-7.59,25.17,131328.00
196269,12.94,32.88,4104.00
196300,-7.85,25.04,131328.00
196331,13.09,32.44,4104.00
196362,-7.63,25.11,131328.00
196393,13.04,32.38,4104.00
196424,-7.63,25.00,131328.00
196456,13.16,32.13,4104.00
196487,-7.73,25.06,131328.00
196518,12.91,32.60,4104.00
196549,-7.79,25.14,131328.00
196580,13.10,32.29,4104.00
196612,-7.80,24.91,131328.00
196643,13.02,32.25,4104.00
196674,-7.82,24.94,131328.00
196705,13.00,32.20,4104.00
196736,-7.66,24.92,131328.00
196768,13.11,32.37,4104.00
196799,-7.99,24.54,131328.00
196830,12.96,32.26,4104.00
196861,-8.10,24.76,131328.00
196892,12.89,32.33,4104.00
196923,-7.84,24.75,131328.00
196955,12.69,32.44,4104.00
196986,-7.92,24.72,131328.00
197017,13.00,32.29,4104.00
197048,-7.83,24.65,131328.00
197079,12.90,32.55,4104.00
197111,-7.89,24.53,131328.00
197142,12.95,32.15,4104.00
197173,-8.01,24.53,131328.00
197204,12.84,32.31,4104.00
197235,-7.99,24.52,131328.00
197267,12.85,32.41,4104.00
197298,-8.07,24.29,131328.00
197329,12.89,32.38,4104.00
197360,-7.75,24.39,131328.00
197391,12.73,32.20,4104.00
197423,-8.01,24.09,131328.00
197454,12.75,32.28,4104.00
197485,-7.91,23.94,131328.00
197516,12.75,31.82,4104.00
197547,-8.01,23.94,131328.00
197578,12.56,32.13,4104.00
197610,-7.97,23.79,131328.00
197641,12.57,31.98,4104.00
197672,-7.97,23.92,131328.00
197703,12.60,32.19,4104.00
197734,-7.80,23.78,131328.00
197766,12.51,32.15,4104.00
197797,-7.71,23.78,131328.00
197828,12.51,31.97,4104.00
197859,-7.77,23.37,131328.00
197890,12.55,32.01,4104.00
197922,-7.72,23.31,131328.00
197953,12.55,31.79,4104.00
197984,-7.65,23.45,131328.00
198015,12.47,32.03,4104.00
198046,-7.76,23.25,131328.00
198077,12.33,31.80,4104.00
198109,-7.50,23.40,131328.00
198140,12.53,31.52,4104.00
198171,-7.77,23.53,131328.00
198202,12.49,31.86,4104.00
198233,-7.51,23.38,131328.00
198265,12.47,31.46,4104.00
198296,-7.61,23.44,131328.00
198327,12.32,31.77,4104.00
198358,-7.38,23.59,131328.00
198389,12.48,32.02,4104.00
198421,-7.58,23.60,131328.00
198452,12.61,31.99,4104.00
198483,-7.49,23.52,131328.00
198514,12.69,32.09,4104.00
198545,-7.57,23.76,131328.00
198576,12.67,31.78,4104.00
198608,-7.41,23.66,131328.00
198639,12.55,32.17,4104.00
198670,-7.53,23.70,131328.00
198701,12.54,31.72,4104.00
198732,-7.50,23.76,131328.00
198764,12.41,31.92,4104.00
198795,-7.34,23.99,131328.00
198826,12.55,31.99,4104.00
198857,-7.36,23.94,131328.00
198888,12.40,31.91,4104.00
198920,-7.08,23.90,131328.00
198951,12.47,31.99,4104.00
198982,-7.36,24.21,131328.00
199013,12.55,31.81,4104.00
199044,-7.28,24.04,131328.00
199076,12.55,32.09,4104.00
199107,-7.33,24.17,131328.00
199138,12.71,31.83,4104.00
199169,-7.41,24.19,131328.00
199200,12.60,31.98,4104.00
199231,-7.07,24.15,131328.00
199263,12.49,31.91,4104.00
199294,-7.34,24.10,131328.00
199325,12.42,31.95,4104.00
199356,-7.48,23.92,131328.00
199387,12.56,31.52,4104.00
199419,-7.29,23.83,131328.00
199450,12.41,31.66,4104.00
199481,-6.85,24.03,131328.00
199512,12.30,31.76,4104.00
199543,-6.98,23.78,131328.00
199575,12.43,31.40,4104.00
199606,-7.32,23.80,131328.00
199637,12.51,31.43,4104.00
199668,-7.10,23.54,131328.00
199699,12.33,31.57,4104.00
199730,-7.14,23.94,131328.00
199762,12.38,31.60,4104.00
199793,-7.32,23.75,131328.00
199824,12.51,31.60,4104.00
199855,-7.19,23.70,131328.00
199886,12.49,31.62,4104.00
199918,-7.22,23.76,131328.00
199949,12.41,31.66,4104.00
199980,-7.19,23.77,131328.00
200011,12.57,31.48,4104.00
200042,-7.16,23.83,131328.00
200074,12.40,31.83,4104.00
200105,-7.45,23.80,131328.00
200136,12.60,31.79,4104.00
200167,-7.20,23.94,131328.00
200198,12.43,31.49,4104.00
200230,-7.16,24.04,131328.00
200261,12.57,32.11,4104.00
200292,-7.21,24.70,131328.00
200323,12.44,32.35,4104.00
200354,-6.93,24.98,131328.00
200385,12.37,32.71,4104.00
200417,-6.93,25.33,131328.00
200448,12.59,32.99,4104.00
200479,-6.98,25.78,131328.00
200510,12.75,32.92,4104.00
200541,-6.93,26.09,131328.00
200573,12.79,33.54,4104.00
200604,-6.92,26.49,131328.00
200635,12.80,33.68,4104.00
200666,-6.71,27.09,131328.00
200697,13.12,33.99,4104.00
200729,-7.12,27.56,131328.00
200760,13.32,34.22,4104.00
200791,-7.13,27.84,131328.00
200822,13.62,34.11,4104.00
200853,-7.11,28.26,131328.00
200884,13.47,34.23,4104.00
200916,-6.93,28.53,131328.00
200947,13.79,34.34,4104.00
200978,-6.74,28.94,131328.00
201009,13.77,34.64,4104.00
201040,-7.10,28.91,131328.00
201072,13.86,34.75,4104.00
201103,-7.13,29.33,131328.00
201134,13.96,34.86,4104.00
201165,-7.06,29.63,131328.00
201196,14.11,35.30,4104.00
201228,-6.93,29.76,131328.00
201259,14.10,35.12,4104.00
201290,-6.54,29.94,131328.00
201321,14.07,35.56,4104.00
201352,-6.81,29.79,131328.00
201384,14.04,35.52,4104.00
201415,-6.73,29.70,131328.00
201446,13.94,35.44,4104.00
201477,-6.65,29.33,131328.00
201508,13.77,35.26,4104.00
201539,-6.66,28.72,131328.00
201571,13.47,34.79,4104.00
201602,-6.50,28.42,131328.00
201633,13.57,34.42,4104.00
201664,-6.58,27.88,131328.00
201695,13.37,34.34,4104.00
201727,-6.55,27.50,131328.00
201758,13.18,33.95,4104.00
201789,-6.76,27.15,131328.00
201820,13.32,33.90,4104.00
201851,-6.73,26.90,131328.00
201883,13.26,33.84,4104.00
201914,-6.91,26.69,131328.00
201945,13.32,33.76,4104.00
201976,-6.79,26.52,131328.00
202007,12.89,34.09,4104.00
202038,-6.91,26.38,131328.00
202070,12.97,34.30,4104.00
202101,-6.95,26.32,131328.00
202132,12.96,34.17,4104.00
202163,-6.96,26.19,131328.00
202194,12.89,34.25,4104.00
202226,-6.78,26.33,131328.00
202257,12.99,33.85,4104.00
202288,-6.79,26.02,131328.00
202319,12.99,33.87,4104.00
202350,-6.97,25.82,131328.00
202382,12.71,34.17,4104.00
202413,-6.96,26.09,131328.00
202444,13.01,34.05,4104.00
202475,-7.02,26.05,131328.00
202506,13.09,34.54,4104.00
202538,-7.08,26.16,131328.00
202569,13.06,34.34,4104.00
202600,-6.95,26.01,131328.00
202631,13.03,34.70,4104.00
202662,-6.85,26.00,131328.00
202693,13.06,34.80,4104.00
202725,-6.89,25.89,131328.00
202756,13.14,34.26,4104.00
202787,-7.01,25.94,131328.00
202818,12.90,34.24,4104.00
202849,-6.90,25.74,131328.00
202881,12.99,34.26,4104.00
202912,-7.06,25.72,131328.00
202943,13.07,34.34,4104.00
202974,-6.91,25.86,131328.00
203005,12.87,34.52,4104.00
203037,-7.08,25.88,131328.00
203068,12.96,34.83,4104.00
203099,-7.02,25.93,131328.00
203130,12.89,34.74,4104.00
203161,-7.03,25.92,131328.00
203192,12.95,34.76,4104.00
203224,-7.10,26.07,131328.00
203255,12.98,34.73,4104.00
203286,-7.09,25.78,131328.00
203317,12.91,34.48,4104.00
203348,-6.96,25.62,131328.00
203380,12.92,34.54,4104.00
203411,-7.12,25.61,131328.00
203442,13.10,34.67,4104.00
203473,-7.15,25.62,131328.00
203504,12.88,34.59,4104.00
203536,-7.18,25.62,131328.00
203567,12.90,34.38,4104.00
203598,-7.18,25.46,131328.00
203629,12.96,34.68,4104.00
203660,-7.02,25.58,131328.00
203692,12.79,34.52,4104.00
203723,-7.09,25.38,131328.00
203754,12.92,34.27,4104.00
203785,-7.16,25.46,131328.00
203816,12.73,34.42,4104.00
203847,-7.06,25.53,131328.00
203879,12.89,34.65,4104.00
203910,-7.21,25.73,131328.00
203941,12.87,34.61,4104.00
203972,-7.01,25.68,131328.00
204003,13.04,34.45,4104.00
204035,-7.20,25.59,131328.00
204066,13.02,34.43,4104.00
204097,-7.15,25.80,131328.00
204128,12.94,34.48,4104.00
204159,-7.16,25.66,131328.00
204191,13.01,34.83,4104.00
204222,-7.05,25.76,131328.00
204253,12.98,34.46,4104.00
204284,-7.02,25.66,131328.00
204315,12.82,34.69,4104.00
204346,-7.23,25.66,131328.00
204378,13.01,34.52,4104.00
204409,-7.27,25.68,131328.00
204440,12.77,34.56,4104.00
204471,-7.01,25.78,131328.00
204502,12.93,34.72,4104.00
204534,-6.90,25.75,131328.00
204565,12.86,34.83,4104.00
204596,-7.08,25.58,131328.00
204627,12.87,34.60,4104.00
204658,-7.10,25.68,131328.00
204690,12.92,34.55,4104.00
204721,-7.11,25.50,131328.00
204752,12.88,34.69,4104.00
204783,-6.86,25.79,131328.00
204814,12.98,34.48,4104.00
204846,-6.85,25.66,131328.00
204877,12.83,34.56,4104.00
204908,-7.22,25.42,131328.00
204939,13.04,34.42,4104.00
204970,-7.06,25.59,131328.00
205001,13.03,34.40,4104.00
205033,-7.06,25.62,131328.00
205064,12.98,34.43,4104.00
205095,-6.98,25.56,131328.00
205126,12.91,34.72,4104.00
205157,-7.08,25.69,131328.00
205189,13.01,34.36,4104.00
205220,-7.05,25.63,131328.00
205251,13.01,34.55,4104.00
205282,-7.12,25.51,131328.00
205313,13.07,34.52,4104.00
205345,-6.94,25.72,131328.00
205376,13.04,34.87,4104.00
205407,-7.08,25.96,131328.00
205438,13.04,34.78,4104.00
205469,-7.01,26.39,131328.00
205500,13.06,34.71,4104.00
205532,-6.97,26.36,131328.00
205563,13.06,34.76,4104.00
205594,-7.12,26.54,131328.00
205625,13.16,34.80,4104.00
205656,-6.98,26.75,131328.00
205688,13.08,34.76,4104.00
205719,-7.02,26.83,131328.00
205750,13.41,35.01,4104.00
205781,-6.91,26.90,131328.00
205812,13.32,34.52,4104.00
205844,-6.90,26.94,131328.00
205875,13.26,34.70,4104.00
205906,-7.01,27.12,131328.00
205937,13.48,34.63,4104.00
205968,-7.03,27.33,131328.00
206000,13.55,34.69,4104.00
206031,-7.08,27.66,131328.00
206062,13.52,35.15,4104.00
206093,-7.01,27.85,131328.00
206124,13.69,34.93,4104.00
206155,-6.75,28.08,131328.00
206187,13.66,35.56,4104.00
206218,-6.99,28.54,131328.00
206249,13.75,35.32,4104.00
206280,-6.92,28.48,131328.00
206311,13.77,35.48,4104.00
206343,-7.03,28.82,131328.00
206374,13.81,35.62,4104.00
206405,-7.16,29.08,131328.00
206436,14.02,35.56,4104.00
206467,-7.15,29.25,131328.00
206499,14.04,35.75,4104.00
206530,-6.99,29.36,131328.00
206561,13.81,35.93,4104.00
206592,-7.05,29.33,131328.00
206623,14.00,35.66,4104.00
206654,-6.97,29.23,131328.00
206686,13.77,35.86,4104.00
206717,-6.97,29.05,131328.00
206748,13.98,35.56,4104.00
206779,-6.99,29.03,131328.00
206810,13.79,35.65,4104.00
206842,-6.83,28.78,131328.00
206873,13.84,35.40,4104.00
206904,-6.85,28.86,131328.00
206935,13.81,35.62,4104.00
206966,-6.91,28.74,131328.00
206998,13.69,35.58,4104.00
207029,-6.88,28.74,131328.00
207060,13.80,35.61,4104.00
207091,-7.01,28.51,131328.00
207122,13.70,35.48,4104.00
207153,-6.86,28.54,131328.00
207185,13.84,35.24,4104.00
207216,-6.94,28.48,131328.00
207247,13.73,35.56,4104.00
207278,-6.89,28.48,131328.00
207309,13.85,35.15,4104.00
207341,-7.09,28.64,131328.00
207372,13.64,35.39,4104.00
207403,-7.05,28.27,131328.00
207434,13.73,35.60,4104.00
207465,-6.96,28.35,131328.00
207497,13.56,35.30,4104.00
207528,-7.07,28.27,131328.00
207559,13.82,35.30,4104.00
207590,-7.13,28.41,131328.00
207621,13.65,35.32,4104.00
207653,-6.72,28.45,131328.00
207684,13.74,35.30,4104.00
207715,-6.98,28.32,131328.00
207746,13.85,35.31,4104.00
207777,-6.88,28.21,131328.00
207808,13.81,35.57,4104.00
207840,-6.87,28.14,131328.00
207871,13.77,35.14,4104.00
207902,-6.95,28.03,131328.00
207933,13.73,35.10,4104.00
207964,-6.91,28.03,131328.00
207996,13.56,35.29,4104.00
208027,-6.87,27.86,131328.00
208058,13.40,35.19,4104.00
208089,-6.97,27.84,131328.00
208120,13.59,35.25,4104.00
208152,-6.94,27.52,131328.00
208183,13.46,35.18,4104.00
208214,-7.08,27.33,131328.00
208245,13.41,35.04,4104.00
208276,-7.01,26.87,131328.00
208307,13.42,34.95,4104.00
208339,-6.95,26.84,131328.00
208370,13.36,34.58,4104.00
208401,-6.91,26.72,131328.00
208432,13.09,34.66,4104.00
208463,-6.89,26.50,131328.00
208495,13.24,34.42,4104.00
208526,-7.03,26.16,131328.00
208557,13.10,34.49,4104.00
208588,-6.85,26.34,131328.00
208619,13.10,34.69,4104.00
208651,-6.96,26.10,131328.00
208682,13.14,34.79,4104.00
208713,-6.89,25.96,131328.00
208744,13.28,34.50,4104.00
208775,-6.89,26.02,131328.00
208807,13.12,34.52,4104.00
208838,-6.99,25.89,131328.00
208869,13.05,34.56,4104.00
208900,-6.85,25.87,131328.00
208931,13.06,34.85,4104.00
208962,-7.03,25.85,131328.00
208994,13.04,34.70,4104.00
209025,-7.14,25.79,131328.00
209056,13.01,34.64,4104.00
209087,-6.88,25.88,131328.00
209118,12.96,34.62,4104.00
209150,-7.01,25.74,131328.00
209181,13.11,34.36,4104.00
209212,-6.94,25.70,131328.00
209243,13.06,34.75,4104.00
209274,-7.03,25.76,131328.00
209306,13.16,34.44,4104.00
209337,-6.97,25.78,131328.00
209368,13.14,34.71,4104.00
209399,-7.20,25.73,131328.00
209430,12.97,34.66,4104.00
209461,-7.06,25.65,131328.00
209493,12.91,34.46,4104.00
209524,-6.73,25.61,131328.00
209555,13.03,34.31,4104.00
209586,-7.01,25.40,131328.00
209617,12.97,34.21,4104.00
209649,-6.84,25.41,131328.00
209680,12.91,34.57,4104.00
209711,-6.93,25.43,131328.00
209742,13.06,34.30,4104.00
209773,-6.71,25.53,131328.00
209805,12.83,34.40,4104.00
209836,-7.00,25.55,131328.00
209867,12.98,34.59,4104.00
209898,-6.92,25.45,131328.00
209929,12.94,34.51,4104.00
209961,-7.02,25.58,131328.00
209992,12.81,34.41,4104.00
210023,-6.87,25.54,131328.00
210054,12.85,34.48,4104.00
210085,-6.77,25.56,131328.00
210116,12.85,34.52,4104.00
210148,-6.83,25.61,131328.00
210179,12.92,34.64,4104.00
210210,-6.78,25.60,131328.00
210241,13.06,34.49,4104.00
210272,-6.81,25.70,131328.00
210304,12.89,34.68,4104.00
210335,-6.84,25.85,131328.00
210366,13.08,34.72,4104.00
210397,-6.99,25.99,131328.00
210428,13.07,34.68,4104.00
210460,-7.18,26.25,131328.00
210491,13.18,34.97,4104.00
210522,-7.00,26.39,131328.00
210553,13.16,34.70,4104.00
210584,-7.01,26.23,131328.00
210615,13.16,34.68,4104.00
210647,-6.80,26.64,131328.00
210678,13.32,34.50,4104.00
210709,-6.97,26.79,131328.00
210740,13.27,34.53,4104.00
210771,-6.76,26.99,131328.00
210803,13.35,34.59,4104.00
210834,-6.89,27.10,131328.00
210865,13.43,34.95,4104.00
210896,-6.79,27.33,131328.00
210927,13.28,34.81,4104.00
210959,-6.91,27.46,131328.00
210990,13.46,34.87,4104.00
211021,-6.86,27.74,131328.00
211052,13.51,35.24,4104.00
211083,-7.07,27.99,131328.00
211115,13.50,35.18,4104.00
211146,-6.96,28.25,131328.00
211177,13.81,34.99,4104.00
211208,-6.85,28.43,131328.00
211239,13.64,35.27,4104.00
211270,-6.87,28.54,131328.00
211302,13.86,35.13,4104.00
211333,-6.78,28.58,131328.00
211364,13.73,35.32,4104.00
211395,-6.67,28.50,131328.00
211426,13.84,35.13,4104.00
211458,-6.54,28.54,131328.00
211489,13.75,34.97,4104.00
211520,-6.56,28.48,131328.00
211551,13.65,35.07,4104.00
211582,-6.86,28.37,131328.00
211614,13.81,35.26,4104.00
211645,-6.90,28.23,131328.00
211676,13.71,35.25,4104.00
211707,-6.88,28.27,131328.00
211738,13.52,35.09,4104.00
211769,-6.83,28.35,131328.00
211801,13.75,34.74,4104.00
211832,-6.67,28.37,131328.00
211863,13.75,34.75,4104.00
211894,-6.95,28.18,131328.00
211925,13.59,34.87,4104.00
211957,-6.88,28.05,131328.00
211988,13.57,34.98,4104.00
212019,-6.88,28.09,131328.00
212050,13.79,34.74,4104.00
212081,-6.80,28.13,131328.00
212113,13.75,34.87,4104.00
212144,-6.95,28.23,131328.00
212175,13.77,34.81,4104.00
212206,-6.89,28.20,131328.00
212237,13.53,35.13,4104.00
212269,-7.00,28.30,131328.00
212300,13.71,35.18,4104.00
212331,-6.86,28.31,131328.00
212362,13.72,35.32,4104.00
212393,-6.81,28.34,131328.00
212424,13.65,35.12,4104.00
212456,-7.06,28.66,131328.00
212487,13.79,35.10,4104.00
212518,-7.03,28.43,131328.00
212549,13.76,35.28,4104.00
212580,-6.71,28.45,131328.00
212612,13.57,35.13,4104.00
212643,-6.91,28.35,131328.00
212674,13.75,35.21,4104.00
212705,-6.87,28.23,131328.00
212736,13.66,34.98,4104.00
212768,-6.96,28.31,131328.00
212799,13.79,34.83,4104.00
212830,-6.84,28.17,131328.00
212861,13.57,34.99,4104.00
212892,-6.81,28.33,131328.00
212923,13.81,35.17,4104.00
212955,-7.10,28.23,131328.00
212986,13.71,35.09,4104.00
213017,-6.95,28.31,131328.00
213048,13.64,35.09,4104.00
213079,-6.80,28.43,131328.00
213111,13.71,35.21,4104.00
213142,-7.05,28.31,131328.00
213173,13.61,35.12,4104.00
213204,-6.94,28.42,131328.00
213235,13.86,35.39,4104.00
213267,-7.04,28.45,131328.00
213298,13.73,35.32,4104.00
213329,-7.01,28.65,131328.00
213360,13.85,35.23,4104.00
213391,-6.93,28.37,131328.00
213423,13.67,35.26,4104.00
213454,-6.89,28.39,131328.00
213485,13.77,35.33,4104.00
213516,-6.99,28.54,131328.00
213547,13.77,34.96,4104.00
213578,-6.94,28.35,131328.00
213610,13.53,35.03,4104.00
213641,-7.00,28.19,131328.00
213672,13.73,35.01,4104.00
213703,-6.77,27.98,131328.00
213734,13.51,34.95,4104.00
213766,-6.71,27.95,131328.00
213797,13.75,34.90,4104.00
213828,-6.96,27.95,131328.00
213859,13.75,35.07,4104.00
213890,-7.06,28.00,131328.00
213922,13.61,35.08,4104.00
213953,-6.81,27.92,131328.00
213984,13.70,34.74,4104.00
214015,-6.78,27.89,131328.00
214046,13.71,34.74,4104.00
214077,-6.93,27.96,131328.00
214109,13.60,34.87,4104.00
214140,-6.85,27.97,131328.00
214171,13.71,34.73,4104.00
214202,-7.12,27.80,131328.00
214233,13.75,34.79,4104.00
214265,-7.19,27.88,131328.00
214296,13.59,34.81,4104.00
214327,-7.04,27.93,131328.00
214358,13.71,34.71,4104.00
214389,-7.03,27.88,131328.00
214421,13.55,34.99,4104.00
214452,-7.06,27.93,131328.00
214483,13.71,35.03,4104.00
214514,-7.08,28.23,131328.00
214545,13.90,35.27,4104.00
214576,-7.05,28.13,131328.00
214608,13.75,35.01,4104.00
214639,-7.27,28.21,131328.00
214670,13.53,35.10,4104.00
214701,-7.21,28.13,131328.00
214732,13.60,35.01,4104.00
214764,-7.01,28.11,131328.00
214795,13.57,35.08,4104.00
214826,-7.01,28.02,131328.00
214857,13.75,35.30,4104.00
214888,-7.07,28.07,131328.00
214920,13.71,35.21,4104.00
214951,-7.25,28.00,131328.00
214982,13.86,35.28,4104.00
215013,-7.05,27.99,131328.00
215044,13.75,35.32,4104.00
215076,-7.28,28.00,131328.00
215107,13.63,35.03,4104.00
215138,-7.08,28.09,131328.00
215169,13.70,35.33,4104.00
215200,-7.18,27.96,131328.00
215231,13.61,35.26,4104.00
215263,-7.10,27.85,131328.00
215294,13.70,35.29,4104.00
215325,-7.09,27.68,131328.00
215356,13.55,35.01,4104.00
215387,-7.23,27.64,131328.00
215419,13.70,34.72,4104.00
215450,-7.16,27.33,131328.00
215481,13.47,34.78,4104.00
215512,-7.16,27.39,131328.00
215543,13.50,34.91,4104.00
215575,-7.15,27.50,131328.00
215606,13.41,34.74,4104.00
215637,-7.25,27.13,131328.00
215668,13.39,34.70,4104.00
215699,-7.05,27.27,131328.00
215730,13.47,34.42,4104.00
215762,-6.83,27.17,131328.00
215793,13.37,34.58,4104.00
215824,-7.02,27.33,131328.00
215855,13.55,34.51,4104.00
215886,-6.99,26.99,131328.00
215918,13.43,34.74,4104.00
215949,-6.95,27.18,131328.00
215980,13.40,34.85,4104.00
216011,-7.17,27.21,131328.00
216042,13.29,34.66,4104.00
216074,-6.84,27.03,131328.00
216105,13.59,34.81,4104.00
216136,-6.90,27.11,131328.00
216167,13.55,34.52,4104.00
216198,-7.10,27.25,131328.00
216230,13.54,34.54,4104.00
216261,-6.91,27.52,131328.00
216292,13.31,34.63,4104.00
216323,-6.88,27.26,131328.00
216354,13.48,34.58,4104.00
216385,-7.04,27.21,131328.00
216417,13.35,34.83,4104.00
216448,-6.72,27.42,131328.00
216479,13.33,34.89,4104.00
216510,-6.93,27.28,131328.00
216541,13.31,34.70,4104.00
216573,-6.76,27.37,131328.00
216604,13.44,34.93,4104.00
216635,-6.80,27.34,131328.00
216666,13.66,35.18,4104.00
216697,-6.96,27.48,131328.00
216729,13.61,35.11,4104.00
216760,-6.78,27.74,131328.00
216791,13.53,35.09,4104.00
216822,-6.87,27.44,131328.00
216853,13.47,34.95,4104.00
216884,-6.87,27.68,131328.00
216916,13.50,35.25,4104.00
216947,-6.83,27.73,131328.00
216978,13.65,35.42,4104.00
217009,-6.71,27.76,131328.00
217040,13.65,35.49,4104.00
217072,-6.88,27.74,131328.00
217103,13.65,35.46,4104.00
217134,-7.05,27.77,131328.00
217165,13.49,35.27,4104.00
217196,-7.00,27.84,131328.00
217228,13.51,35.24,4104.00
217259,-6.94,27.68,131328.00
217290,13.58,35.11,4104.00
217321,-6.89,27.64,131328.00
217352,13.51,35.26,4104.00
217384,-6.83,27.65,131328.00
217415,13.48,35.20,4104.00
217446,-6.85,27.54,131328.00
217477,13.59,35.06,4104.00
217508,-6.89,27.63,131328.00
217539,13.50,35.05,4104.00
217571,-7.03,27.48,131328.00
217602,13.41,34.97,4104.00
217633,-7.24,27.35,131328.00
217664,13.61,34.90,4104.00
217695,-6.89,27.47,131328.00
217727,13.36,35.23,4104.00
217758,-6.81,27.95,131328.00
217789,13.65,35.30,4104.00
217820,-6.86,27.62,131328.00
217851,13.39,35.03,4104.00
217883,-7.00,27.21,131328.00
217914,13.51,35.01,4104.00
217945,-7.00,27.33,131328.00
217976,13.60,34.81,4104.00
218007,-7.05,27.23,131328.00
218038,13.40,35.13,4104.00
218070,-7.07,27.04,131328.00
218101,13.48,34.96,4104.00
218132,-7.00,27.21,131328.00
218163,13.56,35.07,4104.00
218194,-7.09,27.25,131328.00
218226,13.57,34.63,4104.00
218257,-7.03,27.01,131328.00
218288,13.26,34.81,4104.00
218319,-7.03,26.96,131328.00
218350,13.40,34.90,4104.00
218382,-6.67,26.95,131328.00
218413,13.38,34.87,4104.00
218444,-6.92,26.99,131328.00
218475,13.59,34.76,4104.00
218506,-6.99,27.01,131328.00
218538,13.38,34.84,4104.00
218569,-7.16,26.95,131328.00
218600,13.41,34.83,4104.00
218631,-7.08,26.90,131328.00
218662,13.43,34.94,4104.00
218693,-7.25,26.85,131328.00
218725,13.50,34.59,4104.00
218756,-7.17,26.85,131328.00
218787,13.46,34.82,4104.00
218818,-7.16,27.01,131328.00
218849,13.29,34.83,4104.00
218881,-6.94,27.05,131328.00
218912,13.48,35.09,4104.00
218943,-7.02,26.94,131328.00
218974,13.35,34.87,4104.00
219005,-6.93,27.04,131328.00
219037,13.39,34.77,4104.00
219068,-6.88,27.03,131328.00
219099,13.39,34.90,4104.00
219130,-6.99,26.99,131328.00
219161,13.39,35.11,4104.00
219192,-6.89,27.02,131328.00
219224,13.50,34.74,4104.00
219255,-7.05,27.04,131328.00
219286,13.35,34.95,4104.00
219317,-7.13,26.98,131328.00
219348,13.41,34.64,4104.00
219380,-7.01,26.89,131328.00
219411,13.50,34.65,4104.00
219442,-7.11,26.84,131328.00
219473,13.36,34.64,4104.00
219504,-7.12,26.70,131328.00
219536,13.26,34.91,4104.00
219567,-7.13,26.83,131328.00
219598,13.37,34.89,4104.00
219629,-7.22,26.78,131328.00
219660,13.51,34.73,4104.00
219692,-7.15,26.84,131328.00
219723,13.41,34.68,4104.00
219754,-7.08,26.90,131328.00
219785,13.37,34.64,4104.00
219816,-7.06,27.13,131328.00
219847,13.22,34.87,4104.00
219879,-6.82,26.99,131328.00
219910,13.34,34.85,4104.00
219941,-6.75,27.18,131328.00
219972,13.27,34.87,4104.00
220003,-6.75,27.17,131328.00
220035,13.53,34.81,4104.00
220066,-6.71,27.41,131328.00
220097,13.59,35.24,4104.00
220128,-7.03,27.47,131328.00
220159,13.57,35.28,4104.00
220191,-6.73,27.62,131328.00
220222,13.57,35.11,4104.00
220253,-6.88,27.56,131328.00
220284,13.63,35.03,4104.00
220315,-6.89,27.60,131328.00
220346,13.45,35.17,4104.00
220378,-6.87,27.83,131328.00
220409,13.55,34.99,4104.00
220440,-6.86,27.63,131328.00
220471,13.43,35.11,4104.00
220502,-7.01,27.68,131328.00
220534,13.69,35.45,4104.00
220565,-7.10,27.58,131328.00
220596,13.54,35.23,4104.00
220627,-7.03,27.89,131328.00
220658,13.35,35.10,4104.00
220690,-6.99,27.76,131328.00
220721,13.69,35.11,4104.00
220752,-6.79,27.72,131328.00
220783,13.68,35.09,4104.00
220814,-7.12,27.84,131328.00
220846,13.59,35.01,4104.00
220877,-7.03,27.66,131328.00
220908,13.70,35.36,4104.00
220939,-7.20,27.52,131328.00
220970,13.56,34.88,4104.00
221001,-7.16,27.52,131328.00
221033,13.46,35.35,4104.00
221064,-7.03,27.78,131328.00
221095,13.56,35.48,4104.00
221126,-7.00,27.41,131328.00
221157,13.59,35.30,4104.00
221189,-7.06,27.62,131328.00
221220,13.52,35.42,4104.00
221251,-6.99,27.56,131328.00
221282,13.72,35.30,4104.00
221313,-7.09,27.47,131328.00
221345,13.48,35.65,4104.00
221376,-7.22,27.70,131328.00
221407,13.52,35.89,4104.00
221438,-7.05,27.67,131328.00
221469,13.49,35.78,4104.00
221500,-7.30,27.55,131328.00
221532,13.68,35.57,4104.00
221563,-6.93,27.56,131328.00
221594,13.41,35.64,4104.00
221625,-6.99,27.46,131328.00
221656,13.55,35.72,4104.00
221688,-7.08,27.29,131328.00
221719,13.51,35.24,4104.00
221750,-7.08,27.35,131328.00
221781,13.37,35.28,4104.00
221812,-7.03,27.01,131328.00
221844,13.38,35.33,4104.00
221875,-7.03,26.97,131328.00
221906,13.49,34.89,4104.00
221937,-7.05,26.96,131328.00
221968,13.32,35.22,4104.00
222000,-6.91,27.11,131328.00
222031,13.47,35.03,4104.00
222062,-7.06,27.02,131328.00
222093,13.37,35.21,4104.00
222124,-7.18,26.92,131328.00
222155,13.36,35.25,4104.00
222187,-7.10,26.77,131328.00
222218,13.34,35.26,4104.00
222249,-7.06,26.80,131328.00
222280,13.19,35.00,4104.00
222311,-7.06,26.52,131328.00
222343,13.37,34.76,4104.00
222374,-6.93,26.59,131328.00
222405,13.21,34.71,4104.00
222436,-7.05,26.52,131328.00
222467,13.23,34.93,4104.00
222499,-6.89,26.45,131328.00
222530,13.30,34.50,4104.00
222561,-6.83,26.51,131328.00
222592,13.18,34.54,4104.00
222623,-6.91,26.75,131328.00
222654,13.21,34.76,4104.00
222686,-6.96,26.74,131328.00
222717,13.44,34.91,4104.00
222748,-7.05,26.65,131328.00
222779,13.27,34.76,4104.00
222810,-7.05,27.09,131328.00
222842,13.47,34.48,4104.00
222873,-7.03,27.11,131328.00
222904,13.56,34.66,4104.00
222935,-6.89,27.25,131328.00
222966,13.30,34.93,4104.00
222998,-7.24,27.52,131328.00
223029,13.53,34.81,4104.00
223060,-6.97,27.62,131328.00
223091,13.43,34.89,4104.00
223122,-7.16,27.64,131328.00
223153,13.61,34.72,4104.00
223185,-7.06,28.07,131328.00
223216,13.78,34.89,4104.00
223247,-6.89,28.24,131328.00
223278,13.72,35.18,4104.00
223309,-6.94,28.59,131328.00
223341,13.81,35.41,4104.00
223372,-7.16,28.92,131328.00
223403,14.02,35.68,4104.00
223434,-7.18,29.21,131328.00
223465,14.00,35.77,4104.00
223497,-7.16,29.60,131328.00
223528,14.19,35.54,4104.00
223559,-7.19,29.76,131328.00
223590,14.01,35.87,4104.00
223621,-6.97,30.12,131328.00
223653,14.22,35.99,4104.00
223684,-7.11,30.44,131328.00
223715,14.36,36.26,4104.00
223746,-7.18,30.50,131328.00
223777,14.39,36.30,4104.00
223808,-7.02,30.61,131328.00
223840,14.34,36.17,4104.00
223871,-7.07,30.62,131328.00
223902,14.52,36.08,4104.00
223933,-7.19,30.67,131328.00
223964,14.26,36.38,4104.00
223996,-6.81,30.60,131328.00
224027,14.33,36.23,4104.00
224058,-7.09,30.66,131328.00
224089,14.22,36.07,4104.00
224120,-6.83,30.46,131328.00
224152,14.32,35.81,4104.00
224183,-6.89,30.34,131328.00
224214,14.26,35.91,4104.00
224245,-6.95,30.11,131328.00
224276,14.40,36.03,4104.00
224307,-7.04,29.89,131328.00
224339,14.10,35.90,4104.00
224370,-7.00,29.70,131328.00
224401,13.99,35.64,4104.00
224432,-6.91,29.45,131328.00
224463,14.00,35.28,4104.00
224495,-6.75,29.15,131328.00
224526,13.69,35.28,4104.00
224557,-6.81,29.11,131328.00
224588,13.77,35.18,4104.00
224619,-7.02,28.52,131328.00
224651,13.72,35.24,4104.00
224682,-6.92,28.53,131328.00
224713,13.65,35.02,4104.00
224744,-7.09,28.25,131328.00
224775,13.75,35.04,4104.00
224807,-7.05,28.01,131328.00
224838,13.66,34.68,4104.00
224869,-7.01,27.92,131328.00
224900,13.68,34.60,4104.00
224931,-6.91,27.68,131328.00
224962,13.53,34.79,4104.00
224994,-6.94,27.45,131328.00
225025,13.42,34.34,4104.00
225056,-6.99,27.29,131328.00
225087,13.24,34.39,4104.00
225118,-6.99,27.18,131328.00
225150,13.34,34.25,4104.00
225181,-7.01,26.91,131328.00
225212,13.29,34.23,4104.00
225243,-6.81,26.99,131328.00
225274,13.30,34.50,4104.00
225306,-7.01,26.59,131328.00
225337,13.01,34.23,4104.00
225368,-6.94,26.55,131328.00
225399,13.09,34.23,4104.00
225430,-7.01,26.19,131328.00
225461,13.19,34.02,4104.00
225493,-7.12,26.27,131328.00
225524,13.12,34.16,4104.00
225555,-7.14,26.18,131328.00
225586,13.06,34.27,4104.00
225617,-7.03,26.33,131328.00
225649,13.03,34.13,4104.00
225680,-6.91,26.15,131328.00
225711,13.18,33.98,4104.00
225742,-7.04,26.07,131328.00
225773,12.90,34.21,4104.00
225805,-7.07,25.86,131328.00
225836,13.23,34.11,4104.00
225867,-7.17,25.95,131328.00
225898,13.14,34.15,4104.00
225929,-7.17,25.98,131328.00
225961,12.98,34.27,4104.00
225992,-7.22,25.82,131328.00
226023,13.08,34.17,4104.00
226054,-6.79,25.76,131328.00
226085,13.08,34.19,4104.00
226116,-6.95,25.76,131328.00
226148,12.90,34.40,4104.00
226179,-7.17,25.82,131328.00
226210,13.10,34.23,4104.00
226241,-7.12,25.81,131328.00
226272,12.87,34.45,4104.00
226304,-7.13,25.65,131328.00
226335,13.05,34.67,4104.00
226366,-6.97,25.88,131328.00
226397,12.93,34.47,4104.00
226428,-6.77,25.72,131328.00
226460,13.10,34.29,4104.00
226491,-6.96,26.02,131328.00
226522,13.16,34.34,4104.00
226553,-6.99,25.78,131328.00
226584,13.18,34.37,4104.00
226615,-7.12,25.72,131328.00
226647,13.01,34.41,4104.00
226678,-7.10,25.77,131328.00
226709,12.90,34.42,4104.00
226740,-7.09,25.92,131328.00
226771,13.24,34.41,4104.00
226803,-6.76,25.96,131328.00
226834,12.92,34.40,4104.00
226865,-7.10,25.93,131328.00
226896,13.15,34.60,4104.00
226927,-6.82,25.91,131328.00
226959,13.12,34.22,4104.00
226990,-6.90,25.77,131328.00
227021,12.88,34.46,4104.00
227052,-7.12,25.89,131328.00
227083,13.12,34.26,4104.00
227115,-6.99,26.11,131328.00
227146,13.07,34.49,4104.00
227177,-6.91,25.90,131328.00
227208,13.08,34.70,4104.00
227239,-6.94,25.90,131328.00
227270,12.93,34.43,4104.00
227302,-6.95,26.10,131328.00
227333,13.12,34.30,4104.00
227364,-6.99,25.95,131328.00
227395,13.16,34.29,4104.00
227426,-7.14,26.04,131328.00
227458,12.94,34.46,4104.00
227489,-6.96,26.00,131328.00
227520,13.10,34.49,4104.00
227551,-7.26,26.01,131328.00
227582,13.00,34.59,4104.00
227614,-7.03,26.10,131328.00
227645,13.06,34.49,4104.00
227676,-6.82,26.22,131328.00
227707,13.20,34.36,4104.00
227738,-6.93,26.33,131328.00
227769,13.10,34.49,4104.00
227801,-7.02,26.38,131328.00
227832,13.32,34.75,4104.00
227863,-7.03,26.41,131328.00
227894,13.24,34.60,4104.00
227925,-7.16,26.58,131328.00
227957,13.24,34.72,4104.00
227988,-6.97,26.67,131328.00
228019,13.26,34.45,4104.00
228050,-7.14,26.78,131328.00
228081,13.35,34.56,4104.00
228113,-7.02,27.13,131328.00
228144,13.46,34.41,4104.00
228175,-7.06,27.02,131328.00
228206,13.35,34.69,4104.00
228237,-7.12,27.33,131328.00
228269,13.61,34.92,4104.00
228300,-7.12,27.48,131328.00
228331,13.51,34.81,4104.00
228362,-7.21,27.74,131328.00
228393,13.55,34.85,4104.00
228424,-7.19,27.83,131328.00
228456,13.72,34.70,4104.00
228487,-7.14,28.14,131328.00
228518,13.75,34.86,4104.00
228549,-7.16,28.13,131328.00
228580,13.78,35.25,4104.00
228612,-7.01,28.33,131328.00
228643,13.71,35.22,4104.00
228674,-6.81,28.36,131328.00
228705,13.71,35.17,4104.00
228736,-7.18,28.62,131328.00
228768,13.81,35.25,4104.00
228799,-7.12,28.58,131328.00
228830,14.01,35.02,4104.00
228861,-6.94,28.64,131328.00
228892,13.71,35.32,4104.00
228923,-7.06,28.87,131328.00
228955,13.83,35.33,4104.00
228986,-7.09,28.74,131328.00
229017,13.83,35.28,4104.00
229048,-7.19,28.69,131328.00
229079,13.90,35.42,4104.00
229111,-7.16,28.67,131328.00
229142,13.84,35.52,4104.00
229173,-7.33,28.43,131328.00
229204,13.85,35.30,4104.00
229235,-7.23,28.77,131328.00
229267,13.94,35.38,4104.00
229298,-7.20,28.56,131328.00
229329,13.79,35.19,4104.00
229360,-7.12,28.56,131328.00
229391,13.80,34.89,4104.00
229423,-6.99,28.33,131328.00
229454,13.74,35.08,4104.00
229485,-7.18,28.30,131328.00
229516,13.71,35.19,4104.00
229547,-7.15,28.20,131328.00
229578,13.51,34.94,4104.00
229610,-6.95,28.08,131328.00
229641,13.66,34.76,4104.00
229672,-6.81,27.90,131328.00
229703,13.61,34.90,4104.00
229734,-6.99,27.84,131328.00
229766,13.67,34.64,4104.00
229797,-7.11,27.52,131328.00
229828,13.55,34.78,4104.00
229859,-7.12,27.50,131328.00
229890,13.59,34.60,4104.00
229922,-7.05,27.56,131328.00
229953,13.57,34.41,4104.00
229984,-6.93,27.23,131328.00
230015,13.45,34.75,4104.00
230046,-7.07,27.11,131328.00
230077,13.26,34.48,4104.00
230109,-7.01,26.99,131328.00
230140,13.31,34.47,4104.00
230171,-6.97,26.83,131328.00
230202,13.21,34.32,4104.00
230233,-7.21,26.67,131328.00
230265,13.34,34.06,4104.00
230296,-6.77,26.64,131328.00
230327,13.00,34.26,4104.00
230358,-7.04,26.51,131328.00
230389,13.28,34.00,4104.00
230421,-7.08,26.36,131328.00
230452,13.24,33.96,4104.00
230483,-6.84,26.34,131328.00
230514,13.25,34.26,4104.00
230545,-6.81,26.41,131328.00
230576,13.16,33.99,4104.00
230608,-6.91,26.24,131328.00
230639,13.08,34.20,4104.00
230670,-7.02,25.97,131328.00
230701,13.00,34.27,4104.00
230732,-7.16,26.00,131328.00
230764,13.06,34.01,4104.00
230795,-7.12,26.02,131328.00
230826,13.11,34.09,4104.00
230857,-6.82,25.99,131328.00
230888,13.16,33.87,4104.00
230920,-7.06,25.95,131328.00
230951,12.98,34.26,4104.00
230982,-6.87,25.74,131328.00
231013,13.09,33.90,4104.00
231044,-6.91,26.07,131328.00
231076,13.10,33.93,4104.00
231107,-6.98,25.62,131328.00
231138,13.07,34.04,4104.00
231169,-7.03,25.68,131328.00
231200,13.07,33.93,4104.00
231231,-7.10,25.66,131328.00
231263,12.92,34.02,4104.00
231294,-7.01,25.72,131328.00
231325,12.95,34.25,4104.00
231356,-6.95,25.84,131328.00
231387,12.79,34.09,4104.00
231419,-7.06,25.56,131328.00
231450,12.90,34.01,4104.00
231481,-7.13,25.61,131328.00
231512,12.81,34.08,4104.00
231543,-6.95,25.59,131328.00
231575,13.06,33.96,4104.00
231606,-6.91,25.54,131328.00
231637,12.79,34.12,4104.00
231668,-7.06,25.54,131328.00
231699,13.03,34.12,4104.00
231730,-7.00,25.69,131328.00
231762,13.08,34.00,4104.00
231793,-6.91,25.66,131328.00
231824,12.94,34.17,4104.00
231855,-7.05,25.66,131328.00
231886,12.84,34.15,4104.00
231918,-6.87,25.70,131328.00
231949,13.04,34.29,4104.00
231980,-7.03,25.57,131328.00
232011,12.96,34.39,4104.00
232042,-7.14,25.81,131328.00
232074,13.03,34.13,4104.00
232105,-7.30,25.68,131328.00
232136,13.05,34.08,4104.00
232167,-7.16,25.89,131328.00
232198,13.22,34.44,4104.00
232230,-6.95,26.03,131328.00
232261,13.03,34.17,4104.00
232292,-7.08,26.13,131328.00
232323,13.14,34.19,4104.00
232354,-7.03,26.14,131328.00
232385,13.32,34.20,4104.00
232417,-7.01,26.56,131328.00
232448,13.34,34.08,4104.00
232479,-7.11,26.65,131328.00
232510,13.39,34.35,4104.00
232541,-7.05,26.85,131328.00
232573,13.37,34.48,4104.00
232604,-6.95,27.05,131328.00
232635,13.38,34.56,4104.00
232666,-6.97,27.37,131328.00
232697,13.45,34.89,4104.00
232729,-7.01,27.52,131328.00
232760,13.59,35.08,4104.00
232791,-7.10,27.78,131328.00
232822,13.72,34.89,4104.00
232853,-7.04,28.13,131328.00
232884,13.77,34.90,4104.00
232916,-6.95,28.17,131328.00
232947,13.63,35.21,4104.00
232978,-7.06,28.46,131328.00
233009,13.77,35.20,4104.00
233040,-7.04,28.50,131328.00
233072,13.83,35.46,4104.00
233103,-6.94,28.88,131328.00
233134,13.90,35.23,4104.00
233165,-6.91,29.06,131328.00
233196,14.02,35.40,4104.00
233228,-6.84,28.97,131328.00
233259,14.13,35.47,4104.00
233290,-6.91,29.32,131328.00
233321,14.08,35.71,4104.00
233352,-7.10,29.24,131328.00
233384,14.11,35.53,4104.00
233415,-7.04,29.59,131328.00
233446,14.01,36.00,4104.00
233477,-7.06,29.68,131328.00
233508,14.00,35.76,4104.00
233539,-6.92,29.85,131328.00
233571,13.99,35.91,4104.00
233602,-7.09,29.48,131328.00
233633,14.04,35.87,4104.00
233664,-6.73,29.65,131328.00
233695,14.08,35.62,4104.00
233727,-6.87,29.62,131328.00
233758,14.02,35.71,4104.00
233789,-7.21,29.41,131328.00
233820,14.12,35.77,4104.00
233851,-7.06,29.33,131328.00
233883,14.07,35.60,4104.00
233914,-7.04,28.98,131328.00
233945,13.86,35.40,4104.00
233976,-7.08,29.08,131328.00
234007,13.87,35.14,4104.00
234038,-7.08,28.69,131328.00
234070,13.90,35.08,4104.00
234101,-6.98,28.40,131328.00
234132,13.83,34.99,4104.00
234163,-7.07,28.26,131328.00
234194,13.65,35.21,4104.00
234226,-6.89,28.06,131328.00
234257,13.78,35.16,4104.00
234288,-7.08,27.74,131328.00
234319,13.66,35.11,4104.00
234350,-7.04,27.70,131328.00
234382,13.56,35.03,4104.00
234413,-7.05,27.49,131328.00
234444,13.52,34.86,4104.00
234475,-7.08,27.50,131328.00
234506,13.50,34.89,4104.00
234538,-6.75,27.37,131328.00
234569,13.32,34.76,4104.00
234600,-6.90,27.35,131328.00
234631,13.34,34.56,4104.00
234662,-6.91,27.14,131328.00
234693,13.25,34.58,4104.00
234725,-6.97,26.92,131328.00
234756,13.27,34.52,4104.00
234787,-6.89,26.80,131328.00
234818,13.38,34.44,4104.00
234849,-7.03,26.65,131328.00
234881,13.28,34.07,4104.00
234912,-6.98,26.64,131328.00
234943,13.12,34.28,4104.00
234974,-6.99,26.58,131328.00
235005,13.25,34.36,4104.00
235037,-7.09,26.24,131328.00
235068,13.00,34.21,4104.00
235099,-7.03,26.19,131328.00
235130,13.12,34.21,4104.00
235161,-7.02,26.10,131328.00
235192,13.00,34.19,4104.00
235224,-6.99,25.90,131328.00
235255,13.08,34.08,4104.00
235286,-6.91,26.23,131328.00
235317,13.02,34.11,4104.00
235348,-7.01,25.94,131328.00
235380,13.08,34.29,4104.00
235411,-7.12,25.79,131328.00
235442,13.00,34.12,4104.00
235473,-7.20,25.93,131328.00
235504,13.00,34.40,4104.00
235536,-7.00,25.79,131328.00
235567,13.11,34.05,4104.00
235598,-7.03,25.76,131328.00
235629,12.87,34.14,4104.00
235660,-6.92,25.64,131328.00
235692,12.96,34.27,4104.00
235723,-7.01,25.80,131328.00
235754,12.95,34.51,4104.00
235785,-6.90,25.98,131328.00
235816,13.13,34.19,4104.00
235847,-6.99,25.81,131328.00
235879,13.07,34.17,4104.00
235910,-7.03,25.76,131328.00
235941,12.94,34.21,4104.00
235972,-6.92,25.78,131328.00
236003,13.11,34.17,4104.00
236035,-6.72,25.72,131328.00
236066,13.04,34.19,4104.00
236097,-7.10,25.60,131328.00
236128,12.92,34.34,4104.00
236159,-6.94,25.76,131328.00
236191,12.90,34.42,4104.00
236222,-7.14,25.78,131328.00
236253,12.86,34.36,4104.00
236284,-7.05,25.61,131328.00
236315,13.09,34.28,4104.00
236346,-6.93,25.76,131328.00
236378,13.02,34.42,4104.00
236409,-7.01,25.69,131328.00
236440,13.07,34.40,4104.00
236471,-6.93,25.89,131328.00
236502,13.11,34.27,4104.00
236534,-6.89,25.68,131328.00
236565,12.98,34.31,4104.00
236596,-7.19,25.58,131328.00
236627,12.98,34.39,4104.00
236658,-7.03,25.64,131328.00
236690,13.03,34.46,4104.00
236721,-6.95,25.84,131328.00
236752,13.19,34.58,4104.00
236783,-6.93,26.19,131328.00
236814,13.23,34.62,4104.00
236846,-6.97,26.35,131328.00
236877,13.26,34.45,4104.00
236908,-6.77,26.37,131328.00
236939,13.24,34.36,4104.00
236970,-7.05,26.43,131328.00
237001,13.11,34.47,4104.00
237033,-6.95,26.32,131328.00
237064,13.13,34.30,4104.00
237095,-7.05,26.06,131328.00
237126,13.12,34.53,4104.00
237157,-6.80,26.06,131328.00
237189,13.05,34.08,4104.00
237220,-6.84,25.94,131328.00
237251,13.25,34.00,4104.00
237282,-6.70,25.98,131328.00
237313,12.98,34.13,4104.00
237345,-6.92,25.92,131328.00
237376,13.11,34.50,4104.00
237407,-6.85,25.90,131328.00
237438,13.16,34.40,4104.00
237469,-6.98,25.79,131328.00
237500,12.94,34.35,4104.00
237532,-6.93,25.92,131328.00
237563,13.06,34.18,4104.00
237594,-6.79,25.78,131328.00
237625,12.96,34.11,4104.00
237656,-6.89,25.94,131328.00
237688,12.86,34.21,4104.00
237719,-6.79,25.84,131328.00
237750,12.97,34.42,4104.00
237781,-6.99,25.69,131328.00
237812,12.90,34.25,4104.00
237844,-6.91,25.80,131328.00
237875,12.90,34.19,4104.00
237906,-7.10,25.72,131328.00
237937,13.16,34.16,4104.00
237968,-6.95,25.92,131328.00
238000,13.12,34.05,4104.00
238031,-7.04,25.63,131328.00
238062,12.89,34.33,4104.00
238093,-6.93,25.53,131328.00
238124,13.11,34.17,4104.00
238155,-7.04,25.94,131328.00
238187,12.98,34.44,4104.00
238218,-6.77,25.81,131328.00
238249,13.07,34.39,4104.00
238280,-7.04,25.65,131328.00
238311,13.10,34.13,4104.00
238343,-6.69,25.98,131328.00
238374,13.05,34.08,4104.00
238405,-6.71,25.89,131328.00
238436,12.96,34.30,4104.00
238467,-6.89,25.54,131328.00
238499,13.08,34.11,4104.00
238530,-6.75,25.56,131328.00
238561,12.96,34.11,4104.00
238592,-6.73,25.73,131328.00
238623,13.01,34.01,4104.00
238654,-6.77,25.72,131328.00
238686,12.92,34.29,4104.00
238717,-7.06,25.64,131328.00
238748,12.79,34.14,4104.00
238779,-7.07,25.66,131328.00
238810,13.03,34.03,4104.00
238842,-6.98,25.66,131328.00
238873,12.79,34.12,4104.00
238904,-6.87,25.54,131328.00
238935,12.92,34.22,4104.00
238966,-6.80,25.54,131328.00
238998,12.77,34.11,4104.00
239029,-7.02,25.49,131328.00
239060,12.96,34.01,4104.00
239091,-6.94,25.39,131328.00
239122,13.06,33.93,4104.00
239153,-7.10,25.27,131328.00
239185,12.94,34.34,4104.00
239216,-7.02,25.29,131328.00
239247,13.00,33.93,4104.00
239278,-7.01,25.32,131328.00
239309,12.79,34.00,4104.00
239341,-6.69,25.41,131328.00
239372,12.94,34.01,4104.00
239403,-6.72,25.49,131328.00
239434,12.79,34.01,4104.00
239465,-6.97,25.27,131328.00
239497,12.85,34.01,4104.00
239528,-7.08,25.29,131328.00
239559,12.83,34.17,4104.00
239590,-6.85,25.35,131328.00
239621,12.82,34.29,4104.00
239653,-6.91,25.27,131328.00
239684,12.95,34.01,4104.00
239715,-6.90,25.25,131328.00
239746,12.75,34.11,4104.00
239777,-7.00,25.19,131328.00
239808,12.80,34.14,4104.00
239840,-7.00,25.26,131328.00
239871,12.77,34.15,4104.00
239902,-7.01,25.51,131328.00
239933,12.91,33.92,4104.00
239964,-6.95,25.25,131328.00
239996,12.88,34.32,4104.00
240027,-7.10,25.23,131328.00
240058,13.02,33.94,4104.00
240089,-7.15,25.25,131328.00
240120,12.90,34.25,4104.00
240152,-7.14,25.13,131328.00
240183,12.94,33.89,4104.00
240214,-7.20,25.39,131328.00
240245,12.95,33.97,4104.00
240276,-6.71,25.20,131328.00
240307,12.96,33.91,4104.00
240339,-7.04,25.15,131328.00
240370,12.87,34.17,4104.00
240401,-6.79,25.25,131328.00
240432,12.89,34.29,4104.00
240463,-7.03,25.23,131328.00
240495,12.88,33.94,4104.00
240526,-7.01,25.18,131328.00
240557,12.95,34.29,4104.00
240588,-6.96,25.07,131328.00
240619,12.76,34.01,4104.00
240651,-6.89,25.31,131328.00
240682,12.83,34.03,4104.00
240713,-7.05,25.08,131328.00
240744,13.05,34.01,4104.00
240775,-6.95,25.29,131328.00
240807,12.98,33.91,4104.00
240838,-6.99,25.15,131328.00
240869,12.71,34.09,4104.00
240900,-6.75,25.12,131328.00
240931,12.75,34.11,4104.00
240962,-6.99,25.15,131328.00
240994,12.94,34.00,4104.00
241025,-7.07,25.10,131328.00
241056,12.99,34.23,4104.00
241087,-7.21,25.10,131328.00
241118,12.96,34.03,4104.00
241150,-6.81,25.11,131328.00
241181,12.85,34.28,4104.00
241212,-6.94,25.21,131328.00
241243,12.85,34.07,4104.00
241274,-7.09,25.23,131328.00
241306,12.83,34.44,4104.00
241337,-6.94,25.21,131328.00
241368,12.83,34.30,4104.00
241399,-6.94,25.22,131328.00
241430,12.72,34.19,4104.00
241461,-6.89,25.05,131328.00
241493,12.70,34.13,4104.00
241524,-6.90,25.07,131328.00
241555,12.94,33.91,4104.00
241586,-6.89,25.29,131328.00
241617,12.89,34.23,4104.00
241649,-7.03,25.33,131328.00
241680,13.00,34.32,4104.00
241711,-7.11,25.49,131328.00
241742,12.98,34.49,4104.00
241773,-6.86,25.57,131328.00
241805,13.14,34.40,4104.00
241836,-6.97,25.63,131328.00
241867,12.95,34.34,4104.00
241898,-6.73,26.07,131328.00
241929,12.96,34.42,4104.00
241961,-7.03,26.28,131328.00
241992,13.12,34.41,4104.00
242023,-7.10,26.27,131328.00
242054,13.16,34.79,4104.00
242085,-7.02,26.69,131328.00
242116,13.13,34.66,4104.00
242148,-7.05,26.90,131328.00
242179,13.40,34.56,4104.00
242210,-6.95,27.30,131328.00
242241,13.41,34.71,4104.00
242272,-6.85,27.47,131328.00
242304,13.61,34.96,4104.00
242335,-7.07,27.54,131328.00
242366,13.51,35.09,4104.00
242397,-7.12,27.53,131328.00
242428,13.67,34.78,4104.00
242460,-6.81,28.10,131328.00
242491,13.82,35.01,4104.00
242522,-7.14,28.37,131328.00
242553,13.75,35.20,4104.00
242584,-6.97,28.65,131328.00
242615,13.94,35.23,4104.00
242647,-7.08,28.93,131328.00
242678,14.08,35.30,4104.00
242709,-7.07,29.35,131328.00
242740,14.21,35.58,4104.00
242771,-6.93,29.62,131328.00
242803,14.34,35.98,4104.00
242834,-7.18,29.81,131328.00
242865,14.34,35.67,4104.00
242896,-7.13,29.76,131328.00
242927,14.32,35.80,4104.00
242959,-6.89,29.85,131328.00
242990,14.21,35.63,4104.00
243021,-6.86,29.58,131328.00
243052,14.08,35.79,4104.00
243083,-6.93,29.56,131328.00
243115,14.12,35.24,4104.00
243146,-7.16,29.44,131328.00
243177,14.03,35.40,4104.00
243208,-7.22,29.15,131328.00
243239,14.14,35.41,4104.00
243270,-6.73,29.29,131328.00
243302,14.13,35.37,4104.00
243333,-7.04,29.28,131328.00
243364,14.19,35.42,4104.00
243395,-6.87,29.49,131328.00
243426,14.04,35.55,4104.00
243458,-6.93,29.37,131328.00
243489,14.12,35.47,4104.00
243520,-7.14,29.26,131328.00
243551,14.08,35.85,4104.00
243582,-7.10,29.42,131328.00
243614,14.24,35.48,4104.00
243645,-7.12,29.30,131328.00
243676,14.14,35.44,4104.00
243707,-7.06,29.33,131328.00
243738,14.06,35.60,4104.00
243769,-6.99,29.27,131328.00
243801,14.02,35.48,4104.00
243832,-6.87,29.44,131328.00
243863,14.20,35.79,4104.00
243894,-6.93,29.24,131328.00
243925,14.00,35.54,4104.00
243957,-6.93,29.27,131328.00
243988,14.03,35.64,4104.00
244019,-7.20,29.27,131328.00
244050,13.94,35.50,4104.00
244081,-7.06,28.94,131328.00
244113,14.19,35.75,4104.00
244144,-7.11,29.11,131328.00
244175,14.04,35.64,4104.00
244206,-7.10,29.15,131328.00
244237,14.08,35.84,4104.00
244269,-6.98,29.08,131328.00
244300,14.00,35.68,4104.00
244331,-6.80,29.12,131328.00
244362,14.00,35.66,4104.00
244393,-7.04,28.83,131328.00
244424,13.98,35.47,4104.00
244456,-6.95,29.05,131328.00
244487,13.98,35.77,4104.00
244518,-7.04,28.97,131328.00
244549,14.07,35.30,4104.00
244580,-7.08,28.85,131328.00
244612,14.02,35.28,4104.00
244643,-6.93,28.82,131328.00
244674,14.11,35.60,4104.00
244705,-6.93,28.89,131328.00
244736,13.83,35.44,4104.00
244768,-7.10,28.97,131328.00
244799,13.81,35.40,4104.00
244830,-7.08,28.73,131328.00
244861,14.02,35.20,4104.00
244892,-6.98,28.88,131328.00
244923,13.85,35.30,4104.00
244955,-7.08,28.68,131328.00
244986,13.80,35.17,4104.00
245017,-6.99,28.62,131328.00
245048,13.83,35.27,4104.00
245079,-7.23,28.58,131328.00
245111,13.94,35.42,4104.00
245142,-7.14,28.60,131328.00
245173,13.86,35.31,4104.00
245204,-7.10,28.62,131328.00
245235,13.98,35.49,4104.00
245267,-7.15,28.56,131328.00
245298,13.93,35.48,4104.00
245329,-7.14,28.72,131328.00
245360,13.85,35.28,4104.00
245391,-7.04,28.55,131328.00
245423,13.94,35.01,4104.00
245454,-6.96,28.70,131328.00
245485,13.96,35.40,4104.00
245516,-7.20,28.45,131328.00
245547,13.84,35.14,4104.00
245578,-7.04,28.42,131328.00
245610,13.93,35.40,4104.00
245641,-7.03,28.25,131328.00
245672,13.84,35.26,4104.00
245703,-6.95,28.31,131328.00
245734,13.69,35.03,4104.00
245766,-6.93,28.41,131328.00
245797,13.77,35.11,4104.00
245828,-6.81,28.38,131328.00
245859,13.83,34.83,4104.00
245890,-6.71,28.37,131328.00
245922,13.89,35.19,4104.00
245953,-7.15,28.39,131328.00
245984,13.85,34.91,4104.00
246015,-6.92,28.38,131328.00
246046,13.94,34.90,4104.00
246077,-6.85,28.54,131328.00
246109,13.86,35.23,4104.00
246140,-6.91,28.73,131328.00
246171,13.67,35.13,4104.00
246202,-6.65,28.62,131328.00
246233,13.85,35.07,4104.00
246265,-6.76,28.31,131328.00
246296,13.65,35.14,4104.00
246327,-7.06,28.11,131328.00
246358,13.65,34.81,4104.00
246389,-7.14,28.07,131328.00
246421,13.73,34.97,4104.00
246452,-6.87,27.88,131328.00
246483,13.68,34.85,4104.00
246514,-7.08,27.90,131328.00
246545,13.64,34.96,4104.00
246576,-7.16,27.61,131328.00
246608,13.76,34.74,4104.00
246639,-7.10,27.82,131328.00
246670,13.62,34.67,4104.00
246701,-7.18,27.35,131328.00
246732,13.54,34.80,4104.00
246764,-7.16,27.54,131328.00
246795,13.65,34.60,4104.00
246826,-7.05,27.82,131328.00
246857,13.56,34.62,4104.00
246888,-7.10,27.27,131328.00
246920,13.65,34.58,4104.00
246951,-7.00,27.41,131328.00
246982,13.47,34.69,4104.00
247013,-7.18,27.47,131328.00
247044,13.56,34.83,4104.00
247076,-7.06,27.39,131328.00
247107,13.35,34.65,4104.00
247138,-6.96,27.27,131328.00
247169,13.41,34.74,4104.00
247200,-7.10,26.99,131328.00
247231,13.31,34.58,4104.00
247263,-7.13,27.01,131328.00
247294,13.41,34.60,4104.00
247325,-7.34,26.63,131328.00
247356,13.28,34.67,4104.00
247387,-7.06,26.68,131328.00
247419,13.48,34.38,4104.00
247450,-7.00,26.86,131328.00
247481,13.16,34.32,4104.00
247512,-7.34,26.36,131328.00
247543,13.36,34.59,4104.00
247575,-7.20,26.16,131328.00
247606,13.10,34.32,4104.00
247637,-7.10,26.31,131328.00
247668,13.30,34.06,4104.00
247699,-7.08,26.15,131328.00
247730,13.18,34.37,4104.00
247762,-7.03,26.03,131328.00
247793,13.20,33.99,4104.00
247824,-7.17,25.91,131328.00
247855,13.00,34.10,4104.00
247886,-6.99,25.73,131328.00
247918,13.05,34.19,4104.00
247949,-7.10,26.08,131328.00
247980,13.02,34.18,4104.00
248011,-7.12,25.66,131328.00
248042,12.94,34.17,4104.00
248074,-6.85,25.64,131328.00
248105,12.83,34.19,4104.00
248136,-7.30,25.76,131328.00
248167,13.20,33.97,4104.00
248198,-6.89,25.69,131328.00
248230,13.03,33.99,4104.00
248261,-7.14,25.69,131328.00
248292,12.92,34.07,4104.00
248323,-7.11,25.86,131328.00
248354,13.06,34.19,4104.00
248385,-6.97,25.74,131328.00
248417,12.97,34.28,4104.00
248448,-7.04,25.80,131328.00
248479,13.10,34.33,4104.00
248510,-6.87,26.02,131328.00
248541,13.00,34.19,4104.00
248573,-7.14,26.21,131328.00
248604,13.40,34.46,4104.00
248635,-7.08,26.55,131328.00
248666,13.10,34.39,4104.00
248697,-7.10,26.49,131328.00
248729,13.24,34.38,4104.00
248760,-7.05,26.74,131328.00
248791,13.51,34.32,4104.00
248822,-7.05,27.09,131328.00
248853,13.47,34.67,4104.00
248884,-7.13,27.45,131328.00
248916,13.67,34.67,4104.00
248947,-6.85,27.74,131328.00
248978,13.50,34.87,4104.00
249009,-7.16,27.98,131328.00
249040,13.73,35.02,4104.00
249072,-6.96,28.34,131328.00
249103,13.71,35.26,4104.00
249134,-7.16,28.58,131328.00
249165,14.04,34.98,4104.00
249196,-7.03,28.70,131328.00
249228,13.90,35.35,4104.00
249259,-7.18,29.02,131328.00
249290,14.17,35.74,4104.00
249321,-6.97,29.34,131328.00
249352,14.00,35.70,4104.00
249384,-7.30,29.54,131328.00
249415,14.28,35.93,4104.00
249446,-6.94,29.78,131328.00
249477,14.41,35.67,4104.00
249508,-7.08,29.91,131328.00
249539,14.22,35.93,4104.00
249571,-7.09,29.94,131328.00
249602,14.36,36.05,4104.00
249633,-7.12,29.69,131328.00
249664,14.36,35.60,4104.00
249695,-7.03,29.74,131328.00
249727,14.17,35.72,4104.00
249758,-7.22,29.58,131328.00
249789,14.13,35.53,4104.00
249820,-7.22,29.47,131328.00
249851,14.21,35.72,4104.00
249883,-7.28,29.38,131328.00
249914,14.26,35.34,4104.00
249945,-7.08,29.29,131328.00
249976,14.14,35.70,4104.00
250007,-7.08,29.34,131328.00
250038,14.20,35.50,4104.00
250070,-6.95,29.44,131328.00
250101,13.94,35.34,4104.00
250132,-7.06,29.10,131328.00
250163,14.08,35.28,4104.00
250194,-6.84,28.85,131328.00
250226,13.81,35.19,4104.00
250257,-6.88,28.55,131328.00
250288,13.71,35.08,4104.00
250319,-7.18,28.43,131328.00
250350,13.75,34.95,4104.00
250382,-7.15,28.20,131328.00
250413,13.79,34.70,4104.00
250444,-6.97,27.98,131328.00
250475,13.68,34.72,4104.00
250506,-7.11,27.75,131328.00
250538,13.63,34.72,4104.00
250569,-7.22,27.85,131328.00
250600,13.61,34.88,4104.00
250631,-7.03,27.78,131328.00
250662,13.83,34.91,4104.00
250693,-7.05,27.80,131328.00
250725,13.50,34.83,4104.00
250756,-7.13,27.95,131328.00
250787,13.68,34.70,4104.00
250818,-7.07,28.11,131328.00
250849,13.63,34.92,4104.00
250881,-7.27,27.86,131328.00
250912,13.65,34.89,4104.00
250943,-7.30,28.03,131328.00
250974,13.57,34.91,4104.00
251005,-7.23,28.09,131328.00
251037,13.83,34.69,4104.00
251068,-6.97,27.96,131328.00
251099,13.60,34.88,4104.00
251130,-7.31,27.83,131328.00
251161,13.66,34.99,4104.00
251192,-7.20,27.78,131328.00
251224,13.73,34.65,4104.00
251255,-7.08,27.96,131328.00
251286,13.65,34.97,4104.00
251317,-7.14,27.78,131328.00
251348,13.77,35.00,4104.00
251380,-7.28,27.76,131328.00
251411,13.79,34.66,4104.00
251442,-7.22,27.78,131328.00
251473,13.66,34.97,4104.00
251504,-7.33,27.56,131328.00
251536,13.65,34.74,4104.00
251567,-7.23,27.78,131328.00
251598,13.71,35.10,4104.00
251629,-7.30,27.76,131328.00
251660,13.57,35.10,4104.00
251692,-7.13,27.82,131328.00
251723,13.70,34.88,4104.00
251754,-7.05,27.91,131328.00
251785,13.65,34.94,4104.00
251816,-7.28,27.96,131328.00
251847,13.64,34.93,4104.00
251879,-6.99,27.89,131328.00
251910,13.53,34.69,4104.00
251941,-7.12,27.85,131328.00
251972,13.67,34.68,4104.00
252003,-6.71,27.74,131328.00
252035,13.67,34.60,4104.00
252066,-7.18,27.72,131328.00
252097,13.51,34.79,4104.00
252128,-6.82,27.66,131328.00
252159,13.47,34.68,4104.00
252191,-7.10,27.72,131328.00
252222,13.51,34.83,4104.00
252253,-6.87,27.69,131328.00
252284,13.49,34.76,4104.00
252315,-7.16,27.62,131328.00
252346,13.62,34.79,4104.00
252378,-7.18,27.45,131328.00
252409,13.71,34.87,4104.00
252440,-7.03,27.48,131328.00
252471,13.63,34.49,4104.00
252502,-6.96,27.62,131328.00
252534,13.62,34.43,4104.00
252565,-7.03,27.62,131328.00
252596,13.59,34.53,4104.00
252627,-7.04,27.49,131328.00
252658,13.64,34.41,4104.00
252690,-6.99,27.64,131328.00
252721,13.58,34.53,4104.00
252752,-6.84,27.80,131328.00
252783,13.67,34.48,4104.00
252814,-7.26,27.49,131328.00
252846,13.45,34.71,4104.00
252877,-7.10,27.68,131328.00
252908,13.37,34.77,4104.00
252939,-6.75,27.75,131328.00
252970,13.47,34.80,4104.00
253001,-6.85,27.66,131328.00
253033,13.34,34.72,4104.00
253064,-6.86,27.58,131328.00
253095,13.36,34.79,4104.00
253126,-7.04,27.70,131328.00
253157,13.58,35.05,4104.00
253189,-7.22,27.55,131328.00
253220,13.52,34.67,4104.00
253251,-7.05,27.37,131328.00
253282,13.43,34.77,4104.00
253313,-7.10,27.47,131328.00
253345,13.43,34.52,4104.00
253376,-6.98,27.37,131328.00
253407,13.45,34.48,4104.00
253438,-6.89,27.25,131328.00
253469,13.39,34.63,4104.00
253500,-7.05,27.18,131328.00
253532,13.42,34.70,4104.00
253563,-6.82,27.27,131328.00
253594,13.43,34.79,4104.00
253625,-7.06,27.19,131328.00
253656,13.39,34.76,4104.00
253688,-7.01,27.14,131328.00
253719,13.51,34.81,4104.00
253750,-7.08,27.10,131328.00
253781,13.56,34.40,4104.00
253812,-6.81,27.16,131328.00
253844,13.36,34.72,4104.00
253875,-7.15,27.13,131328.00
253906,13.51,34.47,4104.00
253937,-6.97,27.11,131328.00
253968,13.30,34.49,4104.00
254000,-7.04,26.94,131328.00
254031,13.30,34.44,4104.00
254062,-7.03,26.86,131328.00
254093,13.31,34.41,4104.00
254124,-7.07,27.07,131328.00
254155,13.45,34.30,4104.00
254187,-7.06,26.96,131328.00
254218,13.32,34.40,4104.00
254249,-7.05,26.92,131328.00
254280,13.45,34.38,4104.00
254311,-7.06,27.01,131328.00
254343,13.41,34.65,4104.00
254374,-7.18,26.83,131328.00
254405,13.42,34.22,4104.00
254436,-7.12,26.87,131328.00
254467,13.42,34.44,4104.00
254499,-6.94,26.84,131328.00
254530,13.25,34.40,4104.00
254561,-7.12,26.81,131328.00
254592,13.41,34.17,4104.00
254623,-6.90,26.85,131328.00
254654,13.21,34.38,4104.00
254686,-6.91,26.78,131328.00
254717,13.24,34.50,4104.00
254748,-6.95,26.66,131328.00
254779,13.35,34.13,4104.00
254810,-6.93,26.74,131328.00
254842,13.34,34.30,4104.00
254873,-7.05,26.68,131328.00
254904,13.25,34.36,4104.00
254935,-6.81,26.68,131328.00
254966,13.27,34.12,4104.00
254998,-6.80,26.78,131328.00
255029,13.35,34.19,4104.00
255060,-7.04,26.68,131328.00
255091,13.31,34.23,4104.00
255122,-6.82,26.59,131328.00
255153,13.38,34.27,4104.00
255185,-6.92,26.63,131328.00
255216,13.23,34.54,4104.00
255247,-7.09,26.51,131328.00
255278,13.10,34.30,4104.00
255309,-6.87,26.66,131328.00
255341,13.12,34.42,4104.00
255372,-6.92,26.65,131328.00
255403,13.12,34.30,4104.00
255434,-7.08,26.44,131328.00
255465,13.10,34.38,4104.00
255497,-6.95,26.52,131328.00
255528,13.23,34.63,4104.00
255559,-7.03,26.70,131328.00
255590,13.34,34.29,4104.00
255621,-6.80,26.73,131328.00
255653,13.28,34.68,4104.00
255684,-6.96,26.82,131328.00
255715,13.51,34.54,4104.00
255746,-6.72,27.03,131328.00
255777,13.35,34.70,4104.00
255808,-6.93,26.89,131328.00
255840,13.19,34.58,4104.00
255871,-7.10,26.86,131328.00
255902,13.32,34.79,4104.00
255933,-7.04,26.72,131328.00
255964,13.26,34.63,4104.00
255996,-7.01,26.79,131328.00
256027,13.32,34.72,4104.00
256058,-7.05,26.80,131328.00
256089,13.28,34.45,4104.00
256120,-7.24,26.55,131328.00
256152,13.28,34.57,4104.00
256183,-7.05,26.66,131328.00
256214,13.24,34.56,4104.00
256245,-6.95,26.52,131328.00
256276,13.39,34.38,4104.00
256307,-6.89,26.68,131328.00
256339,13.27,34.58,4104.00
256370,-6.95,26.57,131328.00
256401,13.30,34.68,4104.00
256432,-7.00,26.55,131328.00
256463,13.41,34.47,4104.00
256495,-6.75,26.64,131328.00
256526,13.30,34.59,4104.00
256557,-6.74,26.70,131328.00
256588,13.39,34.48,4104.00
256619,-6.79,26.62,131328.00
256651,13.46,34.51,4104.00
256682,-6.83,26.55,131328.00
256713,13.37,34.31,4104.00
256744,-7.03,26.57,131328.00
256775,13.34,34.40,4104.00
256807,-7.01,26.42,131328.00
256838,13.14,34.55,4104.00
256869,-6.99,26.33,131328.00
256900,13.21,34.62,4104.00
256931,-6.81,26.45,131328.00
256962,13.18,34.34,4104.00
256994,-6.93,26.21,131328.00
257025,13.20,34.64,4104.00
257056,-7.05,26.28,131328.00
257087,13.31,34.42,4104.00
257118,-7.14,26.27,131328.00
257150,13.21,34.46,4104.00
257181,-7.03,26.38,131328.00
257212,13.32,34.74,4104.00
257243,-6.92,26.33,131328.00
257274,13.18,34.72,4104.00
257306,-7.05,26.19,131328.00
257337,13.34,34.48,4104.00
257368,-6.86,26.26,131328.00
257399,13.31,34.45,4104.00
257430,-6.91,26.13,131328.00
257461,13.30,34.33,4104.00
257493,-6.89,26.06,131328.00
257524,13.22,34.48,4104.00
257555,-6.99,25.99,131328.00
257586,13.20,34.39,4104.00
257617,-7.16,26.05,131328.00
257649,13.24,34.67,4104.00
257680,-7.12,26.09,131328.00
257711,13.27,34.21,4104.00
257742,-7.09,25.99,131328.00
257773,13.05,34.49,4104.00
257805,-7.04,26.16,131328.00
257836,13.24,34.52,4104.00
257867,-6.93,26.11,131328.00
257898,13.20,34.47,4104.00
257929,-7.18,25.98,131328.00
257961,13.12,34.43,4104.00
257992,-7.12,25.96,131328.00
258023,13.15,34.56,4104.00
258054,-7.08,25.92,131328.00
258085,13.32,34.32,4104.00
258116,-6.85,26.29,131328.00
258148,13.27,34.68,4104.00
258179,-7.09,26.27,131328.00
258210,13.26,34.72,4104.00
258241,-6.93,26.33,131328.00
258272,13.12,34.61,4104.00
258304,-7.06,26.30,131328.00
258335,13.24,34.70,4104.00
258366,-7.05,26.42,131328.00
258397,13.29,34.98,4104.00
258428,-6.91,26.33,131328.00
258460,13.24,34.85,4104.00
258491,-7.04,26.68,131328.00
258522,13.36,35.09,4104.00
258553,-7.19,26.96,131328.00
258584,13.63,35.14,4104.00
258615,-7.19,26.92,131328.00
258647,13.55,35.45,4104.00
258678,-7.19,26.83,131328.00
258709,13.42,35.58,4104.00
258740,-7.33,26.80,131328.00
258771,13.51,35.46,4104.00
258803,-6.99,26.99,131328.00
258834,13.54,35.57,4104.00
258865,-7.31,27.21,131328.00
258896,13.61,35.87,4104.00
258927,-7.26,27.32,131328.00
258959,13.59,35.91,4104.00
258990,-7.21,27.17,131328.00
259021,13.53,35.71,4104.00
259052,-7.12,27.14,131328.00
259083,13.64,35.85,4104.00
259115,-7.12,27.06,131328.00
259146,13.47,35.62,4104.00
259177,-6.98,27.13,131328.00
259208,13.66,35.85,4104.00
259239,-7.14,26.92,131328.00
259270,13.58,35.72,4104.00
259302,-6.98,27.07,131328.00
259333,13.51,35.67,4104.00
259364,-7.05,26.95,131328.00
259395,13.53,35.40,4104.00
259426,-6.88,26.77,131328.00
259458,13.37,35.46,4104.00
259489,-7.12,26.55,131328.00
259520,13.28,35.36,4104.00
259551,-7.11,26.43,131328.00
259582,13.39,35.24,4104.00
259614,-6.93,26.62,131328.00
259645,13.34,35.16,4104.00
259676,-7.10,26.46,131328.00
259707,13.30,35.02,4104.00
259738,-7.11,26.14,131328.00
259769,13.15,34.97,4104.00
259801,-6.98,26.11,131328.00
259832,13.33,34.60,4104.00
259863,-7.08,25.98,131328.00
259894,13.20,34.89,4104.00
259925,-7.11,25.73,131328.00
259957,13.28,34.43,4104.00
259988,-6.89,25.73,131328.00
260019,13.17,34.65,4104.00
260050,-7.18,25.54,131328.00
260081,13.20,34.34,4104.00
260113,-7.06,25.53,131328.00
260144,13.04,34.40,4104.00
260175,-7.00,25.62,131328.00
260206,13.17,34.25,4104.00
260237,-7.01,25.61,131328.00
260269,13.11,34.40,4104.00
260300,-7.05,25.53,131328.00
260331,13.21,34.33,4104.00
260362,-7.10,25.70,131328.00
260393,13.01,34.57,4104.00
260424,-7.05,25.46,131328.00
260456,13.03,34.37,4104.00
260487,-7.13,25.45,131328.00
260518,13.13,34.14,4104.00
260549,-6.90,25.43,131328.00
260580,13.04,34.32,4104.00
260612,-7.10,25.46,131328.00
260643,13.24,34.32,4104.00
260674,-6.93,25.49,131328.00
260705,13.10,34.23,4104.00
260736,-7.12,25.40,131328.00
260768,13.22,34.62,4104.00
260799,-7.10,25.32,131328.00
260830,12.94,34.61,4104.00
260861,-7.18,25.17,131328.00
260892,12.95,34.50,4104.00
260923,-7.22,25.33,131328.00
260955,13.22,34.66,4104.00
260986,-7.23,25.35,131328.00
261017,13.00,34.36,4104.00
261048,-6.89,25.40,131328.00
261079,13.14,34.23,4104.00
261111,-6.91,25.37,131328.00
261142,13.00,34.59,4104.00
261173,-6.95,25.25,131328.00
261204,12.97,34.46,4104.00
261235,-7.19,25.22,131328.00
261267,13.00,34.47,4104.00
261298,-7.21,25.17,131328.00
261329,13.14,34.34,4104.00
261360,-7.14,25.39,131328.00
261391,13.12,34.28,4104.00
261423,-6.99,25.44,131328.00
261454,13.06,34.53,4104.00
261485,-7.17,25.57,131328.00
261516,13.10,34.67,4104.00
261547,-7.18,25.40,131328.00
261578,13.16,34.38,4104.00
261610,-7.06,25.41,131328.00
261641,13.10,34.66,4104.00
261672,-7.21,25.30,131328.00
261703,12.91,34.32,4104.00
261734,-7.03,25.32,131328.00
261766,13.19,34.68,4104.00
261797,-7.11,25.28,131328.00
261828,13.10,34.58,4104.00
261859,-7.16,25.45,131328.00
261890,13.06,34.36,4104.00
261922,-7.20,25.44,131328.00
261953,13.11,34.70,4104.00
261984,-6.98,25.47,131328.00
262015,13.22,34.45,4104.00
262046,-7.22,25.49,131328.00
262077,13.02,34.83,4104.00
262109,-7.04,25.62,131328.00
262140,13.26,34.52,4104.00
262171,-7.14,25.60,131328.00
262202,13.08,34.61,4104.00
262233,-7.11,25.65,131328.00
262265,13.08,34.59,4104.00
262296,-7.28,25.45,131328.00
262327,13.04,34.72,4104.00
262358,-7.16,25.60,131328.00
262389,13.26,34.65,4104.00
262421,-6.99,25.66,131328.00
262452,13.12,34.86,4104.00
262483,-6.99,25.44,131328.00
262514,13.14,34.75,4104.00
262545,-7.05,25.44,131328.00
262576,13.17,34.75,4104.00
262608,-7.21,25.38,131328.00
262639,12.99,34.54,4104.00
262670,-7.28,25.29,131328.00
262701,13.00,34.47,4104.00
262732,-7.22,25.27,131328.00
262764,13.08,34.63,4104.00
262795,-6.96,25.43,131328.00
262826,13.12,34.72,4104.00
262857,-7.11,25.45,131328.00
262888,13.19,34.49,4104.00
262920,-7.11,25.46,131328.00
262951,13.20,34.51,4104.00
262982,-6.97,25.51,131328.00
263013,13.13,34.73,4104.00
263044,-7.15,25.49,131328.00
263076,13.12,34.77,4104.00
263107,-7.16,25.69,131328.00
263138,13.20,34.80,4104.00
263169,-6.97,25.88,131328.00
263200,13.17,34.82,4104.00
263231,-7.14,25.51,131328.00
263263,13.26,34.84,4104.00
263294,-7.15,25.37,131328.00
263325,13.22,34.40,4104.00
263356,-7.19,25.12,131328.00
263387,13.22,34.55,4104.00
263419,-7.14,25.39,131328.00
263450,13.04,34.66,4104.00
263481,-7.20,25.42,131328.00
263512,13.14,34.85,4104.00
263543,-7.27,25.38,131328.00
263575,13.23,34.70,4104.00
263606,-7.18,25.44,131328.00
263637,13.14,35.01,4104.00
263668,-7.15,25.39,131328.00
263699,13.22,34.65,4104.00
263730,-6.97,25.37,131328.00
263762,13.01,34.66,4104.00
263793,-6.94,25.20,131328.00
263824,13.04,34.58,4104.00
263855,-7.19,25.32,131328.00
263886,13.03,34.62,4104.00
263918,-6.95,25.27,131328.00
263949,13.17,34.42,4104.00
263980,-7.18,25.26,131328.00
264011,13.07,34.70,4104.00
264042,-7.32,25.29,131328.00
264074,13.07,34.80,4104.00
264105,-7.05,25.13,131328.00
264136,13.15,34.56,4104.00
264167,-7.26,25.23,131328.00
264198,13.00,34.63,4104.00
264230,-7.44,25.26,131328.00
264261,13.11,34.73,4104.00
264292,-7.38,25.12,131328.00
264323,13.23,34.85,4104.00
264354,-7.32,25.15,131328.00
264385,13.07,34.60,4104.00
264417,-7.26,25.16,131328.00
264448,13.12,34.75,4104.00
264479,-7.24,25.28,131328.00
264510,13.16,34.86,4104.00
264541,-7.06,25.20,131328.00
264573,13.08,34.91,4104.00
264604,-7.08,25.22,131328.00
264635,13.08,34.74,4104.00
264666,-6.99,25.38,131328.00
264697,13.22,35.07,4104.00
264729,-7.30,25.27,131328.00
264760,13.30,34.72,4104.00
264791,-7.19,25.32,131328.00
264822,13.05,34.78,4104.00
264853,-7.06,25.17,131328.00
264884,12.83,34.65,4104.00
264916,-7.19,24.96,131328.00
264947,13.01,34.73,4104.00
264978,-7.11,25.20,131328.00
265009,13.04,34.64,4104.00
265040,-7.10,25.10,131328.00
265072,13.12,34.95,4104.00
265103,-7.30,25.11,131328.00
265134,13.00,34.97,4104.00
265165,-7.24,25.09,131328.00
265196,13.08,34.86,4104.00
265228,-7.16,25.38,131328.00
265259,13.00,34.89,4104.00
265290,-7.02,25.13,131328.00
265321,13.21,34.47,4104.00
265352,-7.03,25.11,131328.00
265384,12.84,34.64,4104.00
265415,-7.12,25.11,131328.00
265446,13.10,34.45,4104.00
265477,-7.09,25.05,131328.00
265508,12.98,34.70,4104.00
265539,-7.18,24.98,131328.00
265571,13.09,34.44,4104.00
265602,-7.18,24.92,131328.00
265633,13.00,34.81,4104.00
265664,-7.05,24.97,131328.00
265695,13.16,34.56,4104.00
265727,-7.28,25.07,131328.00
265758,13.26,34.75,4104.00
265789,-7.14,24.90,131328.00
265820,12.96,34.75,4104.00
265851,-7.24,24.96,131328.00
265883,13.04,34.87,4104.00
265914,-7.07,24.88,131328.00
265945,13.08,34.70,4104.00
265976,-7.34,25.11,131328.00
266007,13.06,34.72,4104.00
266038,-7.17,25.02,131328.00
266070,12.83,34.66,4104.00
266101,-7.26,24.87,131328.00
266132,13.08,34.49,4104.00
266163,-6.99,25.17,131328.00
266194,13.06,34.79,4104.00
266226,-7.03,24.88,131328.00
266257,13.17,34.44,4104.00
266288,-7.21,25.17,131328.00
266319,13.02,34.74,4104.00
266350,-7.24,25.04,131328.00
266382,13.06,34.56,4104.00
266413,-6.99,24.90,131328.00
266444,13.15,34.87,4104.00
266475,-7.12,24.94,131328.00
266506,13.13,34.87,4104.00
266538,-7.26,24.97,131328.00
266569,12.92,34.53,4104.00
266600,-7.20,24.80,131328.00
266631,12.91,34.72,4104.00
266662,-7.05,25.13,131328.00
266693,13.02,34.44,4104.00
266725,-7.15,25.07,131328.00
266756,12.90,34.50,4104.00
266787,-6.97,25.00,131328.00
266818,13.02,34.50,4104.00
266849,-7.00,25.21,131328.00
266881,13.04,34.49,4104.00
266912,-6.96,25.01,131328.00
266943,13.06,34.31,4104.00
266974,-7.20,25.17,131328.00
267005,13.20,34.20,4104.00
267037,-6.96,25.30,131328.00
267068,12.94,34.39,4104.00
267099,-7.05,25.38,131328.00
267130,12.84,34.29,4104.00
267161,-7.10,25.42,131328.00
267192,13.22,34.11,4104.00
267224,-7.03,25.53,131328.00
267255,13.18,34.09,4104.00
267286,-7.09,25.61,131328.00
267317,13.27,34.13,4104.00
267348,-7.01,25.93,131328.00
267380,13.16,34.36,4104.00
267411,-7.05,25.92,131328.00
267442,13.36,34.21,4104.00
267473,-7.12,26.15,131328.00
267504,13.26,34.35,4104.00
267536,-7.06,26.16,131328.00
267567,13.33,34.40,4104.00
267598,-7.00,26.37,131328.00
267629,13.46,34.30,4104.00
267660,-7.09,26.67,131328.00
267692,13.34,34.70,4104.00
267723,-6.97,26.77,131328.00
267754,13.45,34.88,4104.00
267785,-7.06,27.02,131328.00
267816,13.39,34.55,4104.00
267847,-7.06,26.71,131328.00
267879,13.59,34.55,4104.00
267910,-7.02,26.87,131328.00
267941,13.47,34.58,4104.00
267972,-6.79,26.94,131328.00
268003,13.47,34.79,4104.00
268035,-7.06,26.87,131328.00
268066,13.52,34.42,4104.00
268097,-7.03,26.87,131328.00
268128,13.37,34.76,4104.00
268159,-6.81,26.80,131328.00
268191,13.32,34.64,4104.00
268222,-6.97,26.77,131328.00
268253,13.46,34.67,4104.00
268284,-6.95,26.80,131328.00
268315,13.51,34.39,4104.00
268346,-6.85,26.67,131328.00
268378,13.24,34.61,4104.00
268409,-7.13,26.60,131328.00
268440,13.39,34.58,4104.00
268471,-7.13,26.43,131328.00
268502,13.26,34.52,4104.00
268534,-6.92,26.48,131328.00
268565,13.41,34.34,4104.00
268596,-7.17,26.39,131328.00
268627,13.47,34.30,4104.00
268658,-7.04,26.40,131328.00
268690,13.48,34.60,4104.00
268721,-7.09,26.31,131328.00
268752,13.24,34.62,4104.00
268783,-7.01,26.31,131328.00
268814,13.14,34.39,4104.00
268846,-7.15,26.11,131328.00
268877,13.36,34.20,4104.00
268908,-6.90,26.11,131328.00
268939,13.43,34.16,4104.00
268970,-6.96,26.18,131328.00
269001,13.28,34.32,4104.00
269033,-7.05,26.21,131328.00
269064,13.12,34.31,4104.00
269095,-7.09,26.06,131328.00
269126,13.06,34.27,4104.00
269157,-6.92,26.02,131328.00
269189,13.26,34.07,4104.00
269220,-7.08,25.94,131328.00
269251,13.16,34.49,4104.00
269282,-7.09,25.96,131328.00
269313,13.14,34.33,4104.00
269345,-7.03,25.90,131328.00
269376,13.04,34.25,4104.00
269407,-6.83,25.90,131328.00
269438,13.11,34.18,4104.00
269469,-6.73,25.94,131328.00
269500,13.09,34.25,4104.00
269532,-7.05,25.82,131328.00
269563,13.32,34.01,4104.00
269594,-7.03,25.91,131328.00
269625,13.15,34.07,4104.00
269656,-7.09,25.73,131328.00
269688,13.18,34.38,4104.00
269719,-7.14,25.76,131328.00
269750,13.00,34.37,4104.00
269781,-6.81,25.80,131328.00
269812,12.91,34.17,4104.00
269844,-6.87,25.84,131328.00
269875,13.02,34.11,4104.00
269906,-7.07,25.78,131328.00
269937,13.24,34.35,4104.00
269968,-7.08,25.70,131328.00
270000,13.26,34.05,4104.00
270031,-7.21,25.85,131328.00
270062,13.15,34.31,4104.00
270093,-7.10,25.77,131328.00
270124,13.12,34.07,4104.00
270155,-6.98,25.76,131328.00
270187,13.08,34.15,4104.00
270218,-6.91,25.77,131328.00
270249,13.07,34.13,4104.00
270280,-6.70,25.82,131328.00
270311,12.94,34.18,4104.00
270343,-6.82,25.70,131328.00
270374,13.12,34.12,4104.00
270405,-7.01,25.56,131328.00
270436,13.01,34.17,4104.00
270467,-7.01,25.54,131328.00
270499,13.11,34.13,4104.00
270530,-6.90,25.74,131328.00
270561,13.05,34.19,4104.00
270592,-6.86,25.79,131328.00
270623,13.16,34.37,4104.00
270654,-6.99,25.64,131328.00
270686,13.06,34.17,4104.00
270717,-6.96,25.57,131328.00
270748,13.04,34.07,4104.00
270779,-6.75,25.72,131328.00
270810,12.95,34.11,4104.00
270842,-6.92,25.70,131328.00
270873,12.99,34.09,4104.00
270904,-6.86,25.88,131328.00
270935,12.97,34.08,4104.00
270966,-7.06,25.80,131328.00
270998,13.07,34.31,4104.00
271029,-6.98,25.76,131328.00
271060,13.10,34.32,4104.00
271091,-6.95,25.88,131328.00
271122,13.30,34.34,4104.00
271153,-6.91,25.88,131328.00
271185,13.26,34.34,4104.00
271216,-7.04,25.93,131328.00
271247,13.03,34.21,4104.00
271278,-6.94,25.90,131328.00
271309,13.14,34.34,4104.00
271341,-6.93,26.02,131328.00
271372,13.02,34.23,4104.00
271403,-6.89,25.93,131328.00
271434,13.17,34.45,4104.00
271465,-7.08,26.00,131328.00
271497,13.12,34.23,4104.00
271528,-6.95,26.01,131328.00
271559,13.07,34.45,4104.00
271590,-6.78,25.96,131328.00
271621,13.14,34.46,4104.00
271653,-6.97,26.16,131328.00
271684,13.16,34.42,4104.00
271715,-6.85,25.78,131328.00
271746,13.10,34.21,4104.00
271777,-6.86,25.88,131328.00
271808,13.17,34.09,4104.00
271840,-6.79,25.81,131328.00
271871,13.00,34.17,4104.00
271902,-6.97,26.04,131328.00
271933,13.10,34.14,4104.00
271964,-6.90,25.75,131328.00
271996,13.26,34.00,4104.00
272027,-7.15,25.56,131328.00
272058,13.04,34.44,4104.00
272089,-6.83,25.68,131328.00
272120,13.06,34.35,4104.00
272152,-6.95,25.68,131328.00
272183,13.10,34.23,4104.00
272214,-7.05,25.60,131328.00
272245,13.14,34.34,4104.00
272276,-6.88,25.52,131328.00
272307,12.99,34.25,4104.00
272339,-6.82,25.60,131328.00
272370,13.07,34.07,4104.00
272401,-6.73,25.58,131328.00
272432,13.02,34.19,4104.00
272463,-6.78,25.48,131328.00
272495,13.10,33.91,4104.00
272526,-6.79,25.38,131328.00
272557,12.96,34.07,4104.00
272588,-6.97,25.35,131328.00
272619,12.97,34.29,4104.00
272651,-6.94,25.28,131328.00
272682,13.04,33.94,4104.00
272713,-6.89,25.41,131328.00
272744,12.97,34.11,4104.00
272775,-6.78,25.23,131328.00
272807,12.85,34.22,4104.00
272838,-6.95,25.04,131328.00
272869,12.96,34.15,4104.00
272900,-6.85,25.09,131328.00
272931,13.07,34.13,4104.00
272962,-7.03,25.15,131328.00
272994,13.04,34.36,4104.00
273025,-7.02,25.20,131328.00
273056,12.99,33.99,4104.00
273087,-7.05,24.97,131328.00
273118,12.92,34.34,4104.00
273150,-6.95,25.15,131328.00
273181,12.92,34.36,4104.00
273212,-6.99,25.15,131328.00
273243,12.90,34.29,4104.00
273274,-6.92,25.11,131328.00
273306,12.86,34.29,4104.00
273337,-6.99,25.14,131328.00
273368,12.90,34.17,4104.00
273399,-6.85,25.33,131328.00
273430,12.96,34.37,4104.00
273461,-6.75,25.04,131328.00
273493,12.73,34.25,4104.00
273524,-7.05,25.07,131328.00
273555,12.88,34.38,4104.00
273586,-6.98,25.05,131328.00
273617,13.02,34.02,4104.00
273649,-7.12,25.19,131328.00
273680,13.02,34.38,4104.00
273711,-7.03,25.03,131328.00
273742,12.92,34.34,4104.00
273773,-6.99,25.04,131328.00
273805,13.04,34.05,4104.00
273836,-7.08,25.25,131328.00
273867,12.95,34.29,4104.00
273898,-7.03,25.41,131328.00
273929,13.01,34.36,4104.00
273961,-6.99,25.24,131328.00
273992,12.98,34.30,4104.00
274023,-6.89,25.43,131328.00
274054,13.06,34.42,4104.00
274085,-6.77,25.51,131328.00
274116,13.09,34.09,4104.00
274148,-6.89,25.66,131328.00
274179,13.10,34.17,4104.00
274210,-6.83,26.01,131328.00
274241,13.20,34.29,4104.00
274272,-6.99,25.91,131328.00
274304,13.09,34.30,4104.00
274335,-6.75,26.03,131328.00
274366,13.28,34.34,4104.00
274397,-7.10,26.12,131328.00
274428,13.20,34.47,4104.00
274460,-6.93,26.57,131328.00
274491,13.37,34.42,4104.00
274522,-7.11,26.73,131328.00
274553,13.41,34.91,4104.00
274584,-6.92,26.84,131328.00
274615,13.52,34.49,4104.00
274647,-7.08,27.06,131328.00
274678,13.53,34.48,4104.00
274709,-7.15,26.96,131328.00
274740,13.66,34.59,4104.00
274771,-6.90,27.44,131328.00
274803,13.69,34.71,4104.00
274834,-7.05,27.45,131328.00
274865,13.57,35.03,4104.00
274896,-7.12,27.88,131328.00
274927,13.89,35.36,4104.00
274959,-7.18,28.09,131328.00
274990,13.85,35.11,4104.00
275021,-7.06,28.65,131328.00
275052,13.87,35.48,4104.00
275083,-7.12,28.66,131328.00
275115,14.05,35.38,4104.00
275146,-7.03,29.13,131328.00
275177,14.08,35.61,4104.00
275208,-6.75,29.23,131328.00
275239,14.21,35.75,4104.00
275270,-7.16,29.68,131328.00
275302,14.18,36.03,4104.00
275333,-7.14,29.67,131328.00
275364,14.16,36.02,4104.00
275395,-7.16,29.91,131328.00
275426,14.20,36.07,4104.00
275458,-6.91,30.00,131328.00
275489,14.26,36.09,4104.00
275520,-7.01,30.09,131328.00
275551,14.29,36.05,4104.00
275582,-7.05,30.15,131328.00
275614,14.24,36.29,4104.00
275645,-7.01,30.09,131328.00
275676,14.08,35.99,4104.00
275707,-7.12,29.91,131328.00
275738,14.31,35.72,4104.00
275769,-6.88,29.55,131328.00
275801,14.07,35.65,4104.00
275832,-7.05,29.11,131328.00
275863,14.16,35.38,4104.00
275894,-7.08,28.88,131328.00
275925,14.07,35.32,4104.00
275957,-6.89,28.53,131328.00
275988,14.02,35.09,4104.00
276019,-6.99,28.41,131328.00
276050,13.81,34.91,4104.00
276081,-7.03,27.94,131328.00
276113,13.75,34.76,4104.00
276144,-6.96,27.70,131328.00
276175,13.74,35.05,4104.00
276206,-7.05,27.43,131328.00
276237,13.40,34.73,4104.00
276269,-6.82,27.33,131328.00
276300,13.33,34.62,4104.00
276331,-7.08,27.17,131328.00
276362,13.38,34.56,4104.00
276393,-7.03,26.95,131328.00
276424,13.41,34.30,4104.00
276456,-6.91,26.73,131328.00
276487,13.40,34.23,4104.00
276518,-7.10,26.60,131328.00
276549,13.36,34.16,4104.00
276580,-6.98,26.45,131328.00
276612,13.25,34.38,4104.00
276643,-6.97,26.72,131328.00
276674,13.28,34.12,4104.00
276705,-7.03,26.37,131328.00
276736,13.32,34.07,4104.00
276768,-7.12,26.08,131328.00
276799,13.17,34.38,4104.00
276830,-6.95,26.19,131328.00
276861,13.11,34.28,4104.00
276892,-6.78,26.17,131328.00
276923,13.07,34.30,4104.00
276955,-7.18,25.85,131328.00
276986,13.07,34.32,4104.00
277017,-7.19,26.10,131328.00
277048,13.14,34.15,4104.00
277079,-6.94,25.93,131328.00
277111,13.02,34.10,4104.00
277142,-7.20,25.84,131328.00
277173,13.09,34.21,4104.00
277204,-6.92,26.07,131328.00
277235,13.02,34.42,4104.00
277267,-6.92,26.05,131328.00
277298,13.28,34.17,4104.00
277329,-6.86,26.02,131328.00
277360,13.14,34.54,4104.00
277391,-7.01,25.97,131328.00
277423,13.29,34.23,4104.00
277454,-7.10,26.09,131328.00
277485,13.26,34.32,4104.00
277516,-7.11,26.01,131328.00
277547,13.16,34.72,4104.00
277578,-7.06,25.94,131328.00
277610,13.19,34.25,4104.00
277641,-6.99,25.89,131328.00
277672,13.08,34.26,4104.00
277703,-7.03,25.79,131328.00
277734,13.22,34.11,4104.00
277766,-6.97,26.03,131328.00
277797,13.21,34.54,4104.00
277828,-7.08,25.92,131328.00
277859,13.17,34.64,4104.00
277890,-7.15,26.07,131328.00
277922,13.12,34.76,4104.00
277953,-6.99,25.98,131328.00
277984,13.11,34.72,4104.00
278015,-7.13,25.93,131328.00
278046,13.11,34.62,4104.00
278077,-6.93,26.23,131328.00
278109,13.10,34.48,4104.00
278140,-6.89,26.01,131328.00
278171,13.20,34.60,4104.00
278202,-7.13,25.97,131328.00
278233,13.15,34.52,4104.00
278265,-7.04,26.05,131328.00
278296,13.16,34.64,4104.00
278327,-7.03,26.04,131328.00
278358,13.25,34.62,4104.00
278389,-7.18,25.99,131328.00
278421,13.26,34.39,4104.00
278452,-7.11,25.97,131328.00
278483,13.18,34.43,4104.00
278514,-6.88,25.80,131328.00
278545,13.26,34.25,4104.00
278576,-7.17,25.94,131328.00
278608,13.17,34.56,4104.00
278639,-6.95,25.97,131328.00
278670,13.24,34.31,4104.00
278701,-7.06,25.98,131328.00
278732,13.25,34.35,4104.00
278764,-7.16,26.00,131328.00
278795,13.29,34.31,4104.00
278826,-7.20,25.99,131328.00
278857,13.32,34.71,4104.00
278888,-7.30,25.93,131328.00
278920,13.14,34.50,4104.00
278951,-6.95,26.01,131328.00
278982,13.01,34.61,4104.00
279013,-6.87,26.07,131328.00
279044,13.02,34.50,4104.00
279076,-7.14,26.00,131328.00
279107,13.06,34.58,4104.00
279138,-6.87,26.01,131328.00
279169,13.20,34.62,4104.00
279200,-7.19,26.11,131328.00
279231,13.14,34.52,4104.00
279263,-6.96,26.11,131328.00
279294,13.19,34.58,4104.00
279325,-7.01,26.00,131328.00
279356,13.30,34.40,4104.00
279387,-6.97,26.03,131328.00
279419,13.27,34.51,4104.00
279450,-6.92,26.06,131328.00
279481,13.17,34.62,4104.00
279512,-6.76,26.19,131328.00
279543,13.09,34.66,4104.00
279575,-7.07,26.00,131328.00
279606,13.22,34.62,4104.00
279637,-7.24,25.98,131328.00
279668,13.15,34.52,4104.00
279699,-7.18,25.75,131328.00
279730,13.30,34.22,4104.00
279762,-7.14,25.80,131328.00
279793,13.26,34.25,4104.00
279824,-7.07,25.82,131328.00
279855,13.24,34.26,4104.00
279886,-7.18,25.79,131328.00
279918,13.22,34.32,4104.00
279949,-7.05,25.74,131328.00
279980,13.28,34.24,4104.00
280011,-6.78,25.64,131328.00
280042,13.18,34.12,4104.00
280074,-7.12,25.59,131328.00
280105,13.09,34.17,4104.00
280136,-6.92,25.86,131328.00
280167,13.06,34.43,4104.00
280198,-7.08,25.68,131328.00
280230,13.22,34.19,4104.00
280261,-7.14,25.67,131328.00
280292,13.04,34.40,4104.00
280323,-7.10,25.43,131328.00
280354,12.91,34.29,4104.00
280385,-7.14,25.44,131328.00
280417,13.27,34.50,4104.00
280448,-6.99,25.77,131328.00
280479,13.00,34.56,4104.00
280510,-7.12,25.55,131328.00
280541,13.14,34.33,4104.00
280573,-7.26,25.53,131328.00
280604,13.10,34.40,4104.00
280635,-7.13,25.43,131328.00
280666,13.16,34.30,4104.00
280697,-6.88,25.51,131328.00
280729,12.94,34.42,4104.00
280760,-6.98,25.46,131328.00
280791,13.06,34.20,4104.00
280822,-7.10,25.56,131328.00
280853,12.96,34.44,4104.00
280884,-6.87,25.48,131328.00
280916,13.01,34.36,4104.00
280947,-7.15,25.48,131328.00
280978,12.89,34.34,4104.00
281009,-7.09,25.33,131328.00
281040,12.95,34.51,4104.00
281072,-7.02,25.29,131328.00
281103,13.01,34.47,4104.00
281134,-7.20,25.41,131328.00
281165,13.00,34.46,4104.00
281196,-7.18,25.27,131328.00
281228,13.05,34.27,4104.00
281259,-7.03,25.34,131328.00
281290,12.97,34.56,4104.00
281321,-6.92,25.53,131328.00
281352,13.06,34.70,4104.00
281384,-6.94,25.37,131328.00
281415,12.96,34.49,4104.00
281446,-7.00,25.52,131328.00
281477,12.98,34.52,4104.00
281508,-7.06,25.32,131328.00
281539,13.12,34.61,4104.00
281571,-7.00,25.29,131328.00
281602,12.90,34.36,4104.00
281633,-7.14,25.33,131328.00
281664,13.12,34.30,4104.00
281695,-7.09,25.12,131328.00
281727,13.03,34.48,4104.00
281758,-6.85,25.37,131328.00
281789,12.97,34.12,4104.00
281820,-6.87,25.27,131328.00
281851,12.87,34.15,4104.00
281883,-6.98,25.49,131328.00
281914,13.09,34.07,4104.00
281945,-7.07,25.51,131328.00
281976,12.90,34.29,4104.00
282007,-6.89,25.43,131328.00
282038,12.89,34.39,4104.00
282070,-6.94,25.29,131328.00
282101,13.15,34.39,4104.00
282132,-7.04,25.46,131328.00
282163,13.10,34.13,4104.00
282194,-7.12,25.32,131328.00
282226,12.98,34.35,4104.00
282257,-6.88,25.48,131328.00
282288,12.85,34.25,4104.00
282319,-7.16,25.32,131328.00
282350,13.07,34.17,4104.00
282382,-7.05,25.58,131328.00
282413,13.14,34.20,4104.00
282444,-7.21,25.52,131328.00
282475,13.16,34.08,4104.00
282506,-6.87,25.62,131328.00
282538,13.13,34.46,4104.00
282569,-6.93,25.61,131328.00
282600,13.05,34.19,4104.00
282631,-7.12,25.68,131328.00
282662,13.10,34.28,4104.00
282693,-7.23,25.47,131328.00
282725,13.14,34.13,4104.00
282756,-6.99,25.66,131328.00
282787,13.14,34.01,4104.00
282818,-6.87,25.55,131328.00
282849,12.91,34.21,4104.00
282881,-7.28,25.56,131328.00
282912,13.00,34.14,4104.00
282943,-6.91,25.62,131328.00
282974,13.04,34.36,4104.00
283005,-7.17,25.41,131328.00
283037,13.21,34.01,4104.00
283068,-6.95,25.74,131328.00
283099,13.02,34.41,4104.00
283130,-7.17,25.59,131328.00
283161,12.94,34.30,4104.00
283192,-7.12,25.47,131328.00
283224,13.12,34.41,4104.00
283255,-7.04,25.48,131328.00
283286,13.12,33.91,4104.00
283317,-6.91,25.61,131328.00
283348,13.16,34.43,4104.00
283380,-6.82,25.51,131328.00
283411,13.14,34.16,4104.00
283442,-7.09,25.38,131328.00
283473,12.98,34.42,4104.00
283504,-7.12,25.64,131328.00
283536,13.06,34.35,4104.00
283567,-7.10,25.82,131328.00
283598,13.14,34.10,4104.00
283629,-6.87,26.15,131328.00
283660,13.08,34.50,4104.00
283692,-6.92,26.17,131328.00
283723,13.26,34.46,4104.00
283754,-7.12,26.35,131328.00
283785,13.23,34.58,4104.00
283816,-7.14,26.74,131328.00
283847,13.45,34.56,4104.00
283879,-6.93,26.86,131328.00
283910,13.32,34.63,4104.00
283941,-7.18,27.03,131328.00
283972,13.51,34.60,4104.00
284003,-7.14,27.10,131328.00
284035,13.51,34.70,4104.00
284066,-6.98,27.30,131328.00
284097,13.64,34.99,4104.00
284128,-7.17,27.27,131328.00
284159,13.54,34.95,4104.00
284191,-7.20,27.23,131328.00
284222,13.62,34.58,4104.00
284253,-7.18,27.06,131328.00
284284,13.45,34.50,4104.00
284315,-7.16,26.82,131328.00
284346,13.47,34.76,4104.00
284378,-7.18,26.86,131328.00
284409,13.36,34.66,4104.00
284440,-7.08,27.13,131328.00
284471,13.66,34.69,4104.00
284502,-7.17,27.02,131328.00
284534,13.46,34.66,4104.00
284565,-7.10,27.13,131328.00
284596,13.56,34.73,4104.00
284627,-6.93,26.98,131328.00
284658,13.29,34.77,4104.00
284690,-7.04,27.13,131328.00
284721,13.41,34.63,4104.00
284752,-7.23,26.87,131328.00
284783,13.41,34.79,4104.00
284814,-7.03,26.84,131328.00
284846,13.48,34.53,4104.00
284877,-7.04,26.91,131328.00
284908,13.51,34.43,4104.00
284939,-7.36,26.70,131328.00
284970,13.31,34.50,4104.00
285001,-7.13,26.58,131328.00
285033,13.49,34.79,4104.00
285064,-7.17,26.58,131328.00
285095,13.33,34.55,4104.00
285126,-7.05,26.65,131328.00
285157,13.32,34.68,4104.00
285189,-7.15,26.70,131328.00
285220,13.34,34.70,4104.00
285251,-6.88,26.84,131328.00
285282,13.49,34.54,4104.00
285313,-6.85,26.64,131328.00
285345,13.43,34.83,4104.00
285376,-7.14,26.57,131328.00
285407,13.39,34.43,4104.00
285438,-7.03,26.56,131328.00
285469,13.40,34.30,4104.00
285500,-7.09,26.51,131328.00
285532,13.39,34.44,4104.00
285563,-6.99,26.81,131328.00
285594,13.38,34.62,4104.00
285625,-7.04,26.60,131328.00
285656,13.43,34.44,4104.00
285688,-6.84,26.94,131328.00
285719,13.31,34.70,4104.00
285750,-7.00,26.78,131328.00
285781,13.39,34.67,4104.00
285812,-7.01,26.81,131328.00
285844,13.50,34.49,4104.00
285875,-7.11,26.77,131328.00
285906,13.44,34.55,4104.00
285937,-7.17,26.68,131328.00
285968,13.32,34.66,4104.00
286000,-6.95,26.67,131328.00
286031,13.30,34.58,4104.00
286062,-7.02,26.64,131328.00
286093,13.37,34.37,4104.00
286124,-7.15,26.37,131328.00
286155,13.18,34.57,4104.00
286187,-7.28,26.44,131328.00
286218,13.39,34.71,4104.00
286249,-7.20,26.33,131328.00
286280,13.28,34.62,4104.00
286311,-7.01,26.33,131328.00
286343,13.10,34.58,4104.00
286374,-7.00,26.18,131328.00
286405,13.18,34.44,4104.00
286436,-7.08,26.03,131328.00
286467,13.34,34.25,4104.00
286499,-7.01,26.13,131328.00
286530,13.22,34.66,4104.00
286561,-7.13,26.11,131328.00
286592,13.20,34.42,4104.00
286623,-7.05,26.13,131328.00
286654,13.24,34.48,4104.00
286686,-7.20,26.19,131328.00
286717,13.26,34.29,4104.00
286748,-6.90,26.08,131328.00
286779,13.25,34.20,4104.00
286810,-7.16,25.95,131328.00
286842,13.28,34.54,4104.00
286873,-7.08,25.85,131328.00
286904,13.16,34.58,4104.00
286935,-7.08,26.01,131328.00
286966,13.16,34.30,4104.00
286998,-7.28,25.88,131328.00
287029,13.22,34.13,4104.00
287060,-7.26,26.02,131328.00
287091,13.17,34.60,4104.00
287122,-7.09,25.93,131328.00
287153,13.00,34.44,4104.00
287185,-7.29,25.85,131328.00
287216,13.17,34.58,4104.00
287247,-6.90,25.76,131328.00
287278,13.16,34.15,4104.00
287309,-7.08,25.60,131328.00
287341,13.20,34.19,4104.00
287372,-7.10,25.70,131328.00
287403,13.04,34.19,4104.00
287434,-7.05,25.58,131328.00
287465,13.18,34.25,4104.00
287497,-7.00,25.64,131328.00
287528,12.94,34.35,4104.00
287559,-6.93,25.80,131328.00
287590,12.92,34.29,4104.00
287621,-7.01,25.42,131328.00
287653,13.03,34.45,4104.00
287684,-7.11,25.49,131328.00
287715,12.91,34.25,4104.00
287746,-7.08,25.35,131328.00
287777,12.87,34.32,4104.00
287808,-7.14,25.36,131328.00
287840,13.03,34.26,4104.00
287871,-7.03,25.35,131328.00
287902,12.92,34.36,4104.00
287933,-7.12,25.38,131328.00
287964,12.94,34.17,4104.00
287996,-7.20,25.08,131328.00
288027,12.93,34.43,4104.00
288058,-7.21,25.12,131328.00
288089,13.04,34.20,4104.00
288120,-6.98,25.21,131328.00
288152,13.08,34.15,4104.00
288183,-6.91,25.52,131328.00
288214,12.96,34.18,4104.00
288245,-7.03,25.35,131328.00
288276,13.12,34.00,4104.00
288307,-7.31,25.57,131328.00
288339,13.08,34.36,4104.00
288370,-6.98,25.55,131328.00
288401,13.29,34.17,4104.00
288432,-7.09,25.71,131328.00
288463,13.04,34.34,4104.00
288495,-7.12,25.74,131328.00
288526,13.29,34.23,4104.00
288557,-7.06,26.21,131328.00
288588,13.39,34.23,4104.00
288619,-7.00,26.30,131328.00
288651,13.41,34.60,4104.00
288682,-7.14,26.43,131328.00
288713,13.46,34.42,4104.00
288744,-7.05,26.86,131328.00
288775,13.50,34.78,4104.00
288807,-7.24,27.00,131328.00
288838,13.41,34.66,4104.00
288869,-7.32,27.21,131328.00
288900,13.49,34.99,4104.00
288931,-7.23,27.62,131328.00
288962,13.75,34.82,4104.00
288994,-7.12,28.06,131328.00
289025,13.76,34.89,4104.00
289056,-6.89,28.03,131328.00
289087,13.86,35.01,4104.00
289118,-7.06,28.50,131328.00
289150,14.00,35.09,4104.00
289181,-7.08,28.82,131328.00
289212,14.03,35.58,4104.00
289243,-6.85,29.26,131328.00
289274,13.96,35.56,4104.00
289306,-6.81,29.42,131328.00
289337,14.14,35.66,4104.00
289368,-7.08,29.56,131328.00
289399,14.19,35.87,4104.00
289430,-7.17,29.91,131328.00
289461,14.42,35.79,4104.00
289493,-7.12,30.13,131328.00
289524,14.42,36.12,4104.00
289555,-7.12,30.01,131328.00
289586,14.47,35.77,4104.00
289617,-7.05,30.00,131328.00
289649,14.32,36.09,4104.00
289680,-7.18,29.93,131328.00
289711,14.26,35.79,4104.00
289742,-7.10,29.65,131328.00
289773,14.24,35.64,4104.00
289805,-7.16,29.54,131328.00
289836,14.18,35.37,4104.00
289867,-7.17,29.37,131328.00
289898,14.31,35.23,4104.00
289929,-7.18,29.03,131328.00
289961,14.14,35.25,4104.00
289992,-6.85,28.97,131328.00
290023,13.92,35.25,4104.00
290054,-7.05,28.61,131328.00
290085,13.94,34.95,4104.00
290116,-6.87,28.55,131328.00
290148,13.76,35.01,4104.00
290179,-7.08,28.36,131328.00
290210,13.65,34.82,4104.00
290241,-7.18,28.00,131328.00
290272,13.65,34.72,4104.00
290304,-7.01,27.81,131328.00
290335,13.55,34.62,4104.00
290366,-7.12,27.47,131328.00
290397,13.43,34.56,4104.00
290428,-7.09,27.43,131328.00
290460,13.55,34.29,4104.00
290491,-6.87,27.42,131328.00
290522,13.28,34.33,4104.00
290553,-7.08,26.81,131328.00
290584,13.32,34.36,4104.00
290615,-7.08,26.86,131328.00
290647,13.25,34.25,4104.00
290678,-7.14,26.91,131328.00
290709,13.28,34.30,4104.00
290740,-6.97,26.71,131328.00
290771,13.20,34.26,4104.00
290803,-7.18,26.43,131328.00
290834,13.25,34.18,4104.00
290865,-7.22,26.44,131328.00
290896,13.27,33.94,4104.00
290927,-7.06,26.57,131328.00
290959,13.11,34.14,4104.00
290990,-7.22,26.31,131328.00
291021,13.01,34.05,4104.00
291052,-6.97,26.17,131328.00
291083,13.18,33.82,4104.00
291115,-7.18,26.00,131328.00
291146,13.08,34.05,4104.00
291177,-7.01,25.91,131328.00
291208,13.10,33.70,4104.00
291239,-7.12,25.70,131328.00
291270,13.07,34.07,4104.00
291302,-7.12,25.69,131328.00
291333,13.07,33.59,4104.00
291364,-7.32,25.55,131328.00
291395,13.02,33.60,4104.00
291426,-7.19,25.47,131328.00
291458,12.94,33.59,4104.00
291489,-7.27,25.33,131328.00
291520,12.83,33.62,4104.00
291551,-7.29,25.29,131328.00
291582,12.77,33.66,4104.00
291614,-7.36,25.33,131328.00
291645,13.04,33.40,4104.00
291676,-7.23,25.19,131328.00
291707,13.05,33.51,4104.00
291738,-7.28,25.32,131328.00
291769,13.07,33.58,4104.00
291801,-7.48,25.39,131328.00
291832,12.98,34.11,4104.00
291863,-7.12,25.47,131328.00
291894,12.87,34.07,4104.00
291925,-7.36,25.52,131328.00
291957,13.05,33.94,4104.00
291988,-7.50,25.44,131328.00
292019,12.83,34.19,4104.00
292050,-7.36,25.43,131328.00
292081,12.91,34.21,4104.00
292113,-7.47,25.58,131328.00
292144,13.14,34.34,4104.00
292175,-7.30,25.46,131328.00
292206,13.03,34.07,4104.00
292237,-7.47,25.27,131328.00
292269,13.04,34.13,4104.00
292300,-7.36,25.35,131328.00
292331,13.05,33.99,4104.00
292362,-7.30,25.26,131328.00
292393,12.94,33.95,4104.00
292424,-7.34,25.33,131328.00
292456,12.79,33.76,4104.00
292487,-7.12,25.13,131328.00
292518,13.04,33.56,4104.00
292549,-7.22,25.19,131328.00
292580,13.09,33.52,4104.00
292612,-7.20,25.19,131328.00
292643,13.06,33.57,4104.00
292674,-7.34,25.11,131328.00
292705,13.04,33.48,4104.00
292736,-7.14,24.95,131328.00
292768,12.77,33.66,4104.00
292799,-7.20,25.09,131328.00
292830,12.94,33.75,4104.00
292861,-7.36,24.82,131328.00
292892,12.97,33.40,4104.00
292923,-7.42,24.95,131328.00
292955,12.79,33.60,4104.00
292986,-7.17,24.78,131328.00
293017,12.94,33.26,4104.00
293048,-7.34,24.70,131328.00
293079,12.79,33.51,4104.00
293111,-7.33,24.58,131328.00
293142,12.85,33.39,4104.00
293173,-7.21,24.47,131328.00
293204,12.74,33.40,4104.00
293235,-7.37,24.53,131328.00
293267,12.76,33.54,4104.00
293298,-7.31,24.60,131328.00
293329,12.81,33.31,4104.00
293360,-7.28,24.49,131328.00
293391,12.83,33.04,4104.00
293423,-7.22,24.59,131328.00
293454,12.65,33.21,4104.00
293485,-7.20,24.62,131328.00
293516,12.60,33.17,4104.00
293547,-7.33,24.55,131328.00
293578,12.63,33.31,4104.00
293610,-7.34,24.53,131328.00
293641,12.79,33.23,4104.00
293672,-7.32,24.35,131328.00
293703,12.61,33.22,4104.00
293734,-7.09,24.55,131328.00
293766,12.83,33.05,4104.00
293797,-7.32,24.56,131328.00
293828,12.86,33.07,4104.00
293859,-7.24,24.46,131328.00
293890,12.86,32.99,4104.00
293922,-7.14,24.47,131328.00
293953,12.84,33.21,4104.00
293984,-7.22,24.69,131328.00
294015,12.81,33.37,4104.00
294046,-7.20,24.48,131328.00
294077,12.72,33.36,4104.00
294109,-7.05,24.53,131328.00
294140,12.90,33.27,4104.00
294171,-7.00,24.55,131328.00
294202,12.65,33.19,4104.00
294233,-7.41,24.58,131328.00
294265,12.90,32.99,4104.00
294296,-7.32,24.59,131328.00
294327,12.91,32.87,4104.00
294358,-7.10,24.74,131328.00
294389,12.95,32.89,4104.00
294421,-7.27,24.77,131328.00
294452,12.77,33.15,4104.00
294483,-7.28,24.97,131328.00
294514,12.86,33.23,4104.00
294545,-7.08,24.96,131328.00
294576,12.71,33.08,4104.00
294608,-7.04,25.13,131328.00
294639,12.87,33.25,4104.00
294670,-7.30,25.35,131328.00
294701,12.85,33.35,4104.00
294732,-7.05,25.58,131328.00
294764,12.91,33.25,4104.00
294795,-7.24,25.69,131328.00
294826,13.00,33.41,4104.00
294857,-7.16,26.05,131328.00
294888,13.06,33.34,4104.00
294920,-7.31,26.12,131328.00
294951,13.28,33.40,4104.00
294982,-7.06,26.27,131328.00
295013,13.14,33.62,4104.00
295044,-7.14,26.29,131328.00
295076,13.26,33.54,4104.00
295107,-7.00,26.58,131328.00
295138,13.31,33.93,4104.00
295169,-7.16,26.60,131328.00
295200,13.31,33.64,4104.00
295231,-7.09,26.76,131328.00
295263,13.13,33.90,4104.00
295294,-7.06,26.82,131328.00
295325,13.27,33.89,4104.00
295356,-7.26,26.81,131328.00
295387,13.42,34.09,4104.00
295419,-7.46,26.80,131328.00
295450,13.31,33.93,4104.00
295481,-7.14,26.78,131328.00
295512,13.14,33.93,4104.00
295543,-7.28,26.84,131328.00
295575,13.29,33.95,4104.00
295606,-6.97,26.79,131328.00
295637,13.28,33.71,4104.00
295668,-7.16,26.70,131328.00
295699,13.43,33.62,4104.00
295730,-7.20,26.63,131328.00
295762,13.31,33.70,4104.00
295793,-7.10,26.66,131328.00
295824,13.13,33.74,4104.00
295855,-7.20,26.52,131328.00
295886,13.12,33.67,4104.00
295918,-7.17,26.60,131328.00
295949,13.20,33.51,4104.00
295980,-7.20,26.26,131328.00
296011,13.01,33.57,4104.00
296042,-7.09,26.16,131328.00
296074,13.18,33.41,4104.00
296105,-7.24,26.00,131328.00
296136,13.02,33.67,4104.00
296167,-7.08,25.94,131328.00
296198,13.02,33.64,4104.00
296230,-7.24,25.79,131328.00
296261,13.18,33.29,4104.00
296292,-7.15,25.82,131328.00
296323,12.84,33.37,4104.00
296354,-7.33,25.63,131328.00
296385,12.99,33.59,4104.00
296417,-7.25,25.64,131328.00
296448,12.82,33.37,4104.00
296479,-7.21,25.65,131328.00
296510,12.96,33.37,4104.00
296541,-7.26,25.68,131328.00
296573,12.99,33.32,4104.00
296604,-7.19,25.54,131328.00
296635,13.10,33.29,4104.00
296666,-7.19,25.60,131328.00
296697,12.87,33.36,4104.00
296729,-7.30,25.54,131328.00
296760,13.07,33.30,4104.00
296791,-7.31,25.47,131328.00
296822,12.85,33.29,4104.00
296853,-7.10,25.49,131328.00
296884,12.73,33.39,4104.00
296916,-7.16,25.42,131328.00
296947,12.85,33.30,4104.00
296978,-7.47,25.47,131328.00
297009,12.99,33.17,4104.00
297040,-7.28,25.29,131328.00
297072,13.08,33.03,4104.00
297103,-7.26,25.26,131328.00
297134,12.81,33.42,4104.00
297165,-7.32,25.34,131328.00
297196,12.95,33.17,4104.00
297228,-7.36,25.31,131328.00
297259,12.84,33.19,4104.00
297290,-7.15,25.35,131328.00
297321,13.03,33.20,4104.00
297352,-7.21,25.39,131328.00
