ax,ay,az
0,0.05,0.65,0.75
9,0.05,0.65,0.75
19,0.04,0.66,0.75
28,0.05,0.66,0.75
38,0.05,0.65,0.75
48,0.05,0.65,0.75
57,0.05,0.65,0.76
67,0.04,0.64,0.77
76,0.04,0.64,0.77
86,0.04,0.64,0.77
96,0.04,0.64,0.77
105,0.04,0.64,0.77
115,0.04,0.64,0.76
125,0.05,0.64,0.75
134,0.05,0.65,0.75
144,0.05,0.66,0.75
153,0.05,0.66,0.74
163,0.05,0.66,0.75
173,0.05,0.65,0.75
182,0.05,0.65,0.75
192,0.04,0.64,0.76
201,0.04,0.64,0.76
211,0.04,0.65,0.76
221,0.04,0.65,0.75
230,0.05,0.65,0.75
240,0.04,0.64,0.76
250,0.04,0.64,0.75
259,0.04,0.65,0.75
269,0.04,0.65,0.75
278,0.04,0.65,0.75
288,0.04,0.65,0.75
298,0.04,0.65,0.75
307,0.04,0.65,0.76
317,0.04,0.65,0.76
326,0.04,0.65,0.76
336,0.04,0.64,0.76
346,0.04,0.64,0.76
355,0.04,0.64,0.76
365,0.04,0.64,0.76
375,0.04,0.64,0.76
384,0.04,0.64,0.76
394,0.04,0.65,0.75
403,0.04,0.65,0.75
413,0.04,0.65,0.75
423,0.04,0.64,0.75
432,0.04,0.65,0.75
442,0.04,0.65,0.75
451,0.04,0.65,0.75
461,0.04,0.65,0.75
471,0.04,0.64,0.76
480,0.04,0.64,0.76
490,0.04,0.64,0.76
500,0.04,0.65,0.76
509,0.04,0.65,0.76
519,0.04,0.65,0.76
528,0.04,0.64,0.76
538,0.04,0.64,0.75
548,0.04,0.65,0.75
557,0.04,0.65,0.75
567,0.04,0.65,0.75
576,0.04,0.65,0.75
586,0.04,0.65,0.75
596,0.04,0.65,0.75
605,0.04,0.64,0.75
615,0.05,0.64,0.75
625,0.04,0.64,0.75
634,0.04,0.65,0.75
644,0.04,0.65,0.75
653,0.04,0.65,0.75
663,0.04,0.65,0.75
673,0.04,0.65,0.76
682,0.04,0.64,0.77
692,0.04,0.64,0.77
701,0.04,0.64,0.77
711,0.04,0.64,0.77
721,0.04,0.64,0.76
730,0.04,0.64,0.76
740,0.04,0.64,0.76
750,0.04,0.64,0.76
759,0.04,0.64,0.75
769,0.04,0.65,0.75
778,0.04,0.65,0.75
788,0.04,0.65,0.75
798,0.04,0.65,0.75
807,0.04,0.65,0.75
817,0.04,0.65,0.75
826,0.04,0.64,0.75
836,0.04,0.65,0.76
846,0.04,0.65,0.76
855,0.04,0.64,0.76
865,0.04,0.64,0.76
875,0.04,0.64,0.76
884,0.04,0.64,0.76
894,0.04,0.64,0.76
903,0.04,0.65,0.76
913,0.04,0.64,0.75
923,0.04,0.64,0.76
932,0.04,0.64,0.76
942,0.04,0.64,0.76
951,0.04,0.65,0.76
961,0.04,0.64,0.76
971,0.04,0.65,0.76
980,0.04,0.65,0.76
990,0.04,0.64,0.76
1000,0.04,0.64,0.77
1009,0.03,0.64,0.77
1019,0.03,0.64,0.77
1028,0.03,0.64,0.76
1038,0.03,0.64,0.76
1048,0.05,0.63,0.76
1057,0.05,0.63,0.76
1067,0.05,0.63,0.75
1076,0.04,0.65,0.75
1086,0.04,0.66,0.75
1096,0.04,0.66,0.75
1105,0.05,0.65,0.75
1115,0.04,0.66,0.75
1125,0.04,0.66,0.75
1134,0.04,0.65,0.75
1144,0.05,0.66,0.75
1153,0.05,0.66,0.75
1163,0.05,0.66,0.75
1173,0.04,0.65,0.75
1182,0.04,0.65,0.75
1192,0.05,0.64,0.76
1201,0.05,0.64,0.76
1211,0.04,0.63,0.76
1221,0.04,0.64,0.76
1230,0.04,0.64,0.75
1240,0.05,0.65,0.75
1250,0.04,0.65,0.75
1259,0.04,0.65,0.75
1269,0.04,0.65,0.76
1278,0.03,0.65,0.76
1288,0.03,0.64,0.76
1298,0.03,0.65,0.76
1307,0.03,0.65,0.76
1317,0.04,0.65,0.76
1326,0.04,0.64,0.76
1336,0.04,0.64,0.76
1346,0.04,0.64,0.76
1355,0.04,0.64,0.76
1365,0.04,0.64,0.76
1375,0.03,0.64,0.76
1384,0.05,0.65,0.76
1394,0.06,0.65,0.77
1403,0.05,0.64,0.77
1413,0.05,0.64,0.76
1423,0.05,0.64,0.76
1432,0.05,0.64,0.76
1442,0.05,0.65,0.75
1451,0.05,0.65,0.75
1461,0.05,0.66,0.75
1471,0.05,0.66,0.75
1480,0.05,0.66,0.75
1490,0.04,0.65,0.75
1500,0.04,0.64,0.75
1509,0.04,0.65,0.75
1519,0.04,0.65,0.76
1528,0.05,0.65,0.75
1538,0.05,0.65,0.75
1548,0.04,0.65,0.75
1557,0.05,0.66,0.75
1567,0.05,0.66,0.75
1576,0.05,0.66,0.74
1586,0.04,0.65,0.75
1596,0.04,0.65,0.75
1605,0.03,0.65,0.75
1615,0.04,0.64,0.76
1625,0.04,0.64,0.76
1634,0.04,0.65,0.75
1644,0.04,0.66,0.75
1653,0.04,0.66,0.75
1663,0.03,0.66,0.75
1673,0.03,0.65,0.76
1682,0.04,0.65,0.76
1692,0.04,0.64,0.75
1701,0.05,0.64,0.75
1711,0.05,0.64,0.75
1721,0.04,0.64,0.75
1730,0.03,0.64,0.76
1740,0.03,0.65,0.76
1750,0.04,0.65,0.76
1759,0.04,0.65,0.75
1769,0.04,0.65,0.75
1778,0.05,0.65,0.75
1788,0.05,0.65,0.75
1798,0.05,0.65,0.76
1807,0.04,0.64,0.76
1817,0.04,0.65,0.76
1826,0.05,0.65,0.76
1836,0.05,0.66,0.76
1846,0.05,0.65,0.77
1855,0.05,0.65,0.77
1865,0.05,0.64,0.78
1875,0.06,0.63,0.77
1884,0.06,0.63,0.77
1894,0.06,0.64,0.76
1903,0.06,0.64,0.76
1913,0.06,0.64,0.75
1923,0.05,0.65,0.75
1932,0.04,0.65,0.76
1942,0.04,0.65,0.76
1951,0.04,0.65,0.75
1961,0.05,0.65,0.75
1971,0.05,0.65,0.74
1980,0.05,0.66,0.73
1990,0.04,0.66,0.74
2000,0.03,0.66,0.75
2009,0.02,0.65,0.77
2019,0.02,0.65,0.78
2028,0.02,0.64,0.77
2038,0.02,0.64,0.77
2048,0.02,0.64,0.77
2057,0.02,0.64,0.77
2067,0.01,0.65,0.77
2076,0.01,0.65,0.78
2086,0.01,0.64,0.77
2096,0.01,0.64,0.77
2105,0.01,0.63,0.77
2115,0.01,0.63,0.78
2125,0.01,0.64,0.77
2134,0.02,0.64,0.76
2144,0.02,0.64,0.75
2153,0.02,0.65,0.74
2163,0.03,0.65,0.73
2173,0.03,0.65,0.74
2182,0.02,0.65,0.75
2192,0.02,0.65,0.76
2201,0.01,0.64,0.77
2211,0.01,0.63,0.76
2221,0.01,0.63,0.76
2230,0.02,0.64,0.76
2240,0.02,0.64,0.76
2250,0.02,0.65,0.77
2259,0.02,0.64,0.77
2269,0.02,0.63,0.77
2278,0.02,0.63,0.77
2288,0.02,0.63,0.78
2298,0.02,0.62,0.78
2307,0.01,0.63,0.78
2317,0.01,0.63,0.78
2326,0.02,0.63,0.78
2336,0.02,0.63,0.77
2346,0.02,0.64,0.77
2355,0.02,0.64,0.76
2365,0.01,0.64,0.77
2375,0.01,0.63,0.77
2384,0.01,0.63,0.77
2394,0.01,0.63,0.77
2403,0.01,0.63,0.77
2413,0.02,0.63,0.76
2423,0.01,0.63,0.77
2432,0.01,0.64,0.77
2442,0.01,0.63,0.77
2451,0.01,0.63,0.77
2461,0.01,0.63,0.77
2471,0.00,0.63,0.77
2480,0.01,0.64,0.77
2490,0.02,0.64,0.77
2500,0.01,0.64,0.77
2509,0.01,0.64,0.77
2519,0.00,0.64,0.78
2528,0.01,0.63,0.77
2538,-0.00,0.63,0.77
2548,-0.01,0.64,0.77
2557,-0.00,0.65,0.76
2567,-0.00,0.64,0.74
2576,-0.01,0.65,0.75
2586,-0.01,0.64,0.75
2596,-0.01,0.64,0.75
2605,-0.01,0.64,0.75
2615,0.00,0.64,0.75
2625,0.01,0.64,0.74
2634,0.01,0.64,0.74
2644,0.01,0.66,0.74
2653,0.01,0.66,0.75
2663,0.01,0.66,0.76
2673,0.00,0.65,0.76
2682,0.00,0.63,0.77
2692,-0.00,0.62,0.78
2701,0.00,0.63,0.78
2711,0.01,0.63,0.78
2721,0.01,0.63,0.77
2730,0.01,0.63,0.77
2740,0.01,0.64,0.76
2750,0.01,0.64,0.76
2759,0.00,0.64,0.76
2769,0.00,0.64,0.75
2778,0.01,0.64,0.75
2788,0.01,0.65,0.76
2798,0.01,0.65,0.75
2807,0.01,0.65,0.75
2817,0.01,0.64,0.75
2826,0.01,0.63,0.75
2836,0.01,0.62,0.75
2846,0.01,0.63,0.76
2855,0.00,0.63,0.76
2865,0.00,0.63,0.75
2875,0.00,0.65,0.76
2884,0.01,0.66,0.78
2894,-0.01,0.66,0.76
2903,-0.01,0.65,0.75
2913,-0.01,0.65,0.76
2923,-0.01,0.64,0.76
2932,-0.00,0.64,0.76
2942,-0.00,0.64,0.76
2951,-0.00,0.63,0.74
2961,0.00,0.63,0.73
2971,0.01,0.63,0.74
2980,0.01,0.64,0.74
2990,-0.00,0.64,0.75
3000,-0.00,0.64,0.76
3009,-0.00,0.65,0.76
3019,-0.01,0.65,0.77
3028,-0.00,0.64,0.77
3038,-0.00,0.64,0.77
3048,-0.00,0.64,0.77
3057,0.00,0.64,0.76
3067,0.01,0.64,0.76
3076,0.01,0.64,0.76
3086,0.00,0.64,0.76
3096,0.00,0.64,0.75
3105,0.01,0.64,0.74
3115,0.00,0.64,0.74
3125,0.00,0.64,0.74
3134,0.00,0.64,0.74
3144,0.01,0.64,0.75
3153,0.00,0.65,0.75
3163,0.00,0.65,0.76
3173,0.01,0.64,0.76
3182,0.01,0.63,0.76
3192,-0.00,0.64,0.77
3201,-0.01,0.63,0.78
3211,-0.01,0.62,0.77
3221,-0.01,0.63,0.77
3230,-0.01,0.63,0.77
3240,-0.00,0.64,0.77
3250,0.01,0.64,0.76
3259,0.01,0.64,0.76
3269,0.01,0.64,0.76
3278,-0.00,0.64,0.77
3288,-0.00,0.64,0.77
3298,-0.00,0.65,0.77
3307,-0.00,0.65,0.77
3317,0.00,0.64,0.77
3326,0.00,0.63,0.76
3336,0.01,0.63,0.76
3346,0.02,0.63,0.77
3355,0.02,0.63,0.77
3365,0.02,0.63,0.78
3375,0.02,0.63,0.78
3384,0.02,0.63,0.78
3394,0.02,0.63,0.77
3403,0.03,0.63,0.76
3413,0.03,0.63,0.76
3423,0.03,0.64,0.76
3432,0.03,0.64,0.76
3442,0.03,0.63,0.76
3451,0.03,0.63,0.76
3461,0.03,0.64,0.76
3471,0.02,0.63,0.77
3480,0.02,0.63,0.77
3490,0.01,0.63,0.77
3500,0.02,0.63,0.78
3509,0.02,0.63,0.77
3519,0.02,0.63,0.77
3528,0.02,0.63,0.77
3538,0.03,0.63,0.77
3548,0.03,0.63,0.77
3557,0.02,0.63,0.77
3567,0.02,0.62,0.78
3576,0.02,0.61,0.78
3586,0.02,0.62,0.78
3596,0.02,0.62,0.78
3605,0.02,0.62,0.77
3615,0.02,0.63,0.77
3625,0.02,0.63,0.77
3634,0.02,0.63,0.77
3644,0.02,0.63,0.78
3653,0.02,0.62,0.78
3663,0.03,0.62,0.77
3673,0.03,0.62,0.78
3682,0.03,0.62,0.78
3692,0.02,0.63,0.78
3701,0.02,0.63,0.78
3711,0.03,0.63,0.78
3721,0.03,0.63,0.77
3730,0.04,0.63,0.77
3740,0.04,0.63,0.77
3750,0.04,0.62,0.77
3759,0.04,0.62,0.78
3769,0.04,0.62,0.78
3778,0.04,0.62,0.78
3788,0.04,0.62,0.78
3798,0.05,0.62,0.78
3807,0.04,0.63,0.78
3817,0.04,0.63,0.79
3826,0.04,0.63,0.78
3836,0.05,0.63,0.78
3846,0.05,0.62,0.78
3855,0.04,0.61,0.78
3865,0.04,0.61,0.77
3875,0.04,0.61,0.77
3884,0.05,0.62,0.77
3894,0.04,0.62,0.78
3903,0.04,0.63,0.78
3913,0.03,0.63,0.78
3923,0.03,0.63,0.78
3932,0.03,0.63,0.78
3942,0.04,0.62,0.77
3951,0.04,0.62,0.77
3961,0.06,0.62,0.76
3971,0.06,0.62,0.77
3980,0.06,0.61,0.78
3990,0.05,0.61,0.78
4000,0.04,0.62,0.79
4009,0.04,0.62,0.80
4019,0.04,0.62,0.80
4028,0.05,0.62,0.80
4038,0.06,0.62,0.80
4048,0.07,0.61,0.79
4057,0.07,0.60,0.79
4067,0.08,0.59,0.79
4076,0.08,0.59,0.80
4086,0.09,0.59,0.81
4096,0.11,0.60,0.81
4105,0.15,0.60,0.82
4115,0.17,0.59,0.81
4125,0.15,0.59,0.80
4134,0.11,0.58,0.80
4144,0.07,0.59,0.80
4153,0.05,0.60,0.80
4163,0.04,0.61,0.79
4173,0.04,0.61,0.78
4182,0.05,0.62,0.78
4192,0.07,0.62,0.77
4201,0.08,0.62,0.77
4211,0.09,0.62,0.78
4221,0.11,0.61,0.77
4230,0.11,0.61,0.77
4240,0.08,0.62,0.79
4250,0.08,0.61,0.80
4259,0.07,0.60,0.80
4269,0.06,0.59,0.81
4278,0.06,0.59,0.81
4288,0.07,0.58,0.82
4298,0.08,0.59,0.81
4307,0.09,0.59,0.80
4317,0.09,0.60,0.80
4326,0.10,0.60,0.79
4336,0.10,0.60,0.79
4346,0.09,0.60,0.79
4355,0.09,0.60,0.80
4365,0.09,0.59,0.80
4375,0.08,0.59,0.80
4384,0.08,0.58,0.81
4394,0.07,0.58,0.82
4403,0.06,0.58,0.82
4413,0.06,0.58,0.83
4423,0.06,0.59,0.82
4432,0.06,0.59,0.81
4442,0.06,0.60,0.81
4451,0.06,0.60,0.80
4461,0.06,0.59,0.80
4471,0.06,0.59,0.80
4480,0.07,0.59,0.79
4490,0.06,0.58,0.78
4500,0.07,0.59,0.78
4509,0.07,0.60,0.77
4519,0.07,0.60,0.77
4528,0.07,0.61,0.78
4538,0.07,0.61,0.78
4548,0.08,0.60,0.79
4557,0.08,0.59,0.80
4567,0.07,0.58,0.81
4576,0.07,0.57,0.81
4586,0.07,0.56,0.82
4596,0.06,0.57,0.83
4605,0.07,0.57,0.83
4615,0.07,0.58,0.85
4625,0.06,0.59,0.85
4634,0.07,0.58,0.83
4644,0.07,0.58,0.82
4653,0.08,0.58,0.82
4663,0.07,0.58,0.81
4673,0.07,0.58,0.80
4682,0.06,0.59,0.79
4692,0.06,0.61,0.79
4701,0.06,0.62,0.78
4711,0.06,0.62,0.78
4721,0.05,0.62,0.78
4730,0.05,0.61,0.78
4740,0.05,0.61,0.78
4750,0.06,0.59,0.79
4759,0.05,0.58,0.80
4769,0.05,0.57,0.80
4778,0.05,0.57,0.81
4788,0.05,0.57,0.81
4798,0.05,0.58,0.82
4807,0.06,0.59,0.81
4817,0.06,0.60,0.81
4826,0.06,0.60,0.80
4836,0.06,0.60,0.79
4846,0.06,0.60,0.79
4855,0.06,0.61,0.80
4865,0.06,0.61,0.80
4875,0.06,0.60,0.80
4884,0.06,0.60,0.80
4894,0.07,0.60,0.80
4903,0.06,0.60,0.79
4913,0.06,0.61,0.79
4923,0.06,0.61,0.79
4932,0.06,0.61,0.79
4942,0.06,0.62,0.79
4951,0.06,0.62,0.79
4961,0.06,0.62,0.79
4971,0.07,0.62,0.78
4980,0.07,0.61,0.78
4990,0.07,0.61,0.78
5000,0.06,0.62,0.78
5009,0.06,0.62,0.78
5019,0.06,0.62,0.78
5028,0.06,0.61,0.78
5038,0.06,0.61,0.78
5048,0.06,0.61,0.78
5057,0.06,0.61,0.78
5067,0.05,0.61,0.79
5076,0.05,0.61,0.78
5086,0.09,0.63,0.78
5096,-0.00,0.59,0.80
5105,0.03,0.60,0.80
5115,0.04,0.61,0.80
5125,0.04,0.60,0.81
5134,0.04,0.61,0.80
5144,0.05,0.60,0.80
5153,0.05,0.60,0.80
5163,0.04,0.59,0.80
5173,0.05,0.59,0.80
5182,0.05,0.60,0.80
5192,0.05,0.60,0.80
5201,0.05,0.61,0.79
5211,0.04,0.61,0.79
5221,0.04,0.62,0.79
5230,0.03,0.62,0.79
5240,0.04,0.61,0.79
5250,0.04,0.61,0.79
5259,0.04,0.61,0.79
5269,0.04,0.61,0.79
5278,0.04,0.60,0.80
5288,0.03,0.60,0.80
5298,0.03,0.60,0.81
5307,0.03,0.60,0.81
5317,0.04,0.60,0.80
5326,0.05,0.60,0.79
5336,0.05,0.61,0.78
5346,0.05,0.61,0.78
5355,0.05,0.61,0.78
5365,0.04,0.62,0.78
5375,0.04,0.62,0.79
5384,0.04,0.62,0.79
5394,0.04,0.62,0.79
5403,0.05,0.61,0.79
5413,0.05,0.60,0.79
5423,0.05,0.60,0.80
5432,0.05,0.59,0.80
5442,0.05,0.59,0.79
5451,0.05,0.60,0.78
5461,0.05,0.61,0.78
5471,0.05,0.62,0.79
5480,0.05,0.62,0.78
5490,0.05,0.62,0.78
5500,0.05,0.62,0.78
5509,0.05,0.62,0.78
5519,0.05,0.61,0.78
5528,0.05,0.61,0.78
5538,0.04,0.62,0.78
5548,0.04,0.62,0.79
5557,0.05,0.61,0.79
5567,0.05,0.61,0.78
5576,0.05,0.60,0.78
5586,0.05,0.60,0.78
5596,0.05,0.61,0.79
5605,0.04,0.61,0.79
5615,0.04,0.61,0.79
5625,0.05,0.61,0.79
5634,0.04,0.62,0.79
5644,0.04,0.62,0.79
5653,0.03,0.61,0.80
5663,0.04,0.61,0.79
5673,0.05,0.61,0.79
5682,0.05,0.60,0.79
5692,0.05,0.60,0.79
5701,0.05,0.60,0.79
5711,0.05,0.60,0.80
5721,0.04,0.59,0.80
5730,0.04,0.60,0.80
5740,0.04,0.61,0.80
5750,0.04,0.61,0.79
5759,0.04,0.62,0.79
5769,0.04,0.62,0.78
5778,0.04,0.62,0.78
5788,0.04,0.62,0.78
5798,0.04,0.61,0.78
5807,0.04,0.62,0.79
5817,0.04,0.61,0.79
5826,0.04,0.60,0.79
5836,0.05,0.60,0.79
5846,0.05,0.61,0.78
5855,0.06,0.61,0.78
5865,0.06,0.62,0.78
5875,0.05,0.62,0.78
5884,0.05,0.62,0.78
5894,0.04,0.62,0.79
5903,0.04,0.61,0.79
5913,0.04,0.61,0.79
5923,0.04,0.61,0.78
5932,0.05,0.61,0.78
5942,0.05,0.62,0.79
5951,0.05,0.62,0.79
5961,0.04,0.61,0.79
5971,0.04,0.61,0.79
5980,0.04,0.61,0.79
5990,0.04,0.61,0.79
6000,0.03,0.61,0.79
6009,0.04,0.61,0.79
6019,0.04,0.61,0.79
6028,0.05,0.61,0.79
6038,0.05,0.61,0.78
6048,0.05,0.61,0.78
6057,0.05,0.61,0.78
6067,0.05,0.61,0.79
6076,0.04,0.61,0.79
6086,0.04,0.61,0.79
6096,0.04,0.61,0.79
6105,0.04,0.61,0.79
6115,0.05,0.61,0.79
6125,0.05,0.61,0.79
6134,0.05,0.61,0.78
6144,0.05,0.61,0.78
6153,0.05,0.62,0.78
6163,0.06,0.62,0.77
6173,0.05,0.62,0.77
6182,0.05,0.62,0.78
6192,0.05,0.62,0.78
6201,0.05,0.63,0.78
6211,0.05,0.63,0.78
6221,0.05,0.63,0.78
6230,0.05,0.63,0.79
6240,0.05,0.62,0.79
6250,0.05,0.61,0.79
6259,0.05,0.61,0.79
6269,0.04,0.61,0.79
6278,0.04,0.61,0.79
6288,0.05,0.61,0.78
6298,0.05,0.61,0.78
6307,0.04,0.62,0.78
6317,0.04,0.63,0.78
6326,0.04,0.62,0.78
6336,0.04,0.62,0.78
6346,0.04,0.63,0.78
6355,0.05,0.62,0.78
6365,0.06,0.62,0.78
6375,0.06,0.61,0.77
6384,0.06,0.61,0.77
6394,0.06,0.61,0.78
6403,0.05,0.61,0.78
6413,0.05,0.62,0.78
6423,0.05,0.63,0.79
6432,0.05,0.62,0.79
6442,0.05,0.62,0.79
6451,0.05,0.61,0.79
6461,0.05,0.61,0.79
6471,0.06,0.60,0.79
6480,0.06,0.60,0.79
6490,0.06,0.60,0.78
6500,0.06,0.60,0.78
6509,0.05,0.61,0.79
6519,0.05,0.61,0.79
6528,0.04,0.62,0.79
6538,0.04,0.62,0.79
6548,0.04,0.62,0.79
6557,0.05,0.62,0.78
6567,0.05,0.62,0.77
6576,0.06,0.63,0.76
6586,0.06,0.63,0.75
6596,0.06,0.63,0.76
6605,0.06,0.63,0.76
6615,0.06,0.64,0.77
6625,0.05,0.64,0.78
6634,0.05,0.62,0.78
6644,0.05,0.62,0.78
6653,0.05,0.61,0.78
6663,0.05,0.62,0.78
6673,0.05,0.62,0.79
6682,0.05,0.62,0.79
6692,0.04,0.62,0.79
6701,0.05,0.61,0.78
6711,0.05,0.62,0.78
6721,0.05,0.62,0.78
6730,0.05,0.62,0.77
6740,0.05,0.63,0.77
6750,0.05,0.63,0.77
6759,0.05,0.63,0.77
6769,0.05,0.63,0.78
6778,0.05,0.62,0.78
6788,0.05,0.61,0.78
6798,0.05,0.61,0.77
6807,0.05,0.62,0.77
6817,0.05,0.62,0.77
6826,0.05,0.62,0.77
6836,0.05,0.62,0.78
6846,0.04,0.62,0.78
6855,0.04,0.62,0.78
6865,0.04,0.63,0.78
6875,0.05,0.63,0.77
6884,0.06,0.63,0.76
6894,0.06,0.62,0.76
6903,0.05,0.63,0.77
6913,0.05,0.62,0.77
6923,0.05,0.63,0.77
6932,0.04,0.63,0.78
6942,0.04,0.63,0.78
6951,0.05,0.63,0.78
6961,0.05,0.63,0.77
6971,0.06,0.63,0.77
6980,0.06,0.62,0.77
6990,0.06,0.62,0.78
7000,0.06,0.61,0.78
7009,0.05,0.62,0.78
7019,0.05,0.62,0.78
7028,0.05,0.62,0.78
7038,0.06,0.62,0.77
7048,0.06,0.62,0.78
7057,0.06,0.62,0.77
7067,0.06,0.62,0.78
7076,0.05,0.63,0.78
7086,0.05,0.63,0.78
7096,0.05,0.62,0.78
7105,0.05,0.62,0.77
7115,0.06,0.62,0.77
7125,0.06,0.62,0.77
7134,0.07,0.62,0.77
7144,0.07,0.62,0.76
7153,0.07,0.62,0.76
7163,0.06,0.62,0.77
7173,0.06,0.62,0.78
7182,0.05,0.62,0.78
7192,0.05,0.62,0.79
7201,0.05,0.62,0.79
7211,0.06,0.62,0.79
7221,0.06,0.62,0.78
7230,0.06,0.61,0.78
7240,0.06,0.61,0.78
7250,0.06,0.61,0.77
7259,0.06,0.61,0.77
7269,0.05,0.62,0.78
7278,0.05,0.62,0.78
7288,0.05,0.63,0.78
7298,0.06,0.63,0.78
7307,0.06,0.63,0.77
7317,0.06,0.62,0.77
7326,0.05,0.62,0.77
7336,0.05,0.62,0.77
7346,0.06,0.61,0.77
7355,0.06,0.62,0.77
7365,0.06,0.62,0.77
7375,0.06,0.62,0.77
7384,0.06,0.63,0.78
7394,0.06,0.63,0.79
7403,0.06,0.61,0.79
7413,0.07,0.60,0.78
7423,0.08,0.61,0.78
7432,0.08,0.61,0.77
7442,0.07,0.62,0.77
7451,0.07,0.63,0.76
7461,0.06,0.63,0.77
7471,0.05,0.63,0.77
7480,0.04,0.63,0.78
7490,0.04,0.62,0.79
7500,0.04,0.62,0.79
7509,0.04,0.62,0.78
7519,0.04,0.62,0.77
7528,0.04,0.62,0.78
7538,0.04,0.62,0.78
7548,0.04,0.62,0.78
7557,0.04,0.61,0.78
7567,0.04,0.61,0.78
7576,0.04,0.62,0.78
7586,0.04,0.62,0.78
7596,0.04,0.63,0.77
7605,0.04,0.63,0.77
7615,0.04,0.64,0.78
7625,0.04,0.64,0.78
7634,0.04,0.63,0.78
7644,0.05,0.62,0.78
7653,0.05,0.61,0.78
7663,0.06,0.61,0.78
7673,0.06,0.61,0.78
7682,0.05,0.61,0.78
7692,0.05,0.62,0.78
7701,0.05,0.62,0.78
7711,0.05,0.62,0.77
7721,0.05,0.62,0.76
7730,0.05,0.62,0.77
7740,0.05,0.63,0.77
7750,0.04,0.62,0.78
7759,0.03,0.62,0.78
7769,0.03,0.61,0.79
7778,0.04,0.60,0.79
7788,0.04,0.60,0.79
7798,0.04,0.61,0.79
7807,0.04,0.61,0.78
7817,0.04,0.61,0.78
7826,0.05,0.62,0.79
7836,0.05,0.62,0.78
7846,0.04,0.61,0.78
7855,0.04,0.61,0.78
7865,0.03,0.62,0.79
7875,0.04,0.61,0.78
7884,0.04,0.61,0.78
7894,0.04,0.60,0.78
7903,0.04,0.61,0.77
7913,0.04,0.61,0.77
7923,0.04,0.62,0.78
7932,0.03,0.63,0.78
7942,0.03,0.62,0.78
7951,0.03,0.62,0.78
7961,0.03,0.62,0.79
7971,0.03,0.61,0.79
7980,0.03,0.61,0.79
7990,0.03,0.60,0.78
8000,0.04,0.60,0.78
8009,0.04,0.61,0.78
8019,0.04,0.61,0.78
8028,0.04,0.62,0.78
8038,0.03,0.62,0.78
8048,0.04,0.62,0.78
8057,0.03,0.62,0.78
8067,0.03,0.62,0.78
8076,0.04,0.62,0.78
8086,0.04,0.61,0.77
8096,0.04,0.61,0.77
8105,0.04,0.62,0.77
8115,0.04,0.61,0.77
8125,0.03,0.61,0.77
8134,0.02,0.62,0.78
8144,0.02,0.62,0.78
8153,0.02,0.61,0.78
8163,0.03,0.61,0.78
8173,0.03,0.61,0.78
8182,0.04,0.61,0.78
8192,0.04,0.61,0.78
8201,0.04,0.61,0.79
8211,0.03,0.61,0.79
8221,0.02,0.61,0.79
8230,0.02,0.61,0.79
8240,0.02,0.61,0.79
8250,0.02,0.61,0.79
8259,0.02,0.61,0.78
8269,0.03,0.61,0.78
8278,0.03,0.61,0.78
8288,0.03,0.61,0.78
8298,0.03,0.61,0.78
8307,0.03,0.61,0.78
8317,0.03,0.61,0.78
8326,0.03,0.61,0.79
8336,0.03,0.61,0.79
8346,0.03,0.60,0.79
8355,0.03,0.60,0.78
8365,0.03,0.60,0.78
8375,0.03,0.61,0.78
8384,0.02,0.61,0.78
8394,0.02,0.62,0.78
8403,0.02,0.62,0.78
8413,0.02,0.62,0.78
8423,0.03,0.62,0.78
8432,0.03,0.61,0.78
8442,0.03,0.61,0.78
8451,0.04,0.60,0.78
8461,0.04,0.60,0.78
8471,0.04,0.61,0.79
8480,0.04,0.61,0.79
8490,0.04,0.61,0.79
8500,0.04,0.61,0.80
8509,0.04,0.61,0.80
8519,0.04,0.60,0.79
8528,0.04,0.60,0.79
8538,0.04,0.61,0.79
8548,0.04,0.61,0.79
8557,0.04,0.60,0.78
8567,0.03,0.60,0.78
8576,0.03,0.60,0.79
8586,0.03,0.60,0.79
8596,0.03,0.59,0.79
8605,0.03,0.60,0.80
8615,0.03,0.61,0.79
8625,0.04,0.61,0.79
8634,0.05,0.60,0.79
8644,0.03,0.61,0.80
8653,0.04,0.60,0.79
8663,0.05,0.59,0.79
8673,0.05,0.59,0.79
8682,0.05,0.59,0.79
8692,0.05,0.60,0.79
8701,0.04,0.60,0.80
8711,0.04,0.60,0.80
8721,0.04,0.60,0.80
8730,0.04,0.60,0.80
8740,0.04,0.59,0.79
8750,0.04,0.59,0.80
8759,0.05,0.59,0.80
8769,0.05,0.59,0.79
8778,0.05,0.59,0.79
8788,0.04,0.60,0.79
8798,0.04,0.60,0.80
8807,0.04,0.60,0.80
8817,0.04,0.60,0.80
8826,0.05,0.60,0.80
8836,0.05,0.60,0.79
8846,0.05,0.59,0.80
8855,0.06,0.59,0.80
8865,0.05,0.59,0.80
8875,0.05,0.59,0.80
8884,0.05,0.60,0.80
8894,0.05,0.60,0.80
8903,0.05,0.59,0.80
8913,0.04,0.59,0.80
8923,0.04,0.60,0.79
8932,0.05,0.60,0.79
8942,0.05,0.60,0.78
8951,0.05,0.60,0.78
8961,0.05,0.60,0.78
8971,0.04,0.60,0.79
8980,0.03,0.60,0.80
8990,0.03,0.60,0.81
9000,0.03,0.60,0.81
9009,0.04,0.59,0.80
9019,0.05,0.59,0.79
9028,0.05,0.59,0.79
9038,0.06,0.59,0.79
9048,0.05,0.59,0.79
9057,0.05,0.59,0.80
9067,0.05,0.60,0.80
9076,0.04,0.60,0.80
9086,0.04,0.60,0.79
9096,0.05,0.60,0.78
9105,0.05,0.60,0.78
9115,0.05,0.61,0.78
9125,0.04,0.60,0.79
9134,0.04,0.60,0.80
9144,0.03,0.59,0.80
9153,0.03,0.59,0.80
9163,0.04,0.59,0.80
9173,0.04,0.59,0.80
9182,0.05,0.60,0.80
9192,0.05,0.60,0.80
9201,0.05,0.60,0.81
9211,0.04,0.60,0.81
9221,0.04,0.59,0.81
9230,0.04,0.59,0.81
9240,0.05,0.59,0.80
9250,0.05,0.58,0.79
9259,0.06,0.59,0.79
9269,0.06,0.60,0.78
9278,0.06,0.61,0.78
9288,0.06,0.62,0.78
9298,0.05,0.62,0.78
9307,0.05,0.62,0.78
9317,0.04,0.61,0.78
9326,0.04,0.61,0.78
9336,0.05,0.60,0.78
9346,0.05,0.60,0.78
9355,0.05,0.59,0.79
9365,0.05,0.59,0.80
9375,0.04,0.60,0.82
9384,0.04,0.59,0.82
9394,0.04,0.59,0.81
9403,0.05,0.59,0.81
9413,0.04,0.59,0.80
9423,0.03,0.59,0.81
9432,0.03,0.60,0.81
9442,0.03,0.60,0.81
9451,0.03,0.60,0.80
9461,0.04,0.59,0.80
9471,0.04,0.58,0.80
9480,0.04,0.59,0.79
9490,0.04,0.60,0.79
9500,0.04,0.61,0.79
9509,0.04,0.61,0.79
9519,0.04,0.61,0.79
9528,0.04,0.60,0.79
9538,0.04,0.61,0.80
9548,0.05,0.60,0.80
9557,0.04,0.60,0.81
9567,0.04,0.59,0.81
9576,0.04,0.59,0.80
9586,0.04,0.59,0.80
9596,0.04,0.59,0.80
9605,0.04,0.60,0.79
9615,0.05,0.60,0.79
9625,0.05,0.60,0.79
9634,0.05,0.61,0.79
9644,0.04,0.61,0.79
9653,0.04,0.60,0.79
9663,0.04,0.60,0.78
9673,0.04,0.60,0.78
9682,0.04,0.60,0.78
9692,0.04,0.61,0.78
9701,0.05,0.61,0.79
9711,0.04,0.60,0.79
9721,0.04,0.60,0.79
9730,0.03,0.60,0.80
9740,0.03,0.60,0.80
9750,0.03,0.60,0.80
9759,0.03,0.60,0.80
9769,0.03,0.60,0.79
9778,0.04,0.60,0.79
9788,0.04,0.60,0.80
9798,0.04,0.60,0.80
9807,0.03,0.60,0.80
9817,0.03,0.60,0.80
9826,0.03,0.60,0.79
9836,0.03,0.60,0.79
9846,0.03,0.60,0.80
9855,0.03,0.60,0.80
9865,0.03,0.61,0.80
9875,0.03,0.61,0.80
9884,0.03,0.60,0.79
9894,0.04,0.60,0.79
9903,0.04,0.60,0.79
9913,0.03,0.59,0.80
9923,0.02,0.59,0.80
9932,0.02,0.60,0.81
9942,0.01,0.60,0.81
9951,0.01,0.60,0.82
9961,0.01,0.60,0.82
9971,0.01,0.60,0.82
9980,0.02,0.60,0.81
9990,0.02,0.60,0.80
10000,0.03,0.60,0.79
10009,0.03,0.60,0.78
10019,0.04,0.60,0.78
10028,0.04,0.61,0.77
10038,0.04,0.61,0.78
10048,0.04,0.61,0.78
10057,0.04,0.60,0.77
10067,0.03,0.61,0.78
10076,0.03,0.62,0.78
10086,0.03,0.61,0.78
10096,0.03,0.61,0.78
10105,0.03,0.61,0.78
10115,0.03,0.61,0.78
10125,0.03,0.61,0.79
10134,0.02,0.61,0.79
10144,0.02,0.61,0.80
10153,0.02,0.61,0.79
10163,0.02,0.60,0.80
10173,0.02,0.60,0.80
10182,0.02,0.59,0.81
10192,0.02,0.59,0.81
10201,0.01,0.59,0.81
10211,0.01,0.59,0.81
10221,0.02,0.59,0.80
10230,0.02,0.59,0.80
10240,0.02,0.59,0.80
10250,0.02,0.60,0.80
10259,0.02,0.60,0.80
10269,0.02,0.61,0.79
10278,0.02,0.60,0.79
10288,0.02,0.61,0.80
10298,0.02,0.60,0.80
10307,0.02,0.59,0.81
10317,0.01,0.58,0.81
10326,0.01,0.57,0.82
10336,0.01,0.57,0.82
10346,0.01,0.57,0.82
10355,0.01,0.57,0.81
10365,0.01,0.58,0.81
10375,0.01,0.59,0.80
10384,0.01,0.60,0.80
10394,0.01,0.59,0.81
10403,0.01,0.59,0.80
10413,0.01,0.59,0.81
10423,0.01,0.59,0.81
10432,0.01,0.59,0.80
10442,0.01,0.59,0.80
10451,0.00,0.59,0.81
10461,0.01,0.59,0.80
10471,0.02,0.58,0.80
10480,0.02,0.58,0.80
10490,0.02,0.58,0.80
10500,0.02,0.59,0.79
10509,0.02,0.59,0.80
10519,0.01,0.59,0.80
10528,0.01,0.59,0.80
10538,0.00,0.59,0.80
10548,0.01,0.59,0.80
10557,0.01,0.60,0.81
10567,0.01,0.59,0.80
10576,0.01,0.59,0.80
10586,0.01,0.58,0.80
10596,0.01,0.58,0.80
10605,0.01,0.58,0.80
10615,0.01,0.58,0.80
10625,0.01,0.57,0.80
10634,0.01,0.58,0.80
10644,0.01,0.58,0.81
10653,0.01,0.58,0.82
10663,-0.00,0.57,0.83
10673,-0.01,0.57,0.83
10682,-0.00,0.57,0.83
10692,0.01,0.57,0.83
10701,0.01,0.56,0.83
10711,0.00,0.55,0.83
10721,-0.00,0.55,0.83
10730,-0.00,0.56,0.82
10740,0.01,0.56,0.82
10750,0.01,0.56,0.82
10759,0.01,0.56,0.82
10769,0.00,0.57,0.82
10778,-0.00,0.57,0.83
10788,-0.00,0.57,0.83
10798,0.00,0.56,0.83
10807,-0.00,0.56,0.83
10817,-0.00,0.56,0.82
10826,-0.00,0.56,0.82
10836,0.00,0.57,0.83
10846,0.01,0.56,0.83
10855,0.01,0.55,0.84
10865,0.00,0.54,0.84
10875,-0.00,0.54,0.84
10884,0.00,0.54,0.84
10894,0.00,0.54,0.84
10903,-0.00,0.55,0.84
10913,0.00,0.56,0.83
10923,0.00,0.56,0.83
10932,0.01,0.57,0.82
10942,0.01,0.57,0.82
10951,0.01,0.57,0.82
10961,0.01,0.55,0.81
10971,0.01,0.55,0.81
10980,0.01,0.54,0.81
10990,0.01,0.55,0.82
11000,0.01,0.55,0.82
11009,0.00,0.56,0.83
11019,-0.00,0.57,0.83
11028,0.00,0.57,0.83
11038,-0.00,0.57,0.83
11048,0.00,0.56,0.83
11057,0.01,0.55,0.82
11067,0.01,0.54,0.80
11076,0.03,0.54,0.79
11086,0.03,0.55,0.80
11096,0.03,0.56,0.81
11105,0.02,0.57,0.82
11115,0.01,0.58,0.82
11125,-0.00,0.58,0.83
11134,-0.01,0.58,0.84
11144,-0.01,0.57,0.83
11153,-0.00,0.55,0.82
11163,0.01,0.55,0.82
11173,0.01,0.55,0.82
11182,0.01,0.55,0.81
11192,0.01,0.56,0.82
11201,0.00,0.57,0.83
11211,-0.01,0.57,0.83
11221,-0.01,0.57,0.84
11230,0.00,0.57,0.83
11240,0.01,0.56,0.83
11250,0.01,0.55,0.83
11259,0.01,0.55,0.83
11269,0.01,0.56,0.83
11278,0.02,0.55,0.83
11288,0.02,0.55,0.83
11298,0.01,0.54,0.83
11307,0.00,0.54,0.84
11317,0.00,0.54,0.84
11326,-0.00,0.55,0.84
11336,-0.00,0.56,0.83
11346,0.00,0.57,0.83
11355,0.01,0.57,0.83
11365,0.01,0.57,0.82
11375,0.01,0.56,0.82
11384,0.01,0.54,0.82
11394,0.00,0.54,0.83
11403,-0.00,0.54,0.84
11413,0.00,0.55,0.83
11423,0.01,0.56,0.82
11432,0.01,0.58,0.81
11442,0.01,0.59,0.80
11451,0.01,0.59,0.80
11461,0.02,0.59,0.79
11471,0.03,0.58,0.79
11480,0.03,0.57,0.79
11490,0.02,0.57,0.81
11500,0.02,0.56,0.82
11509,0.02,0.55,0.83
11519,0.01,0.55,0.83
11528,0.00,0.54,0.83
11538,-0.00,0.55,0.83
11548,-0.00,0.55,0.84
11557,-0.00,0.56,0.84
11567,0.00,0.56,0.84
11576,0.01,0.55,0.83
11586,0.01,0.55,0.83
11596,0.02,0.55,0.83
11605,0.02,0.55,0.82
11615,0.01,0.55,0.82
11625,0.01,0.55,0.82
11634,0.01,0.56,0.82
11644,0.00,0.57,0.82
11653,0.00,0.57,0.82
11663,-0.00,0.57,0.82
11673,0.00,0.57,0.82
11682,0.01,0.57,0.82
11692,0.01,0.57,0.82
11701,0.02,0.56,0.82
11711,0.01,0.55,0.83
11721,0.02,0.55,0.83
11730,0.02,0.54,0.82
11740,0.02,0.54,0.83
11750,0.02,0.55,0.83
11759,0.01,0.56,0.83
11769,0.01,0.57,0.83
11778,0.00,0.58,0.83
11788,0.00,0.58,0.82
11798,0.01,0.58,0.81
11807,0.02,0.58,0.81
11817,0.02,0.56,0.80
11826,0.02,0.55,0.80
11836,0.02,0.54,0.81
11846,0.01,0.55,0.82
11855,0.01,0.55,0.83
11865,0.01,0.55,0.84
11875,0.01,0.54,0.83
11884,0.00,0.54,0.83
11894,-0.00,0.54,0.83
11903,-0.00,0.54,0.82
11913,0.00,0.54,0.82
11923,0.00,0.55,0.83
11932,0.00,0.55,0.84
11942,-0.00,0.56,0.84
11951,0.00,0.55,0.84
11961,0.01,0.54,0.84
11971,0.01,0.53,0.83
11980,-0.00,0.52,0.84
11990,-0.00,0.52,0.84
12000,-0.00,0.52,0.85
12009,-0.01,0.52,0.85
12019,-0.01,0.53,0.85
12028,-0.02,0.54,0.85
12038,-0.02,0.54,0.85
12048,-0.02,0.54,0.85
12057,-0.02,0.55,0.85
12067,-0.01,0.54,0.85
12076,-0.00,0.53,0.84
12086,0.00,0.53,0.84
12096,0.01,0.53,0.84
12105,0.01,0.53,0.84
12115,0.01,0.52,0.85
12125,0.00,0.52,0.85
12134,-0.01,0.52,0.85
12144,-0.02,0.53,0.85
12153,-0.02,0.54,0.85
12163,-0.02,0.54,0.85
12173,-0.01,0.55,0.84
12182,-0.01,0.55,0.83
12192,-0.00,0.54,0.82
12201,0.00,0.55,0.83
12211,0.01,0.55,0.83
12221,0.00,0.53,0.84
12230,-0.01,0.53,0.83
12240,-0.01,0.53,0.84
12250,-0.01,0.54,0.84
12259,-0.00,0.54,0.84
12269,0.00,0.54,0.83
12278,0.00,0.54,0.83
12288,0.00,0.54,0.83
12298,0.00,0.54,0.83
12307,-0.00,0.54,0.84
12317,-0.00,0.53,0.85
12326,-0.01,0.53,0.85
12336,-0.01,0.53,0.85
12346,-0.02,0.53,0.86
12355,-0.02,0.53,0.87
12365,-0.02,0.53,0.86
12375,-0.02,0.52,0.85
12384,-0.01,0.53,0.84
12394,0.01,0.53,0.83
12403,0.01,0.54,0.82
12413,0.01,0.54,0.82
12423,0.01,0.54,0.81
12432,0.00,0.55,0.82
12442,-0.01,0.56,0.82
12451,-0.01,0.56,0.83
12461,-0.02,0.55,0.84
12471,-0.02,0.55,0.83
12480,-0.01,0.55,0.83
12490,-0.00,0.54,0.84
12500,-0.00,0.53,0.84
12509,-0.01,0.53,0.84
12519,-0.01,0.53,0.85
12528,-0.01,0.53,0.85
12538,-0.01,0.53,0.85
12548,-0.00,0.53,0.84
12557,-0.00,0.54,0.84
12567,0.00,0.53,0.84
12576,0.00,0.52,0.84
12586,-0.00,0.52,0.85
12596,-0.01,0.53,0.85
12605,-0.01,0.53,0.84
12615,-0.01,0.53,0.84
12625,-0.00,0.54,0.84
12634,-0.00,0.54,0.84
12644,-0.00,0.54,0.84
12653,0.00,0.53,0.84
12663,-0.00,0.52,0.85
12673,-0.00,0.52,0.86
12682,0.00,0.52,0.86
12692,0.00,0.52,0.84
12701,0.00,0.52,0.84
12711,0.00,0.53,0.84
12721,-0.00,0.52,0.84
12730,-0.00,0.53,0.84
12740,-0.01,0.53,0.85
12750,-0.01,0.53,0.84
12759,-0.00,0.53,0.84
12769,0.00,0.53,0.84
12778,0.00,0.53,0.84
12788,0.00,0.53,0.84
12798,-0.00,0.53,0.85
12807,-0.01,0.53,0.85
12817,-0.01,0.52,0.85
12826,-0.01,0.52,0.85
12836,-0.00,0.53,0.85
12846,0.00,0.53,0.85
12855,0.01,0.53,0.84
12865,0.01,0.52,0.84
12875,0.01,0.52,0.84
12884,0.00,0.52,0.85
12894,0.00,0.52,0.85
12903,0.00,0.52,0.85
12913,-0.00,0.52,0.85
12923,-0.01,0.53,0.85
12932,-0.00,0.53,0.85
12942,-0.00,0.52,0.85
12951,0.00,0.52,0.85
12961,0.00,0.52,0.85
12971,0.01,0.52,0.84
12980,0.01,0.52,0.85
12990,0.01,0.53,0.85
13000,0.01,0.52,0.85
13009,0.00,0.52,0.85
13019,0.00,0.51,0.85
13028,0.01,0.51,0.85
13038,0.01,0.52,0.85
13048,0.01,0.52,0.85
13057,0.01,0.53,0.85
13067,0.00,0.53,0.85
13076,0.00,0.52,0.85
13086,0.00,0.52,0.85
13096,0.01,0.52,0.85
13105,0.01,0.52,0.85
13115,0.02,0.51,0.85
13125,0.02,0.50,0.85
13134,0.01,0.51,0.85
13144,0.01,0.52,0.85
13153,0.01,0.52,0.85
13163,0.01,0.52,0.85
13173,0.00,0.52,0.85
13182,0.00,0.52,0.85
13192,0.00,0.52,0.85
13201,0.01,0.52,0.84
13211,0.02,0.52,0.84
13221,0.02,0.52,0.84
13230,0.02,0.52,0.84
13240,0.01,0.51,0.85
13250,0.01,0.51,0.85
13259,0.00,0.51,0.86
13269,0.01,0.51,0.86
13278,0.01,0.51,0.86
13288,0.01,0.51,0.86
13298,0.01,0.51,0.86
13307,0.01,0.51,0.85
13317,0.01,0.51,0.85
13326,0.01,0.51,0.85
13336,0.01,0.51,0.85
13346,0.02,0.51,0.86
13355,0.02,0.50,0.86
13365,0.01,0.50,0.86
13375,0.01,0.50,0.86
13384,0.01,0.50,0.85
13394,0.01,0.51,0.85
13403,0.01,0.50,0.86
13413,0.01,0.50,0.86
13423,0.01,0.50,0.87
13432,0.01,0.50,0.87
13442,0.01,0.50,0.86
13451,0.01,0.50,0.86
13461,0.01,0.50,0.86
13471,0.01,0.50,0.86
13480,0.01,0.49,0.86
13490,0.02,0.49,0.85
13500,0.02,0.50,0.85
13509,0.02,0.50,0.85
13519,0.02,0.51,0.85
13528,0.02,0.51,0.86
13538,0.01,0.51,0.86
13548,0.01,0.51,0.87
13557,0.00,0.49,0.87
13567,0.00,0.48,0.87
13576,0.01,0.48,0.87
13586,0.01,0.48,0.87
13596,0.02,0.49,0.87
13605,0.02,0.49,0.86
13615,0.02,0.49,0.86
13625,0.02,0.49,0.86
13634,0.01,0.50,0.87
13644,0.01,0.50,0.87
13653,0.00,0.49,0.88
13663,0.00,0.49,0.87
13673,0.01,0.49,0.86
13682,0.01,0.49,0.86
13692,0.01,0.50,0.85
13701,0.01,0.50,0.85
13711,0.02,0.51,0.85
13721,0.02,0.50,0.86
13730,0.01,0.49,0.86
13740,0.01,0.49,0.87
13750,0.01,0.49,0.88
13759,0.01,0.48,0.87
13769,0.02,0.48,0.87
13778,0.02,0.49,0.87
13788,0.02,0.49,0.86
13798,0.02,0.49,0.86
13807,0.02,0.49,0.86
13817,0.02,0.49,0.87
13826,0.01,0.49,0.87
13836,0.01,0.49,0.87
13846,0.01,0.49,0.87
13855,0.02,0.48,0.87
13865,0.02,0.48,0.87
13875,0.01,0.48,0.87
13884,0.01,0.49,0.87
13894,0.01,0.49,0.87
13903,0.01,0.49,0.87
13913,0.01,0.49,0.87
13923,0.02,0.48,0.87
13932,0.02,0.48,0.86
13942,0.02,0.48,0.86
13951,0.02,0.48,0.86
13961,0.02,0.49,0.86
13971,0.01,0.49,0.86
13980,0.01,0.49,0.87
13990,0.00,0.49,0.87
14000,0.00,0.49,0.87
14009,0.01,0.49,0.87
14019,0.01,0.49,0.86
14028,0.01,0.48,0.87
14038,0.01,0.48,0.87
14048,0.01,0.48,0.87
14057,0.01,0.48,0.87
14067,0.01,0.48,0.88
14076,0.01,0.48,0.88
14086,0.01,0.48,0.88
14096,0.01,0.48,0.88
14105,0.01,0.48,0.88
14115,0.01,0.47,0.88
14125,0.01,0.47,0.88
14134,0.00,0.47,0.88
14144,0.01,0.47,0.88
14153,0.01,0.47,0.87
14163,0.00,0.47,0.88
14173,0.00,0.48,0.88
14182,0.00,0.48,0.88
14192,-0.00,0.48,0.88
14201,-0.00,0.48,0.88
14211,-0.00,0.47,0.89
14221,0.00,0.46,0.88
14230,0.01,0.46,0.87
14240,0.01,0.47,0.87
14250,0.01,0.47,0.86
14259,0.00,0.48,0.86
14269,0.00,0.49,0.87
14278,-0.00,0.49,0.87
14288,-0.01,0.48,0.87
14298,-0.00,0.48,0.87
14307,0.00,0.48,0.87
14317,0.00,0.47,0.88
14326,0.00,0.47,0.88
14336,-0.00,0.47,0.88
14346,-0.01,0.47,0.88
14355,-0.01,0.48,0.88
14365,-0.01,0.48,0.88
14375,-0.01,0.48,0.88
14384,-0.01,0.47,0.88
14394,-0.01,0.47,0.88
14403,-0.00,0.47,0.87
14413,-0.00,0.47,0.87
14423,-0.01,0.47,0.87
14432,-0.01,0.47,0.87
14442,-0.01,0.48,0.87
14451,-0.01,0.48,0.87
14461,-0.00,0.48,0.87
14471,-0.00,0.47,0.87
14480,-0.00,0.48,0.88
14490,-0.01,0.48,0.88
14500,-0.01,0.47,0.88
14509,-0.01,0.46,0.87
14519,-0.00,0.47,0.88
14528,-0.00,0.47,0.87
14538,0.00,0.47,0.87
14548,0.00,0.47,0.87
14557,-0.00,0.47,0.87
14567,-0.01,0.47,0.88
14576,-0.01,0.47,0.88
14586,-0.01,0.47,0.89
14596,-0.01,0.47,0.88
14605,-0.01,0.47,0.88
14615,-0.01,0.47,0.88
14625,-0.00,0.47,0.88
14634,-0.00,0.47,0.88
14644,-0.00,0.47,0.88
14653,-0.00,0.47,0.88
14663,-0.01,0.47,0.87
14673,-0.01,0.47,0.87
14682,-0.00,0.47,0.87
14692,-0.00,0.48,0.87
14701,0.00,0.48,0.87
14711,-0.00,0.48,0.87
14721,0.00,0.48,0.87
14730,0.00,0.47,0.87
14740,-0.01,0.47,0.88
14750,-0.01,0.47,0.88
14759,-0.01,0.47,0.88
14769,-0.01,0.47,0.88
14778,-0.00,0.47,0.87
14788,0.00,0.48,0.87
14798,0.00,0.48,0.87
14807,-0.00,0.47,0.87
14817,-0.00,0.47,0.88
14826,-0.00,0.47,0.88
14836,-0.01,0.47,0.88
14846,-0.00,0.47,0.88
14855,0.00,0.47,0.88
14865,0.00,0.47,0.88
14875,-0.00,0.47,0.88
14884,0.00,0.46,0.87
14894,-0.00,0.46,0.87
14903,-0.01,0.47,0.88
14913,-0.01,0.48,0.88
14923,-0.01,0.47,0.88
14932,-0.01,0.47,0.88
14942,-0.01,0.46,0.88
14951,-0.00,0.47,0.87
14961,0.00,0.47,0.87
14971,-0.00,0.47,0.88
14980,-0.00,0.47,0.87
14990,-0.01,0.46,0.87
15000,-0.01,0.47,0.87
15009,-0.01,0.47,0.88
15019,0.00,0.48,0.88
15028,0.00,0.47,0.88
15038,-0.01,0.47,0.88
15048,-0.01,0.47,0.89
15057,-0.00,0.46,0.88
15067,-0.00,0.46,0.88
15076,-0.01,0.46,0.89
15086,-0.00,0.47,0.89
15096,0.00,0.47,0.88
15105,0.00,0.47,0.88
15115,-0.00,0.47,0.87
15125,-0.00,0.47,0.87
15134,-0.01,0.48,0.87
15144,-0.01,0.47,0.87
15153,-0.01,0.47,0.87
15163,-0.01,0.48,0.87
15173,-0.01,0.48,0.87
15182,-0.00,0.47,0.87
15192,-0.00,0.47,0.87
15201,-0.00,0.46,0.88
15211,-0.01,0.46,0.88
15221,-0.01,0.47,0.89
15230,-0.01,0.47,0.88
15240,-0.01,0.46,0.87
15250,-0.00,0.46,0.88
15259,0.00,0.47,0.87
15269,0.00,0.47,0.87
15278,0.00,0.47,0.87
15288,-0.00,0.47,0.88
15298,-0.01,0.47,0.88
15307,-0.01,0.46,0.88
15317,-0.00,0.46,0.88
15326,-0.00,0.46,0.88
15336,-0.00,0.47,0.88
15346,-0.00,0.46,0.88
15355,-0.00,0.46,0.88
15365,-0.00,0.47,0.88
15375,-0.00,0.47,0.88
15384,-0.00,0.47,0.88
15394,0.00,0.46,0.87
15403,0.00,0.46,0.87
15413,-0.00,0.47,0.87
15423,-0.00,0.47,0.88
15432,-0.00,0.47,0.88
15442,-0.01,0.47,0.88
15451,-0.01,0.47,0.88
15461,-0.00,0.47,0.88
15471,-0.00,0.47,0.88
15480,-0.00,0.47,0.87
15490,-0.00,0.47,0.88
15500,-0.00,0.47,0.88
15509,0.00,0.46,0.88
15519,0.00,0.46,0.87
15528,0.00,0.46,0.87
15538,0.00,0.46,0.87
15548,-0.00,0.46,0.88
15557,-0.00,0.46,0.87
15567,-0.00,0.45,0.87
15576,-0.01,0.46,0.87
15586,-0.01,0.46,0.88
15596,-0.00,0.47,0.88
15605,0.00,0.46,0.88
15615,0.00,0.46,0.88
15625,0.01,0.46,0.87
15634,0.01,0.46,0.88
15644,0.00,0.46,0.88
15653,-0.00,0.46,0.89
15663,-0.00,0.45,0.89
15673,-0.01,0.44,0.90
15682,-0.01,0.45,0.91
15692,-0.01,0.44,0.90
15701,-0.01,0.43,0.90
15711,-0.02,0.44,0.90
15721,-0.02,0.44,0.90
15730,-0.02,0.44,0.90
15740,-0.01,0.44,0.89
15750,-0.02,0.44,0.89
15759,-0.01,0.45,0.88
15769,-0.01,0.45,0.88
15778,-0.01,0.45,0.88
15788,-0.01,0.46,0.89
15798,-0.01,0.46,0.89
15807,-0.01,0.45,0.89
15817,-0.01,0.45,0.89
15826,-0.01,0.45,0.89
15836,0.00,0.45,0.89
15846,0.01,0.45,0.89
15855,0.01,0.44,0.89
15865,0.01,0.44,0.89
15875,0.01,0.44,0.89
15884,0.01,0.44,0.89
15894,0.01,0.45,0.89
15903,0.01,0.45,0.89
15913,0.02,0.45,0.89
15923,0.02,0.45,0.89
15932,0.02,0.45,0.89
15942,0.01,0.45,0.89
15951,0.01,0.45,0.89
15961,0.00,0.44,0.89
15971,0.00,0.44,0.89
15980,0.00,0.44,0.89
15990,0.00,0.45,0.89
16000,0.01,0.45,0.88
16009,0.00,0.45,0.88
16019,0.00,0.45,0.89
16028,0.00,0.45,0.89
16038,0.00,0.44,0.89
16048,0.00,0.44,0.89
16057,0.00,0.44,0.89
16067,0.01,0.43,0.89
16076,-0.00,0.43,0.89
16086,-0.01,0.44,0.90
16096,-0.01,0.44,0.90
16105,-0.01,0.44,0.90
16115,-0.01,0.44,0.90
16125,-0.01,0.44,0.90
16134,-0.01,0.44,0.90
16144,-0.01,0.44,0.90
16153,-0.00,0.44,0.90
16163,-0.00,0.43,0.90
16173,-0.00,0.43,0.90
16182,-0.00,0.43,0.90
16192,-0.00,0.44,0.90
16201,-0.00,0.44,0.90
16211,-0.00,0.44,0.89
16221,-0.00,0.44,0.89
16230,0.00,0.44,0.88
16240,0.00,0.45,0.88
16250,0.00,0.45,0.88
16259,0.00,0.45,0.88
16269,-0.00,0.45,0.88
16278,-0.00,0.45,0.89
16288,-0.01,0.45,0.89
16298,-0.01,0.45,0.89
16307,-0.01,0.44,0.90
16317,-0.01,0.44,0.90
16326,-0.01,0.44,0.89
16336,-0.01,0.44,0.89
16346,-0.01,0.44,0.89
16355,-0.01,0.44,0.89
16365,-0.01,0.44,0.89
16375,-0.00,0.44,0.89
16384,-0.01,0.44,0.89
16394,-0.01,0.43,0.89
16403,-0.02,0.44,0.89
16413,-0.01,0.44,0.90
16423,-0.01,0.44,0.89
16432,-0.01,0.45,0.89
16442,-0.01,0.45,0.89
16451,-0.01,0.45,0.89
16461,-0.01,0.45,0.89
16471,-0.01,0.44,0.89
16480,-0.01,0.44,0.88
16490,-0.01,0.44,0.88
16500,-0.01,0.44,0.89
16509,-0.01,0.45,0.89
16519,-0.02,0.45,0.89
16528,-0.01,0.45,0.89
16538,-0.02,0.45,0.88
16548,-0.02,0.45,0.88
16557,-0.02,0.46,0.89
16567,-0.02,0.45,0.89
16576,-0.01,0.44,0.89
16586,-0.01,0.44,0.89
16596,-0.01,0.44,0.88
16605,-0.01,0.44,0.88
16615,-0.02,0.45,0.88
16625,-0.02,0.46,0.88
16634,-0.02,0.46,0.89
16644,-0.01,0.46,0.89
16653,-0.02,0.46,0.89
16663,-0.02,0.46,0.89
16673,-0.02,0.45,0.90
16682,-0.02,0.44,0.90
16692,-0.02,0.43,0.90
16701,-0.03,0.43,0.90
16711,-0.03,0.44,0.90
16721,-0.02,0.44,0.89
16730,-0.02,0.45,0.89
16740,-0.02,0.45,0.88
16750,-0.02,0.45,0.88
16759,-0.02,0.46,0.88
16769,-0.02,0.46,0.88
16778,-0.02,0.46,0.88
16788,-0.02,0.46,0.88
16798,-0.02,0.46,0.88
16807,-0.02,0.45,0.88
16817,-0.02,0.45,0.89
16826,-0.02,0.45,0.89
16836,-0.02,0.45,0.89
16846,-0.02,0.45,0.89
16855,-0.02,0.45,0.89
16865,-0.02,0.44,0.89
16875,-0.02,0.44,0.89
16884,-0.02,0.44,0.88
16894,-0.02,0.44,0.88
16903,-0.01,0.45,0.88
16913,-0.01,0.46,0.88
16923,-0.02,0.46,0.88
16932,-0.02,0.46,0.89
16942,-0.02,0.45,0.89
16951,-0.03,0.45,0.89
16961,-0.03,0.45,0.89
16971,-0.03,0.45,0.90
16980,-0.03,0.45,0.89
16990,-0.03,0.45,0.89
17000,-0.03,0.46,0.89
17009,-0.03,0.46,0.89
17019,-0.03,0.45,0.89
17028,-0.03,0.45,0.89
17038,-0.03,0.45,0.89
17048,-0.02,0.45,0.88
17057,-0.02,0.45,0.88
17067,-0.02,0.45,0.88
17076,-0.02,0.45,0.88
17086,-0.03,0.45,0.89
17096,-0.03,0.46,0.88
17105,-0.03,0.46,0.89
17115,-0.03,0.46,0.89
17125,-0.02,0.46,0.89
17134,-0.02,0.45,0.89
17144,-0.02,0.45,0.89
17153,-0.03,0.45,0.89
17163,-0.03,0.45,0.89
17173,-0.03,0.45,0.89
17182,-0.03,0.45,0.88
17192,-0.02,0.45,0.88
17201,-0.03,0.46,0.89
17211,-0.03,0.45,0.89
17221,-0.03,0.45,0.89
17230,-0.03,0.45,0.89
17240,-0.03,0.45,0.89
17250,-0.03,0.45,0.88
17259,-0.02,0.46,0.88
17269,-0.02,0.46,0.88
17278,-0.02,0.46,0.88
17288,-0.02,0.46,0.88
17298,-0.03,0.46,0.88
17307,-0.03,0.46,0.89
17317,-0.03,0.46,0.89
17326,-0.03,0.45,0.89
17336,-0.03,0.45,0.88
17346,-0.03,0.46,0.88
17355,-0.03,0.46,0.88
17365,-0.03,0.46,0.88
17375,-0.03,0.46,0.88
17384,-0.02,0.45,0.88
17394,-0.03,0.46,0.88
17403,-0.03,0.46,0.89
17413,-0.03,0.45,0.88
17423,-0.03,0.45,0.88
17432,-0.03,0.46,0.89
17442,-0.03,0.46,0.89
17451,-0.03,0.46,0.89
17461,-0.03,0.46,0.88
17471,-0.03,0.46,0.87
17480,-0.02,0.46,0.87
17490,-0.02,0.46,0.87
17500,-0.02,0.47,0.87
17509,-0.02,0.47,0.87
17519,-0.03,0.47,0.88
17528,-0.03,0.47,0.88
17538,-0.03,0.46,0.89
17548,-0.03,0.46,0.89
17557,-0.01,0.46,0.89
17567,-0.04,0.46,0.88
17576,-0.05,0.45,0.89
17586,-0.04,0.45,0.89
17596,-0.04,0.45,0.89
17605,-0.03,0.45,0.89
17615,-0.03,0.46,0.88
17625,-0.02,0.46,0.87
17634,-0.03,0.46,0.87
17644,-0.03,0.46,0.87
17653,-0.03,0.47,0.88
17663,-0.04,0.47,0.88
17673,-0.05,0.47,0.88
17682,-0.04,0.47,0.88
17692,-0.03,0.46,0.88
17701,-0.04,0.46,0.89
17711,-0.04,0.45,0.89
17721,-0.03,0.45,0.89
17730,-0.03,0.45,0.88
17740,-0.03,0.45,0.88
17750,-0.03,0.46,0.88
17759,-0.03,0.46,0.88
17769,-0.03,0.46,0.88
17778,-0.03,0.46,0.88
17788,-0.03,0.46,0.88
17798,-0.03,0.46,0.88
17807,-0.04,0.46,0.88
17817,-0.04,0.46,0.88
17826,-0.04,0.46,0.88
17836,-0.04,0.46,0.89
17846,-0.04,0.46,0.89
17855,-0.04,0.46,0.89
17865,-0.04,0.45,0.89
17875,-0.04,0.45,0.89
17884,-0.04,0.45,0.88
17894,-0.04,0.45,0.88
17903,-0.03,0.45,0.88
17913,-0.03,0.45,0.88
17923,-0.03,0.46,0.87
17932,-0.03,0.46,0.88
17942,-0.03,0.46,0.88
17951,-0.03,0.46,0.88
17961,-0.04,0.46,0.88
17971,-0.04,0.46,0.88
17980,-0.04,0.47,0.88
17990,-0.04,0.47,0.88
18000,-0.03,0.47,0.88
18009,-0.03,0.46,0.88
18019,-0.03,0.45,0.88
18028,-0.04,0.45,0.89
18038,-0.04,0.44,0.89
18048,-0.04,0.45,0.89
18057,-0.04,0.46,0.88
18067,-0.04,0.47,0.88
18076,-0.03,0.47,0.88
18086,-0.03,0.47,0.88
18096,-0.03,0.46,0.88
18105,-0.04,0.46,0.88
18115,-0.04,0.46,0.88
18125,-0.03,0.45,0.88
18134,-0.04,0.46,0.88
18144,-0.04,0.46,0.88
18153,-0.04,0.46,0.89
18163,-0.04,0.46,0.89
18173,-0.04,0.46,0.89
18182,-0.04,0.45,0.89
18192,-0.04,0.46,0.89
18201,-0.04,0.46,0.88
18211,-0.04,0.46,0.88
18221,-0.04,0.46,0.88
18230,-0.03,0.45,0.87
18240,-0.03,0.45,0.88
18250,-0.04,0.46,0.88
18259,-0.04,0.46,0.88
18269,-0.04,0.46,0.88
18278,-0.03,0.46,0.88
18288,-0.04,0.46,0.89
18298,-0.04,0.46,0.89
18307,-0.04,0.45,0.89
18317,-0.04,0.45,0.89
18326,-0.04,0.45,0.88
18336,-0.04,0.45,0.88
18346,-0.03,0.46,0.88
18355,-0.03,0.47,0.88
18365,-0.03,0.47,0.88
18375,-0.04,0.46,0.88
18384,-0.04,0.46,0.88
18394,-0.04,0.46,0.88
18403,-0.04,0.46,0.89
18413,-0.04,0.45,0.89
18423,-0.04,0.45,0.89
18432,-0.04,0.45,0.89
18442,-0.04,0.45,0.89
18451,-0.04,0.45,0.89
18461,-0.04,0.45,0.88
18471,-0.04,0.46,0.88
18480,-0.04,0.47,0.87
18490,-0.04,0.47,0.87
18500,-0.03,0.47,0.88
18509,-0.03,0.47,0.88
18519,-0.03,0.47,0.88
18528,-0.03,0.46,0.88
18538,-0.04,0.46,0.88
18548,-0.04,0.45,0.88
18557,-0.04,0.46,0.89
18567,-0.04,0.46,0.89
18576,-0.04,0.46,0.89
18586,-0.04,0.46,0.89
18596,-0.03,0.46,0.88
18605,-0.03,0.46,0.88
18615,-0.03,0.45,0.88
18625,-0.03,0.45,0.88
18634,-0.03,0.46,0.88
18644,-0.04,0.46,0.88
18653,-0.04,0.46,0.88
18663,-0.04,0.46,0.89
18673,-0.04,0.47,0.89
18682,-0.04,0.47,0.89
18692,-0.04,0.47,0.89
18701,-0.04,0.46,0.90
18711,-0.04,0.46,0.90
18721,-0.04,0.45,0.90
18730,-0.04,0.45,0.89
18740,-0.03,0.45,0.88
18750,-0.03,0.45,0.88
18759,-0.03,0.45,0.88
18769,-0.03,0.45,0.88
18778,-0.03,0.46,0.88
18788,-0.03,0.46,0.88
18798,-0.02,0.47,0.87
18807,-0.02,0.47,0.87
18817,-0.02,0.47,0.87
18826,-0.02,0.47,0.87
18836,-0.02,0.46,0.87
18846,-0.02,0.46,0.88
18855,-0.03,0.46,0.89
18865,-0.03,0.45,0.89
18875,-0.03,0.45,0.89
18884,-0.03,0.45,0.88
18894,-0.03,0.45,0.88
18903,-0.03,0.45,0.88
18913,-0.03,0.46,0.88
18923,-0.03,0.46,0.88
18932,-0.03,0.46,0.88
18942,-0.03,0.46,0.89
18951,-0.03,0.46,0.89
18961,-0.03,0.46,0.88
18971,-0.03,0.46,0.88
18980,-0.02,0.46,0.88
18990,-0.02,0.46,0.88
19000,-0.02,0.45,0.88
19009,-0.02,0.45,0.89
19019,-0.02,0.45,0.89
19028,-0.03,0.45,0.90
19038,-0.03,0.45,0.90
19048,-0.03,0.44,0.90
19057,-0.03,0.44,0.89
19067,-0.03,0.45,0.89
19076,-0.02,0.45,0.90
19086,-0.01,0.45,0.89
19096,-0.01,0.45,0.89
19105,-0.00,0.45,0.89
19115,-0.00,0.44,0.90
19125,-0.01,0.43,0.89
19134,-0.01,0.43,0.89
19144,-0.02,0.44,0.89
19153,-0.02,0.44,0.89
19163,-0.02,0.45,0.88
19173,-0.02,0.46,0.88
19182,-0.02,0.47,0.88
19192,-0.03,0.47,0.87
19201,-0.03,0.46,0.87
19211,-0.04,0.46,0.88
19221,-0.04,0.45,0.88
19230,-0.04,0.45,0.88
19240,-0.04,0.45,0.88
19250,-0.04,0.45,0.89
19259,-0.03,0.46,0.89
19269,-0.03,0.46,0.88
19278,-0.03,0.46,0.88
19288,-0.03,0.46,0.89
19298,-0.02,0.45,0.89
19307,-0.02,0.45,0.88
19317,-0.02,0.45,0.89
19326,-0.02,0.46,0.89
19336,-0.02,0.45,0.89
19346,-0.02,0.45,0.89
19355,-0.02,0.45,0.89
19365,-0.03,0.45,0.89
19375,-0.03,0.45,0.89
19384,-0.02,0.46,0.89
19394,-0.02,0.46,0.89
19403,-0.01,0.45,0.88
19413,-0.01,0.44,0.88
19423,-0.00,0.44,0.88
19432,-0.01,0.44,0.88
19442,-0.01,0.44,0.89
19451,-0.01,0.44,0.89
19461,-0.02,0.45,0.90
19471,-0.02,0.45,0.90
19480,-0.02,0.45,0.89
19490,-0.02,0.46,0.89
19500,-0.01,0.45,0.89
19509,-0.01,0.45,0.89
19519,-0.01,0.44,0.89
19528,-0.01,0.43,0.89
19538,-0.01,0.43,0.89
19548,-0.02,0.44,0.89
19557,-0.02,0.45,0.89
19567,-0.02,0.45,0.89
19576,-0.02,0.46,0.89
19586,-0.02,0.45,0.89
19596,-0.02,0.45,0.88
19605,-0.01,0.45,0.88
19615,-0.01,0.45,0.88
19625,-0.01,0.44,0.87
19634,-0.01,0.45,0.87
19644,-0.02,0.45,0.88
19653,-0.03,0.46,0.88
19663,-0.03,0.46,0.89
19673,-0.03,0.46,0.89
19682,-0.03,0.45,0.89
19692,-0.01,0.45,0.89
19701,-0.01,0.45,0.89
19711,-0.01,0.44,0.89
19721,-0.00,0.44,0.89
19730,-0.00,0.44,0.89
19740,-0.00,0.44,0.89
19750,-0.01,0.44,0.89
19759,-0.01,0.44,0.89
19769,-0.02,0.44,0.90
19778,-0.02,0.44,0.90
19788,-0.02,0.44,0.90
19798,-0.02,0.44,0.90
19807,-0.01,0.44,0.89
19817,-0.01,0.44,0.89
19826,-0.00,0.44,0.89
19836,0.00,0.44,0.88
19846,0.00,0.44,0.88
19855,0.00,0.44,0.89
19865,0.00,0.44,0.89
19875,-0.00,0.43,0.89
19884,-0.01,0.43,0.90
19894,-0.01,0.43,0.90
19903,-0.01,0.44,0.90
19913,-0.01,0.44,0.90
19923,-0.01,0.44,0.90
19932,-0.01,0.44,0.89
19942,-0.00,0.44,0.89
19951,-0.01,0.44,0.89
19961,-0.01,0.44,0.89
19971,-0.01,0.44,0.89
19980,-0.01,0.44,0.89
19990,-0.01,0.44,0.89
20000,-0.01,0.44,0.89
20009,-0.01,0.43,0.90
20019,-0.02,0.43,0.90
20028,-0.02,0.43,0.91
20038,-0.02,0.43,0.91
20048,-0.01,0.43,0.90
20057,0.00,0.44,0.88
20067,0.01,0.45,0.88
20076,0.00,0.45,0.88
20086,-0.00,0.44,0.88
20096,-0.01,0.45,0.89
20105,-0.01,0.44,0.89
20115,-0.01,0.44,0.90
20125,-0.01,0.44,0.89
20134,-0.01,0.44,0.89
20144,-0.01,0.44,0.89
20153,-0.01,0.43,0.89
20163,-0.01,0.43,0.90
20173,-0.01,0.44,0.91
20182,-0.01,0.44,0.90
20192,-0.01,0.44,0.90
20201,-0.01,0.43,0.90
20211,-0.01,0.44,0.89
20221,-0.01,0.44,0.90
20230,-0.00,0.44,0.90
20240,0.00,0.44,0.89
20250,0.01,0.45,0.89
20259,0.01,0.44,0.89
20269,0.02,0.43,0.88
20278,0.02,0.43,0.87
20288,0.02,0.44,0.88
20298,0.01,0.44,0.89
20307,0.01,0.44,0.90
20317,0.01,0.44,0.90
20326,0.01,0.44,0.89
20336,0.01,0.44,0.90
20346,0.01,0.43,0.90
20355,0.01,0.43,0.90
20365,0.00,0.43,0.90
20375,0.00,0.43,0.91
20384,0.00,0.43,0.90
20394,0.01,0.44,0.90
20403,0.01,0.44,0.89
20413,0.01,0.44,0.89
20423,0.01,0.44,0.89
20432,0.01,0.44,0.89
20442,0.01,0.44,0.89
20451,0.01,0.44,0.89
20461,0.01,0.44,0.89
20471,0.01,0.43,0.89
20480,0.00,0.44,0.89
20490,0.01,0.44,0.89
20500,0.01,0.44,0.89
20509,0.00,0.44,0.89
20519,0.00,0.44,0.89
20528,-0.00,0.44,0.89
20538,-0.00,0.44,0.90
20548,-0.00,0.44,0.90
20557,0.00,0.43,0.90
20567,0.00,0.43,0.89
20576,-0.00,0.44,0.90
20586,-0.00,0.43,0.90
20596,-0.01,0.43,0.89
20605,-0.01,0.43,0.90
20615,-0.01,0.44,0.90
20625,-0.01,0.44,0.89
20634,-0.01,0.43,0.88
20644,-0.01,0.44,0.89
20653,-0.01,0.44,0.90
20663,-0.01,0.44,0.89
20673,-0.01,0.43,0.89
20682,-0.00,0.43,0.89
20692,-0.00,0.43,0.89
20701,0.00,0.44,0.89
20711,0.01,0.44,0.89
20721,-0.00,0.45,0.89
20730,-0.00,0.44,0.89
20740,-0.01,0.44,0.90
20750,-0.00,0.43,0.90
20759,-0.01,0.43,0.90
20769,-0.00,0.43,0.90
20778,-0.00,0.43,0.89
20788,-0.00,0.44,0.89
20798,-0.00,0.44,0.89
20807,-0.00,0.44,0.89
20817,-0.01,0.44,0.89
20826,-0.00,0.44,0.89
20836,-0.00,0.44,0.89
20846,-0.00,0.44,0.89
20855,-0.00,0.44,0.89
20865,-0.00,0.44,0.89
20875,-0.01,0.44,0.89
20884,-0.01,0.44,0.90
20894,-0.01,0.44,0.90
20903,-0.02,0.44,0.90
20913,-0.02,0.43,0.90
20923,-0.02,0.43,0.90
20932,-0.01,0.44,0.90
20942,-0.01,0.43,0.89
20951,-0.01,0.43,0.89
20961,-0.02,0.43,0.90
20971,-0.02,0.43,0.90
20980,-0.02,0.43,0.89
20990,-0.02,0.44,0.89
21000,-0.01,0.44,0.89
21009,-0.01,0.44,0.89
21019,-0.01,0.44,0.89
21028,-0.00,0.44,0.89
21038,-0.01,0.44,0.89
21048,-0.01,0.44,0.89
21057,-0.01,0.44,0.89
21067,-0.01,0.44,0.89
21076,-0.01,0.44,0.89
21086,-0.01,0.44,0.90
21096,-0.01,0.43,0.90
21105,-0.01,0.43,0.90
21115,-0.01,0.43,0.90
21125,-0.01,0.44,0.89
21134,-0.01,0.44,0.89
21144,-0.01,0.44,0.89
21153,-0.01,0.44,0.89
21163,-0.01,0.45,0.89
21173,-0.01,0.44,0.89
21182,-0.01,0.44,0.89
21192,-0.01,0.44,0.89
21201,-0.02,0.44,0.89
21211,-0.02,0.44,0.89
21221,-0.01,0.44,0.89
21230,-0.01,0.44,0.89
21240,-0.01,0.44,0.89
21250,-0.01,0.44,0.89
21259,-0.01,0.44,0.89
21269,-0.02,0.43,0.89
21278,-0.02,0.43,0.90
21288,-0.02,0.44,0.90
21298,-0.02,0.44,0.90
21307,-0.02,0.43,0.90
21317,-0.02,0.44,0.90
21326,-0.02,0.43,0.90
21336,-0.02,0.43,0.90
21346,-0.01,0.43,0.89
21355,-0.02,0.43,0.89
21365,-0.02,0.44,0.90
21375,-0.01,0.44,0.89
21384,-0.02,0.44,0.88
21394,-0.02,0.44,0.88
21403,-0.02,0.44,0.89
21413,-0.01,0.44,0.90
21423,-0.01,0.44,0.89
21432,-0.01,0.43,0.89
21442,-0.01,0.43,0.89
21451,-0.01,0.43,0.89
21461,-0.01,0.44,0.89
21471,-0.01,0.44,0.89
21480,-0.01,0.44,0.90
21490,-0.01,0.44,0.90
21500,-0.01,0.43,0.90
21509,-0.01,0.43,0.90
21519,-0.01,0.43,0.90
21528,-0.01,0.43,0.90
21538,-0.01,0.43,0.90
21548,-0.01,0.43,0.89
21557,-0.01,0.43,0.89
21567,-0.01,0.44,0.89
21576,-0.01,0.44,0.89
21586,-0.01,0.44,0.89
21596,-0.01,0.44,0.89
21605,-0.01,0.44,0.89
21615,-0.01,0.44,0.89
21625,-0.01,0.44,0.89
21634,-0.02,0.44,0.89
21644,-0.02,0.44,0.89
21653,-0.01,0.43,0.89
21663,-0.01,0.43,0.89
21673,-0.01,0.43,0.89
21682,-0.01,0.45,0.90
21692,-0.01,0.44,0.89
21701,-0.00,0.43,0.88
21711,-0.01,0.43,0.89
21721,-0.01,0.44,0.89
21730,-0.01,0.44,0.89
21740,-0.02,0.44,0.89
21750,-0.02,0.45,0.89
21759,-0.01,0.44,0.89
21769,-0.01,0.44,0.89
21778,-0.01,0.43,0.90
21788,-0.01,0.43,0.90
21798,-0.01,0.43,0.90
21807,-0.01,0.43,0.90
21817,-0.01,0.44,0.90
21826,-0.01,0.44,0.89
21836,-0.01,0.44,0.89
21846,-0.01,0.44,0.89
21855,-0.01,0.44,0.89
21865,-0.01,0.44,0.89
21875,-0.01,0.44,0.89
21884,-0.01,0.45,0.89
21894,-0.01,0.45,0.89
21903,-0.01,0.45,0.89
21913,-0.01,0.44,0.89
21923,-0.01,0.44,0.89
21932,-0.01,0.44,0.89
21942,-0.01,0.44,0.89
21951,-0.01,0.44,0.89
21961,-0.01,0.44,0.89
21971,-0.01,0.44,0.89
21980,-0.01,0.44,0.89
21990,-0.01,0.44,0.89
22000,-0.01,0.43,0.89
22009,-0.02,0.43,0.89
22019,-0.01,0.44,0.89
22028,-0.01,0.44,0.89
22038,-0.01,0.44,0.89
22048,-0.01,0.44,0.89
22057,-0.01,0.43,0.89
22067,-0.01,0.43,0.89
22076,-0.01,0.44,0.89
22086,-0.01,0.44,0.89
22096,-0.01,0.44,0.89
22105,-0.01,0.44,0.89
22115,-0.01,0.43,0.89
22125,-0.01,0.42,0.89
22134,-0.02,0.43,0.89
22144,-0.01,0.44,0.89
22153,-0.01,0.43,0.88
22163,-0.02,0.43,0.88
22173,-0.02,0.44,0.89
22182,-0.01,0.44,0.89
22192,-0.01,0.43,0.89
22201,-0.01,0.43,0.89
22211,-0.02,0.42,0.89
22221,-0.01,0.42,0.89
22230,-0.01,0.42,0.90
22240,-0.00,0.42,0.91
22250,0.00,0.42,0.91
22259,-0.00,0.42,0.90
22269,-0.00,0.42,0.90
22278,0.00,0.42,0.91
22288,0.00,0.42,0.91
22298,0.00,0.42,0.91
22307,0.00,0.41,0.91
22317,0.00,0.41,0.91
22326,0.00,0.41,0.90
22336,0.01,0.41,0.90
22346,0.01,0.42,0.90
22355,0.01,0.42,0.90
22365,0.00,0.42,0.90
22375,0.00,0.42,0.90
22384,0.00,0.42,0.90
22394,-0.00,0.42,0.90
22403,-0.00,0.42,0.91
22413,-0.01,0.41,0.90
22423,0.00,0.41,0.90
22432,-0.00,0.40,0.91
22442,-0.01,0.41,0.92
22451,-0.01,0.41,0.92
22461,-0.01,0.41,0.91
22471,-0.01,0.41,0.91
22480,-0.01,0.41,0.91
22490,-0.00,0.41,0.91
22500,-0.00,0.41,0.91
22509,-0.00,0.40,0.91
22519,-0.00,0.40,0.90
22528,0.00,0.40,0.90
22538,0.01,0.41,0.90
22548,0.01,0.41,0.90
22557,0.01,0.42,0.91
22567,0.00,0.42,0.91
22576,0.00,0.42,0.91
22586,-0.00,0.41,0.92
22596,0.00,0.41,0.92
22605,0.00,0.40,0.91
22615,-0.00,0.40,0.91
22625,-0.00,0.40,0.91
22634,0.00,0.41,0.91
22644,0.00,0.41,0.90
22653,0.00,0.41,0.90
22663,0.01,0.41,0.90
22673,0.00,0.41,0.90
22682,-0.00,0.41,0.90
22692,-0.00,0.41,0.90
22701,-0.00,0.41,0.91
22711,0.00,0.42,0.91
22721,0.01,0.42,0.90
22730,0.00,0.41,0.90
22740,0.00,0.41,0.91
22750,-0.00,0.41,0.91
22759,-0.00,0.41,0.91
22769,-0.00,0.41,0.91
22778,-0.00,0.41,0.91
22788,-0.00,0.41,0.91
22798,0.00,0.41,0.91
22807,0.00,0.41,0.91
22817,-0.00,0.42,0.91
22826,-0.00,0.41,0.91
22836,-0.01,0.41,0.91
22846,-0.01,0.41,0.91
22855,-0.01,0.41,0.91
22865,-0.01,0.41,0.91
22875,-0.01,0.41,0.91
22884,-0.01,0.41,0.91
22894,-0.00,0.41,0.90
22903,-0.00,0.41,0.90
22913,-0.01,0.41,0.90
22923,-0.01,0.42,0.90
22932,-0.01,0.42,0.90
22942,-0.01,0.42,0.90
22951,-0.01,0.42,0.90
22961,-0.01,0.42,0.91
22971,-0.01,0.42,0.91
22980,-0.01,0.41,0.90
22990,-0.01,0.41,0.91
23000,-0.01,0.41,0.91
23009,-0.01,0.41,0.90
23019,-0.01,0.41,0.90
23028,-0.01,0.41,0.90
23038,-0.01,0.42,0.89
23048,-0.01,0.42,0.89
23057,-0.01,0.42,0.90
23067,-0.01,0.42,0.90
23076,-0.01,0.42,0.90
23086,-0.01,0.42,0.90
23096,-0.01,0.42,0.89
23105,-0.01,0.42,0.90
23115,-0.01,0.42,0.91
23125,-0.01,0.42,0.91
23134,-0.02,0.41,0.91
23144,-0.02,0.40,0.92
23153,-0.02,0.40,0.92
23163,-0.02,0.40,0.91
23173,-0.02,0.41,0.91
23182,-0.02,0.41,0.91
23192,-0.01,0.41,0.91
23201,-0.01,0.41,0.91
23211,-0.01,0.41,0.91
23221,-0.02,0.41,0.91
23230,-0.02,0.40,0.91
23240,-0.02,0.41,0.91
23250,-0.03,0.40,0.91
23259,-0.03,0.41,0.91
23269,-0.03,0.41,0.92
23278,-0.03,0.41,0.92
23288,-0.02,0.41,0.91
23298,-0.02,0.40,0.91
23307,-0.02,0.40,0.91
23317,-0.02,0.40,0.91
23326,-0.02,0.40,0.90
23336,-0.02,0.40,0.91
23346,-0.02,0.40,0.91
23355,-0.02,0.40,0.91
23365,-0.02,0.40,0.91
23375,-0.03,0.40,0.91
23384,-0.03,0.40,0.92
23394,-0.04,0.41,0.92
23403,-0.03,0.41,0.92
23413,-0.03,0.41,0.91
23423,-0.03,0.41,0.91
23432,-0.03,0.41,0.91
23442,-0.02,0.40,0.90
23451,-0.02,0.40,0.90
23461,-0.02,0.40,0.91
23471,-0.02,0.40,0.91
23480,-0.03,0.41,0.91
23490,-0.03,0.41,0.91
23500,-0.03,0.41,0.90
23509,-0.02,0.41,0.90
23519,-0.02,0.41,0.90
23528,-0.02,0.42,0.90
23538,-0.02,0.41,0.90
23548,-0.02,0.41,0.90
23557,-0.03,0.41,0.90
23567,-0.03,0.41,0.90
23576,-0.03,0.41,0.90
23586,-0.03,0.41,0.91
23596,-0.03,0.41,0.91
23605,-0.03,0.41,0.91
23615,-0.03,0.41,0.91
23625,-0.03,0.41,0.91
23634,-0.03,0.40,0.91
23644,-0.03,0.40,0.91
23653,-0.03,0.41,0.91
23663,-0.03,0.41,0.91
23673,-0.03,0.41,0.91
23682,-0.03,0.41,0.91
23692,-0.03,0.41,0.91
23701,-0.03,0.41,0.90
23711,-0.03,0.41,0.90
23721,-0.03,0.41,0.90
23730,-0.03,0.41,0.91
23740,-0.04,0.41,0.91
23750,-0.04,0.41,0.91
23759,-0.04,0.41,0.91
23769,-0.03,0.42,0.91
23778,-0.03,0.41,0.91
23788,-0.03,0.41,0.90
23798,-0.03,0.41,0.91
23807,-0.03,0.40,0.91
23817,-0.03,0.40,0.90
23826,-0.03,0.41,0.91
23836,-0.03,0.41,0.91
23846,-0.04,0.41,0.91
23855,-0.04,0.42,0.91
23865,-0.04,0.42,0.91
23875,-0.04,0.42,0.90
23884,-0.04,0.42,0.90
23894,-0.03,0.41,0.90
23903,-0.03,0.41,0.90
23913,-0.03,0.40,0.90
23923,-0.03,0.41,0.90
23932,-0.03,0.41,0.90
23942,-0.04,0.42,0.90
23951,-0.04,0.42,0.90
23961,-0.04,0.42,0.90
23971,-0.03,0.42,0.90
23980,-0.04,0.42,0.91
23990,-0.04,0.41,0.91
24000,-0.04,0.41,0.91
24009,-0.04,0.41,0.91
24019,-0.04,0.41,0.91
24028,-0.05,0.41,0.91
24038,-0.04,0.41,0.91
24048,-0.04,0.41,0.91
24057,-0.04,0.41,0.90
24067,-0.04,0.41,0.90
24076,-0.04,0.41,0.90
24086,-0.04,0.42,0.90
24096,-0.04,0.42,0.90
24105,-0.04,0.42,0.90
24115,-0.04,0.42,0.90
24125,-0.04,0.42,0.89
24134,-0.04,0.43,0.90
24144,-0.04,0.43,0.90
24153,-0.04,0.42,0.90
24163,-0.04,0.41,0.91
24173,-0.04,0.40,0.91
24182,-0.04,0.40,0.91
24192,-0.04,0.41,0.90
24201,-0.04,0.41,0.90
24211,-0.04,0.42,0.90
24221,-0.04,0.42,0.90
24230,-0.04,0.42,0.90
24240,-0.04,0.42,0.90
24250,-0.04,0.42,0.90
24259,-0.04,0.42,0.91
24269,-0.04,0.42,0.91
24278,-0.04,0.42,0.91
24288,-0.05,0.41,0.91
24298,-0.05,0.41,0.91
24307,-0.05,0.40,0.91
24317,-0.05,0.41,0.91
24326,-0.05,0.41,0.91
24336,-0.04,0.41,0.90
24346,-0.04,0.42,0.90
24355,-0.04,0.42,0.90
24365,-0.04,0.42,0.90
24375,-0.04,0.41,0.90
24384,-0.04,0.41,0.90
24394,-0.05,0.41,0.90
24403,-0.04,0.41,0.90
24413,-0.04,0.42,0.90
24423,-0.04,0.42,0.90
24432,-0.04,0.42,0.90
24442,-0.04,0.42,0.90
24451,-0.04,0.41,0.90
24461,-0.04,0.41,0.91
24471,-0.05,0.41,0.91
24480,-0.05,0.41,0.91
24490,-0.05,0.41,0.91
24500,-0.05,0.41,0.91
24509,-0.05,0.41,0.90
24519,-0.05,0.41,0.90
24528,-0.04,0.41,0.90
24538,-0.05,0.41,0.90
24548,-0.05,0.42,0.90
24557,-0.05,0.42,0.90
24567,-0.05,0.42,0.90
24576,-0.05,0.42,0.90
24586,-0.05,0.42,0.90
24596,-0.04,0.42,0.90
24605,-0.04,0.42,0.90
24615,-0.04,0.41,0.90
24625,-0.04,0.41,0.90
24634,-0.05,0.41,0.91
24644,-0.05,0.41,0.91
24653,-0.05,0.41,0.91
24663,-0.05,0.41,0.90
24673,-0.05,0.42,0.90
24682,-0.04,0.42,0.90
24692,-0.04,0.42,0.90
24701,-0.04,0.42,0.90
24711,-0.04,0.42,0.90
24721,-0.04,0.42,0.90
24730,-0.05,0.42,0.90
24740,-0.05,0.42,0.90
24750,-0.05,0.42,0.90
24759,-0.05,0.42,0.90
24769,-0.05,0.42,0.90
24778,-0.05,0.42,0.90
24788,-0.05,0.42,0.90
24798,-0.04,0.42,0.90
24807,-0.04,0.42,0.90
24817,-0.05,0.41,0.90
24826,-0.05,0.41,0.90
24836,-0.05,0.41,0.91
24846,-0.05,0.42,0.91
24855,-0.05,0.42,0.91
24865,-0.05,0.42,0.91
24875,-0.05,0.41,0.90
24884,-0.05,0.41,0.90
24894,-0.05,0.41,0.90
24903,-0.05,0.41,0.90
24913,-0.05,0.42,0.90
24923,-0.05,0.42,0.90
24932,-0.05,0.42,0.90
24942,-0.05,0.42,0.90
24951,-0.05,0.42,0.90
24961,-0.05,0.42,0.90
24971,-0.05,0.42,0.90
24980,-0.05,0.42,0.90
24990,-0.05,0.42,0.90
25000,-0.05,0.42,0.91
25009,-0.05,0.42,0.91
25019,-0.05,0.41,0.91
25028,-0.05,0.41,0.90
25038,-0.05,0.41,0.90
25048,-0.05,0.41,0.90
25057,-0.05,0.42,0.90
25067,-0.05,0.42,0.90
25076,-0.05,0.42,0.90
25086,-0.05,0.42,0.90
25096,-0.05,0.42,0.90
25105,-0.05,0.42,0.91
25115,-0.05,0.42,0.91
25125,-0.05,0.42,0.91
25134,-0.06,0.41,0.91
25144,-0.05,0.41,0.91
25153,-0.05,0.41,0.91
25163,-0.05,0.41,0.91
25173,-0.06,0.41,0.91
25182,-0.06,0.41,0.91
25192,-0.06,0.42,0.91
25201,-0.05,0.42,0.90
25211,-0.05,0.42,0.90
25221,-0.05,0.42,0.89
25230,-0.05,0.42,0.89
25240,-0.04,0.42,0.89
25250,-0.04,0.42,0.90
25259,-0.05,0.42,0.90
25269,-0.05,0.42,0.90
25278,-0.05,0.42,0.90
25288,-0.05,0.42,0.90
25298,-0.05,0.42,0.91
25307,-0.05,0.42,0.90
25317,-0.05,0.41,0.90
25326,-0.05,0.41,0.90
25336,-0.05,0.41,0.91
25346,-0.05,0.42,0.91
25355,-0.05,0.42,0.90
25365,-0.05,0.42,0.90
25375,-0.05,0.41,0.90
25384,-0.05,0.42,0.90
25394,-0.05,0.42,0.90
25403,-0.05,0.42,0.90
25413,-0.05,0.42,0.90
25423,-0.05,0.42,0.90
25432,-0.05,0.42,0.91
25442,-0.05,0.42,0.90
25451,-0.05,0.41,0.90
25461,-0.05,0.41,0.91
25471,-0.05,0.41,0.91
25480,-0.05,0.41,0.91
25490,-0.05,0.42,0.91
25500,-0.05,0.42,0.90
25509,-0.05,0.43,0.90
25519,-0.05,0.43,0.90
25528,-0.05,0.42,0.90
25538,-0.05,0.42,0.90
25548,-0.06,0.42,0.90
25557,-0.05,0.42,0.90
25567,-0.05,0.42,0.90
25576,-0.04,0.43,0.90
25586,-0.04,0.42,0.90
25596,-0.04,0.42,0.91
25605,-0.05,0.41,0.91
25615,-0.05,0.41,0.91
25625,-0.06,0.42,0.91
25634,-0.05,0.42,0.92
25644,-0.05,0.42,0.92
25653,-0.05,0.42,0.91
25663,-0.05,0.42,0.91
25673,-0.04,0.41,0.91
25682,-0.04,0.41,0.90
25692,-0.04,0.41,0.90
25701,-0.04,0.42,0.90
25711,-0.04,0.42,0.89
25721,-0.04,0.43,0.89
25730,-0.03,0.44,0.89
25740,-0.03,0.44,0.89
25750,-0.03,0.44,0.89
25759,-0.03,0.44,0.89
25769,-0.03,0.44,0.88
25778,-0.03,0.43,0.89
25788,-0.03,0.43,0.89
25798,-0.03,0.43,0.89
25807,-0.04,0.43,0.90
25817,-0.04,0.43,0.91
25826,-0.04,0.43,0.91
25836,-0.04,0.42,0.91
25846,-0.03,0.42,0.90
25855,-0.03,0.42,0.90
25865,-0.03,0.42,0.90
25875,-0.03,0.42,0.90
25884,-0.03,0.42,0.90
25894,-0.02,0.43,0.90
25903,-0.02,0.43,0.90
25913,-0.03,0.43,0.90
25923,-0.03,0.43,0.90
25932,-0.03,0.43,0.90
25942,-0.03,0.42,0.90
25951,-0.03,0.43,0.90
25961,-0.03,0.42,0.90
25971,-0.03,0.42,0.91
25980,-0.03,0.43,0.91
25990,-0.03,0.43,0.90
26000,-0.03,0.43,0.90
26009,-0.02,0.43,0.90
26019,-0.02,0.43,0.89
26028,-0.02,0.43,0.89
26038,-0.02,0.43,0.89
26048,-0.02,0.43,0.89
26057,-0.02,0.43,0.89
26067,-0.02,0.43,0.90
26076,-0.02,0.43,0.89
26086,-0.02,0.44,0.90
26096,-0.02,0.44,0.90
26105,-0.01,0.43,0.90
26115,-0.02,0.42,0.90
26125,-0.02,0.42,0.91
26134,-0.02,0.42,0.91
26144,-0.02,0.41,0.91
26153,-0.02,0.42,0.91
26163,-0.02,0.42,0.90
26173,-0.02,0.42,0.90
26182,-0.01,0.43,0.90
26192,-0.01,0.43,0.89
26201,-0.01,0.43,0.89
26211,-0.00,0.43,0.89
26221,0.00,0.43,0.89
26230,-0.00,0.42,0.89
26240,-0.01,0.42,0.89
26250,-0.01,0.43,0.89
26259,-0.00,0.43,0.89
26269,-0.00,0.43,0.89
26278,-0.00,0.43,0.89
26288,-0.00,0.43,0.89
26298,-0.00,0.43,0.90
26307,-0.01,0.42,0.90
26317,-0.01,0.42,0.90
26326,-0.01,0.43,0.91
26336,-0.01,0.42,0.90
26346,-0.00,0.42,0.90
26355,-0.00,0.42,0.90
26365,-0.01,0.42,0.90
26375,-0.00,0.42,0.90
26384,0.00,0.42,0.89
26394,-0.00,0.42,0.90
26403,-0.00,0.42,0.90
26413,-0.00,0.43,0.91
26423,-0.01,0.43,0.91
26432,-0.00,0.43,0.90
26442,0.00,0.43,0.90
26451,0.00,0.43,0.90
26461,-0.00,0.42,0.90
26471,-0.00,0.42,0.90
26480,0.00,0.42,0.90
26490,0.00,0.42,0.89
26500,0.00,0.42,0.90
26509,0.00,0.42,0.89
26519,0.00,0.43,0.89
26528,0.00,0.43,0.90
26538,-0.00,0.43,0.90
26548,-0.00,0.43,0.90
26557,0.00,0.43,0.90
26567,0.00,0.43,0.90
26576,0.01,0.43,0.90
26586,0.01,0.42,0.89
26596,0.00,0.42,0.90
26605,0.00,0.43,0.91
26615,0.00,0.42,0.90
26625,0.01,0.42,0.90
26634,0.01,0.42,0.90
26644,0.00,0.42,0.90
26653,0.00,0.42,0.90
26663,0.00,0.42,0.90
26673,0.00,0.42,0.90
26682,0.00,0.42,0.90
26692,0.00,0.43,0.90
26701,-0.00,0.43,0.90
26711,-0.01,0.43,0.90
26721,-0.01,0.43,0.90
26730,-0.01,0.43,0.90
26740,-0.01,0.43,0.90
26750,0.00,0.43,0.90
26759,0.01,0.43,0.90
26769,0.01,0.43,0.89
26778,0.02,0.42,0.89
26788,0.02,0.42,0.89
26798,0.02,0.42,0.90
26807,0.01,0.44,0.89
26817,0.02,0.44,0.88
26826,0.03,0.44,0.88
26836,0.02,0.44,0.89
26846,0.02,0.43,0.89
26855,0.01,0.43,0.90
26865,0.01,0.43,0.90
26875,0.01,0.43,0.90
26884,0.01,0.43,0.90
26894,0.00,0.43,0.90
26903,-0.00,0.43,0.90
26913,0.00,0.42,0.90
26923,-0.00,0.42,0.90
26932,-0.00,0.42,0.89
26942,0.00,0.43,0.89
26951,-0.00,0.43,0.89
26961,-0.00,0.44,0.89
26971,-0.00,0.43,0.90
26980,-0.01,0.43,0.90
26990,-0.01,0.43,0.90
27000,-0.01,0.43,0.89
27009,-0.01,0.42,0.89
27019,-0.02,0.43,0.89
27028,-0.02,0.44,0.90
27038,-0.01,0.43,0.90
27048,-0.02,0.43,0.89
27057,-0.01,0.43,0.89
27067,-0.01,0.43,0.90
27076,-0.01,0.42,0.89
27086,-0.00,0.43,0.89
27096,-0.01,0.43,0.90
27105,-0.01,0.43,0.90
27115,-0.00,0.43,0.90
27125,-0.01,0.43,0.90
27134,-0.01,0.43,0.90
27144,-0.01,0.43,0.90
27153,-0.00,0.43,0.90
27163,-0.01,0.43,0.90
27173,-0.01,0.43,0.90
27182,-0.00,0.43,0.90
27192,-0.00,0.43,0.90
27201,-0.00,0.43,0.90
27211,-0.00,0.43,0.90
27221,-0.00,0.43,0.89
27230,-0.00,0.44,0.89
27240,0.00,0.44,0.89
27250,-0.00,0.44,0.89
27259,-0.01,0.44,0.89
27269,-0.01,0.43,0.90
27278,-0.00,0.43,0.89
27288,0.00,0.44,0.89
27298,0.00,0.44,0.89
27307,0.00,0.44,0.89
27317,0.00,0.43,0.88
27326,-0.01,0.43,0.89
27336,-0.01,0.44,0.90
27346,-0.01,0.45,0.90
27355,-0.00,0.45,0.89
27365,0.01,0.44,0.89
27375,0.01,0.43,0.88
27384,0.00,0.43,0.89
27394,0.01,0.43,0.89
27403,0.01,0.44,0.89
27413,0.01,0.44,0.89
27423,0.00,0.44,0.90
27432,-0.00,0.43,0.90
27442,-0.00,0.43,0.90
27451,-0.00,0.43,0.90
27461,-0.00,0.43,0.90
27471,-0.01,0.43,0.90
27480,-0.01,0.43,0.90
27490,-0.01,0.43,0.89
27500,-0.00,0.43,0.89
27509,-0.00,0.44,0.89
27519,0.00,0.44,0.89
27528,0.00,0.43,0.88
27538,-0.01,0.44,0.89
27548,-0.01,0.44,0.89
27557,-0.01,0.44,0.89
27567,-0.01,0.44,0.88
27576,-0.01,0.43,0.89
27586,-0.01,0.43,0.89
27596,-0.01,0.43,0.89
27605,-0.01,0.43,0.89
27615,-0.01,0.43,0.89
27625,-0.01,0.44,0.89
27634,-0.00,0.44,0.89
27644,-0.01,0.43,0.89
27653,-0.01,0.43,0.90
27663,-0.01,0.42,0.90
27673,-0.01,0.42,0.90
27682,-0.00,0.43,0.91
27692,-0.00,0.43,0.91
27701,-0.01,0.43,0.90
27711,-0.01,0.43,0.90
27721,0.00,0.42,0.89
27730,0.00,0.42,0.88
27740,-0.00,0.42,0.89
27750,-0.00,0.44,0.89
27759,-0.00,0.43,0.89
27769,-0.00,0.43,0.88
27778,-0.01,0.43,0.89
27788,-0.01,0.44,0.90
27798,-0.01,0.43,0.90
27807,-0.00,0.43,0.90
27817,-0.00,0.42,0.89
27826,-0.00,0.42,0.90
27836,-0.00,0.42,0.90
27846,-0.00,0.42,0.90
27855,-0.01,0.42,0.90
27865,-0.01,0.42,0.90
27875,-0.01,0.42,0.91
27884,-0.01,0.42,0.91
27894,-0.01,0.43,0.90
27903,-0.00,0.42,0.90
27913,0.00,0.43,0.89
27923,0.00,0.43,0.89
27932,-0.00,0.43,0.89
27942,0.00,0.43,0.89
27951,-0.00,0.43,0.90
27961,-0.01,0.43,0.89
27971,-0.00,0.43,0.88
27980,0.00,0.43,0.89
27990,-0.00,0.43,0.90
28000,-0.00,0.43,0.90
28009,-0.00,0.42,0.90
28019,-0.01,0.42,0.90
28028,-0.00,0.42,0.90
28038,0.00,0.41,0.90
28048,-0.00,0.41,0.91
28057,-0.01,0.42,0.92
28067,-0.01,0.43,0.91
28076,0.00,0.42,0.90
28086,0.00,0.42,0.89
28096,-0.00,0.43,0.89
28105,-0.01,0.43,0.89
28115,-0.00,0.43,0.89
28125,-0.00,0.44,0.89
28134,-0.00,0.44,0.89
28144,-0.00,0.44,0.89
28153,-0.00,0.43,0.89
28163,-0.00,0.43,0.89
28173,-0.01,0.43,0.89
28182,-0.01,0.43,0.90
28192,-0.01,0.42,0.90
28201,-0.01,0.42,0.90
28211,-0.00,0.42,0.90
28221,-0.00,0.42,0.89
28230,-0.00,0.42,0.89
28240,-0.00,0.43,0.89
28250,0.00,0.43,0.89
28259,0.00,0.43,0.89
28269,0.00,0.43,0.89
28278,-0.00,0.43,0.89
28288,-0.00,0.42,0.89
28298,-0.00,0.42,0.89
28307,-0.00,0.42,0.89
28317,-0.00,0.42,0.89
28326,-0.00,0.42,0.89
28336,0.00,0.42,0.89
28346,0.00,0.42,0.90
28355,0.00,0.42,0.90
28365,0.00,0.42,0.90
28375,-0.00,0.42,0.90
28384,0.00,0.42,0.90
28394,0.00,0.42,0.89
28403,0.00,0.41,0.89
28413,0.01,0.41,0.90
28423,0.00,0.41,0.90
28432,0.00,0.41,0.89
28442,0.00,0.42,0.90
28451,-0.00,0.41,0.90
28461,0.00,0.41,0.90
28471,0.01,0.40,0.90
28480,0.01,0.40,0.89
28490,0.00,0.42,0.90
28500,0.00,0.42,0.92
28509,0.00,0.41,0.92
28519,-0.00,0.41,0.91
28528,-0.00,0.40,0.91
28538,0.01,0.41,0.91
28548,0.02,0.42,0.91
28557,0.03,0.42,0.90
28567,0.03,0.42,0.89
28576,0.02,0.41,0.89
28586,0.02,0.41,0.89
28596,0.02,0.41,0.90
28605,0.02,0.41,0.90
28615,0.02,0.40,0.90
28625,0.02,0.41,0.90
28634,0.02,0.41,0.90
28644,0.02,0.41,0.91
28653,0.02,0.41,0.91
28663,0.02,0.41,0.91
28673,0.02,0.41,0.91
28682,0.01,0.41,0.91
28692,0.01,0.40,0.91
28701,0.01,0.40,0.91
28711,0.01,0.40,0.91
28721,0.01,0.39,0.91
28730,0.01,0.40,0.90
28740,0.01,0.40,0.91
28750,0.01,0.41,0.91
28759,0.01,0.41,0.91
28769,0.01,0.41,0.91
28778,0.01,0.41,0.90
28788,0.02,0.40,0.91
28798,0.02,0.40,0.91
28807,0.02,0.40,0.91
28817,0.02,0.39,0.90
28826,0.02,0.39,0.90
28836,0.01,0.39,0.90
28846,0.01,0.40,0.91
28855,0.00,0.40,0.91
28865,0.00,0.40,0.91
28875,0.00,0.40,0.91
28884,0.01,0.40,0.91
28894,0.01,0.40,0.91
28903,0.01,0.40,0.91
28913,0.01,0.39,0.92
28923,0.00,0.39,0.92
28932,-0.00,0.39,0.92
28942,-0.01,0.39,0.92
28951,-0.01,0.40,0.92
28961,-0.00,0.40,0.92
28971,0.00,0.40,0.91
28980,0.01,0.40,0.91
28990,0.01,0.39,0.90
29000,0.01,0.39,0.91
29009,0.00,0.39,0.92
29019,0.00,0.40,0.91
29028,-0.00,0.40,0.91
29038,-0.00,0.41,0.90
29048,0.00,0.41,0.90
29057,0.01,0.42,0.90
29067,0.01,0.42,0.90
29076,0.01,0.41,0.90
29086,0.00,0.41,0.90
29096,-0.00,0.41,0.91
29105,-0.01,0.41,0.91
29115,-0.01,0.40,0.91
29125,-0.01,0.40,0.91
29134,-0.01,0.40,0.92
29144,-0.01,0.40,0.91
29153,-0.01,0.40,0.91
29163,-0.01,0.40,0.91
29173,-0.00,0.40,0.91
29182,-0.01,0.39,0.91
29192,-0.01,0.40,0.91
29201,-0.01,0.40,0.92
29211,-0.01,0.40,0.92
29221,-0.01,0.39,0.92
29230,-0.01,0.39,0.92
29240,-0.01,0.39,0.91
29250,-0.01,0.40,0.91
29259,-0.01,0.40,0.91
29269,-0.01,0.40,0.90
29278,-0.01,0.40,0.90
29288,-0.01,0.41,0.90
29298,-0.01,0.40,0.90
29307,-0.01,0.40,0.90
29317,-0.02,0.40,0.91
29326,-0.02,0.40,0.92
29336,-0.02,0.39,0.92
29346,-0.03,0.39,0.92
29355,-0.02,0.40,0.92
29365,-0.02,0.40,0.91
29375,-0.01,0.40,0.91
29384,-0.01,0.40,0.90
29394,-0.01,0.40,0.90
29403,-0.01,0.40,0.90
29413,-0.01,0.40,0.90
29423,-0.01,0.40,0.91
29432,-0.02,0.40,0.91
29442,-0.01,0.40,0.91
29451,-0.01,0.41,0.91
29461,-0.01,0.41,0.91
29471,-0.01,0.41,0.91
29480,-0.02,0.40,0.91
29490,-0.02,0.40,0.91
29500,-0.02,0.39,0.92
29509,-0.02,0.39,0.91
29519,-0.02,0.40,0.91
29528,-0.02,0.40,0.91
29538,-0.02,0.40,0.90
29548,-0.02,0.40,0.90
29557,-0.02,0.40,0.90
29567,-0.03,0.41,0.90
29576,-0.02,0.41,0.90
29586,-0.02,0.41,0.90
29596,-0.02,0.40,0.90
29605,-0.02,0.40,0.90
29615,-0.02,0.40,0.90
29625,-0.02,0.40,0.91
29634,-0.02,0.40,0.91
29644,-0.03,0.40,0.91
29653,-0.03,0.39,0.91
29663,-0.03,0.39,0.91
29673,-0.03,0.39,0.91
29682,-0.03,0.39,0.91
29692,-0.03,0.39,0.91
29701,-0.03,0.39,0.91
29711,-0.03,0.39,0.91
29721,-0.03,0.38,0.91
29730,-0.03,0.38,0.92
29740,-0.04,0.38,0.92
29750,-0.04,0.38,0.92
29759,-0.04,0.38,0.92
29769,-0.04,0.39,0.92
29778,-0.04,0.39,0.92
29788,-0.04,0.39,0.92
29798,-0.03,0.38,0.92
29807,-0.03,0.38,0.93
29817,-0.03,0.37,0.92
29826,-0.04,0.37,0.92
29836,-0.04,0.37,0.92
29846,-0.04,0.37,0.92
29855,-0.04,0.38,0.92
29865,-0.04,0.38,0.92
29875,-0.03,0.38,0.92
29884,-0.04,0.38,0.92
29894,-0.04,0.38,0.92
29903,-0.04,0.38,0.92
29913,-0.04,0.38,0.92
29923,-0.04,0.38,0.92
29932,-0.04,0.38,0.91
29942,-0.04,0.38,0.91
29951,-0.04,0.38,0.91
29961,-0.04,0.38,0.91
29971,-0.04,0.38,0.92
29980,-0.05,0.38,0.92
29990,-0.05,0.38,0.92
30000,-0.04,0.38,0.92
30009,-0.04,0.38,0.92
30019,-0.04,0.38,0.92
30028,-0.04,0.38,0.92
30038,-0.03,0.38,0.91
30048,-0.03,0.38,0.92
30057,-0.03,0.38,0.92
30067,-0.04,0.38,0.92
30076,-0.04,0.38,0.92
30086,-0.04,0.38,0.92
30096,-0.04,0.37,0.92
30105,-0.04,0.37,0.92
30115,-0.04,0.37,0.92
30125,-0.04,0.38,0.92
30134,-0.05,0.38,0.92
30144,-0.05,0.38,0.92
30153,-0.04,0.38,0.91
30163,-0.04,0.38,0.91
30173,-0.04,0.38,0.92
30182,-0.04,0.38,0.92
30192,-0.04,0.37,0.91
30201,-0.04,0.38,0.92
30211,-0.05,0.38,0.92
30221,-0.05,0.38,0.92
30230,-0.05,0.38,0.92
30240,-0.05,0.38,0.92
30250,-0.04,0.38,0.92
30259,-0.04,0.38,0.92
30269,-0.05,0.37,0.92
30278,-0.05,0.37,0.92
30288,-0.05,0.38,0.92
30298,-0.05,0.38,0.92
30307,-0.05,0.38,0.92
30317,-0.05,0.38,0.92
30326,-0.05,0.38,0.92
30336,-0.05,0.38,0.93
30346,-0.05,0.38,0.93
30355,-0.05,0.38,0.92
30365,-0.05,0.38,0.92
30375,-0.05,0.38,0.92
30384,-0.05,0.38,0.91
30394,-0.05,0.38,0.91
30403,-0.05,0.38,0.91
30413,-0.05,0.39,0.91
30423,-0.05,0.39,0.91
30432,-0.05,0.39,0.91
30442,-0.05,0.40,0.91
30451,-0.05,0.40,0.91
30461,-0.05,0.39,0.91
30471,-0.05,0.39,0.91
30480,-0.05,0.39,0.91
30490,-0.05,0.39,0.91
30500,-0.05,0.39,0.91
30509,-0.04,0.39,0.91
30519,-0.04,0.38,0.91
30528,-0.05,0.38,0.92
30538,-0.05,0.38,0.92
30548,-0.05,0.38,0.92
30557,-0.05,0.38,0.92
30567,-0.05,0.39,0.91
30576,-0.05,0.39,0.91
30586,-0.05,0.39,0.91
30596,-0.05,0.39,0.91
30605,-0.06,0.39,0.92
30615,-0.06,0.40,0.92
30625,-0.06,0.39,0.92
30634,-0.06,0.39,0.92
30644,-0.05,0.38,0.92
30653,-0.05,0.38,0.92
30663,-0.05,0.38,0.91
30673,-0.06,0.38,0.91
30682,-0.06,0.39,0.91
30692,-0.05,0.39,0.91
30701,-0.05,0.40,0.91
30711,-0.05,0.40,0.91
30721,-0.05,0.40,0.91
30730,-0.05,0.39,0.91
30740,-0.05,0.39,0.91
30750,-0.05,0.39,0.91
30759,-0.05,0.39,0.91
30769,-0.05,0.40,0.91
30778,-0.05,0.40,0.91
30788,-0.05,0.40,0.91
30798,-0.05,0.39,0.91
30807,-0.06,0.39,0.91
30817,-0.06,0.39,0.91
30826,-0.05,0.39,0.91
30836,-0.05,0.39,0.91
30846,-0.05,0.39,0.91
30855,-0.05,0.39,0.91
30865,-0.05,0.40,0.91
30875,-0.05,0.39,0.91
30884,-0.05,0.39,0.91
30894,-0.05,0.39,0.91
30903,-0.06,0.39,0.92
30913,-0.06,0.39,0.92
30923,-0.06,0.39,0.91
30932,-0.06,0.39,0.91
30942,-0.06,0.40,0.91
30951,-0.06,0.40,0.91
30961,-0.06,0.40,0.91
30971,-0.06,0.40,0.91
30980,-0.06,0.40,0.91
30990,-0.05,0.39,0.91
31000,-0.05,0.38,0.91
31009,-0.05,0.38,0.91
31019,-0.06,0.39,0.91
31028,-0.06,0.40,0.91
31038,-0.06,0.40,0.91
31048,-0.06,0.41,0.91
31057,-0.06,0.41,0.91
31067,-0.06,0.40,0.91
31076,-0.06,0.39,0.91
31086,-0.05,0.39,0.91
31096,-0.06,0.39,0.91
31105,-0.06,0.39,0.91
31115,-0.06,0.39,0.91
31125,-0.06,0.40,0.91
31134,-0.06,0.40,0.91
31144,-0.06,0.40,0.92
31153,-0.06,0.40,0.92
31163,-0.06,0.40,0.92
31173,-0.06,0.40,0.92
31182,-0.06,0.39,0.92
31192,-0.06,0.39,0.92
31201,-0.06,0.38,0.91
31211,-0.06,0.38,0.91
31221,-0.06,0.39,0.91
31230,-0.06,0.39,0.91
31240,-0.06,0.40,0.91
31250,-0.06,0.41,0.91
31259,-0.05,0.41,0.91
31269,-0.05,0.41,0.91
31278,-0.05,0.41,0.91
31288,-0.05,0.40,0.91
31298,-0.05,0.40,0.92
31307,-0.05,0.39,0.92
31317,-0.06,0.39,0.92
31326,-0.06,0.39,0.92
31336,-0.06,0.40,0.92
31346,-0.06,0.39,0.92
31355,-0.05,0.39,0.91
31365,-0.05,0.39,0.91
31375,-0.05,0.39,0.91
31384,-0.04,0.39,0.91
31394,-0.04,0.39,0.91
31403,-0.04,0.39,0.91
31413,-0.05,0.39,0.91
31423,-0.06,0.39,0.91
31432,-0.06,0.39,0.92
31442,-0.06,0.39,0.92
31451,-0.06,0.40,0.92
31461,-0.06,0.40,0.92
31471,-0.06,0.40,0.92
31480,-0.05,0.40,0.92
31490,-0.05,0.39,0.92
31500,-0.05,0.39,0.91
31509,-0.05,0.39,0.91
31519,-0.05,0.39,0.91
31528,-0.05,0.39,0.91
31538,-0.05,0.39,0.91
31548,-0.04,0.39,0.91
31557,-0.04,0.39,0.91
31567,-0.04,0.39,0.91
31576,-0.04,0.40,0.91
31586,-0.04,0.40,0.91
31596,-0.04,0.40,0.91
31605,-0.04,0.40,0.91
31615,-0.04,0.40,0.91
31625,-0.04,0.40,0.91
31634,-0.04,0.40,0.91
31644,-0.04,0.40,0.91
31653,-0.04,0.40,0.91
31663,-0.04,0.40,0.91
31673,-0.04,0.39,0.91
31682,-0.04,0.39,0.91
31692,-0.04,0.39,0.91
31701,-0.04,0.39,0.91
31711,-0.04,0.39,0.91
31721,-0.04,0.40,0.91
31730,-0.03,0.40,0.91
31740,-0.03,0.40,0.91
31750,-0.03,0.40,0.91
31759,-0.03,0.40,0.91
31769,-0.03,0.39,0.91
31778,-0.03,0.40,0.91
31788,-0.03,0.40,0.91
31798,-0.03,0.40,0.91
31807,-0.03,0.40,0.91
31817,-0.03,0.40,0.91
31826,-0.03,0.39,0.91
31836,-0.03,0.40,0.93
31846,-0.03,0.39,0.93
31855,-0.03,0.38,0.92
31865,-0.03,0.38,0.92
31875,-0.03,0.38,0.93
31884,-0.02,0.38,0.92
31894,-0.03,0.38,0.92
31903,-0.02,0.39,0.92
31913,-0.02,0.39,0.91
31923,-0.03,0.39,0.91
31932,-0.03,0.39,0.91
31942,-0.03,0.40,0.90
31951,-0.03,0.40,0.91
31961,-0.03,0.40,0.90
31971,-0.03,0.40,0.91
31980,-0.03,0.40,0.91
31990,-0.02,0.39,0.91
32000,-0.02,0.39,0.91
32009,-0.02,0.39,0.91
32019,-0.02,0.39,0.91
32028,-0.02,0.39,0.91
32038,-0.02,0.39,0.91
32048,-0.02,0.40,0.91
32057,-0.03,0.40,0.91
32067,-0.03,0.40,0.92
32076,-0.03,0.40,0.92
32086,-0.03,0.40,0.92
32096,-0.02,0.40,0.91
32105,-0.02,0.40,0.91
32115,-0.01,0.40,0.91
32125,-0.01,0.39,0.91
32134,-0.02,0.39,0.90
32144,-0.02,0.40,0.91
32153,-0.02,0.41,0.91
32163,-0.01,0.41,0.91
32173,-0.01,0.41,0.91
32182,-0.01,0.41,0.91
32192,-0.01,0.40,0.91
32201,-0.01,0.39,0.91
32211,-0.01,0.38,0.92
32221,-0.01,0.38,0.92
32230,-0.01,0.37,0.92
32240,-0.01,0.37,0.92
32250,-0.01,0.38,0.93
32259,-0.01,0.38,0.92
32269,-0.01,0.38,0.92
32278,-0.00,0.39,0.92
32288,0.00,0.39,0.92
32298,0.00,0.39,0.91
32307,0.00,0.39,0.91
32317,0.00,0.39,0.91
32326,-0.00,0.39,0.91
32336,-0.00,0.39,0.91
32346,-0.01,0.39,0.91
32355,-0.01,0.39,0.91
32365,-0.01,0.39,0.91
32375,-0.01,0.39,0.91
32384,-0.01,0.39,0.92
32394,-0.01,0.39,0.92
32403,-0.01,0.38,0.92
32413,-0.01,0.38,0.91
32423,-0.01,0.39,0.91
32432,-0.01,0.39,0.91
32442,-0.00,0.39,0.91
32451,-0.00,0.39,0.91
32461,-0.00,0.39,0.91
32471,-0.00,0.39,0.92
32480,-0.00,0.39,0.92
32490,0.00,0.38,0.91
32500,-0.00,0.38,0.91
32509,-0.00,0.38,0.91
32519,-0.00,0.38,0.92
32528,-0.00,0.38,0.92
32538,-0.00,0.38,0.92
32548,-0.00,0.38,0.92
32557,-0.01,0.38,0.92
32567,-0.00,0.38,0.92
32576,-0.00,0.38,0.91
32586,-0.00,0.38,0.91
32596,-0.01,0.39,0.92
32605,-0.01,0.39,0.93
32615,-0.02,0.38,0.92
32625,-0.02,0.37,0.92
32634,-0.00,0.38,0.91
32644,0.01,0.39,0.91
32653,0.01,0.39,0.91
32663,0.01,0.39,0.92
32673,0.00,0.38,0.91
32682,0.00,0.38,0.91
32692,0.00,0.38,0.91
32701,0.00,0.39,0.92
32711,0.00,0.39,0.92
32721,0.00,0.38,0.92
32730,-0.00,0.38,0.92
32740,-0.00,0.38,0.93
32750,-0.00,0.38,0.92
32759,0.00,0.39,0.92
32769,0.00,0.39,0.92
32778,-0.00,0.39,0.92
32788,-0.00,0.39,0.92
32798,-0.00,0.39,0.92
32807,-0.00,0.39,0.91
32817,-0.00,0.39,0.91
32826,-0.00,0.39,0.91
32836,-0.00,0.39,0.91
32846,-0.00,0.39,0.91
32855,-0.00,0.39,0.91
32865,-0.01,0.40,0.91
32875,-0.00,0.40,0.92
32884,-0.00,0.39,0.92
32894,-0.00,0.38,0.91
32903,-0.01,0.39,0.92
32913,-0.01,0.39,0.93
32923,-0.01,0.39,0.92
32932,-0.01,0.39,0.92
32942,-0.01,0.38,0.91
32951,-0.01,0.39,0.92
32961,-0.01,0.39,0.92
32971,-0.00,0.40,0.91
32980,-0.00,0.39,0.91
32990,-0.00,0.39,0.91
33000,-0.01,0.39,0.91
33009,-0.01,0.39,0.91
33019,-0.01,0.39,0.91
33028,-0.01,0.39,0.92
33038,-0.01,0.39,0.92
33048,-0.01,0.39,0.92
33057,-0.01,0.39,0.91
33067,-0.01,0.39,0.91
33076,-0.00,0.39,0.91
33086,-0.00,0.39,0.91
33096,-0.00,0.39,0.91
33105,-0.00,0.40,0.91
33115,-0.00,0.40,0.91
33125,-0.00,0.39,0.91
33134,-0.00,0.39,0.92
33144,-0.00,0.39,0.91
33153,-0.00,0.39,0.91
33163,0.00,0.39,0.91
33173,0.00,0.39,0.91
33182,0.00,0.39,0.91
33192,0.00,0.39,0.91
33201,-0.00,0.39,0.91
33211,-0.00,0.39,0.91
33221,-0.00,0.39,0.92
33230,-0.00,0.39,0.92
33240,-0.00,0.39,0.92
33250,-0.01,0.38,0.92
33259,-0.01,0.38,0.92
33269,-0.00,0.38,0.92
33278,-0.00,0.38,0.92
33288,0.00,0.38,0.91
33298,0.00,0.39,0.91
33307,-0.00,0.39,0.92
33317,-0.01,0.39,0.92
33326,-0.00,0.39,0.91
33336,-0.01,0.39,0.91
33346,-0.01,0.39,0.92
33355,-0.01,0.39,0.92
33365,-0.01,0.38,0.91
33375,-0.01,0.38,0.91
33384,-0.01,0.39,0.92
33394,-0.01,0.39,0.92
33403,-0.01,0.39,0.92
33413,-0.00,0.39,0.91
33423,0.00,0.38,0.91
33432,0.00,0.38,0.91
33442,0.00,0.38,0.92
33451,-0.00,0.38,0.92
33461,-0.01,0.38,0.92
33471,-0.01,0.39,0.92
33480,-0.01,0.39,0.92
33490,-0.01,0.39,0.93
33500,-0.01,0.38,0.92
33509,-0.01,0.38,0.92
33519,-0.00,0.38,0.92
33528,0.00,0.39,0.91
33538,0.00,0.39,0.91
33548,0.00,0.39,0.90
33557,0.00,0.40,0.90
33567,0.01,0.40,0.90
33576,0.00,0.40,0.91
33586,-0.00,0.39,0.91
33596,-0.00,0.39,0.92
33605,-0.01,0.39,0.92
33615,-0.01,0.39,0.92
33625,-0.00,0.39,0.92
33634,-0.00,0.38,0.91
33644,-0.00,0.38,0.91
33653,-0.00,0.39,0.93
33663,-0.00,0.39,0.93
33673,-0.00,0.38,0.92
33682,0.00,0.38,0.91
33692,-0.00,0.38,0.92
33701,-0.00,0.39,0.92
33711,-0.00,0.39,0.91
33721,0.00,0.39,0.91
33730,-0.00,0.39,0.91
33740,-0.00,0.39,0.91
33750,-0.00,0.38,0.91
33759,-0.00,0.38,0.92
33769,-0.00,0.38,0.92
33778,-0.00,0.38,0.92
33788,-0.00,0.38,0.92
33798,-0.00,0.39,0.92
33807,-0.00,0.39,0.92
33817,-0.00,0.39,0.92
33826,-0.00,0.39,0.92
33836,0.00,0.38,0.92
33846,0.00,0.38,0.91
33855,0.01,0.38,0.91
33865,0.00,0.38,0.91
33875,0.01,0.38,0.91
33884,0.01,0.39,0.91
33894,0.01,0.39,0.91
33903,0.01,0.39,0.91
33913,0.01,0.39,0.91
33923,0.01,0.39,0.91
33932,0.01,0.39,0.91
33942,0.01,0.39,0.92
33951,0.01,0.38,0.92
33961,0.01,0.38,0.92
33971,0.00,0.37,0.92
33980,0.00,0.37,0.92
33990,0.00,0.37,0.93
34000,0.00,0.37,0.92
34009,0.00,0.38,0.92
34019,0.01,0.38,0.92
34028,0.01,0.38,0.92
34038,0.01,0.38,0.92
34048,0.01,0.38,0.92
34057,0.01,0.38,0.92
34067,0.01,0.38,0.92
34076,0.00,0.38,0.92
34086,0.00,0.38,0.92
34096,0.00,0.37,0.91
34105,0.00,0.37,0.92
34115,0.00,0.38,0.93
34125,0.00,0.38,0.92
34134,0.00,0.37,0.92
34144,-0.00,0.37,0.92
34153,-0.00,0.37,0.93
34163,-0.00,0.37,0.93
34173,-0.00,0.37,0.93
34182,0.00,0.37,0.92
34192,0.00,0.37,0.92
34201,0.00,0.37,0.92
34211,0.01,0.38,0.92
34221,0.01,0.38,0.92
34230,0.00,0.38,0.92
34240,0.00,0.37,0.92
34250,-0.00,0.37,0.92
34259,-0.00,0.37,0.92
34269,-0.00,0.37,0.92
34278,-0.00,0.37,0.93
34288,-0.01,0.38,0.93
34298,-0.01,0.37,0.93
34307,-0.01,0.36,0.93
34317,-0.01,0.36,0.92
34326,0.00,0.36,0.92
34336,0.00,0.36,0.92
34346,-0.00,0.37,0.92
34355,-0.00,0.37,0.92
34365,-0.00,0.37,0.92
34375,-0.00,0.38,0.92
34384,-0.00,0.38,0.92
34394,-0.00,0.38,0.92
34403,-0.00,0.38,0.92
34413,-0.01,0.37,0.93
34423,-0.01,0.37,0.94
34432,-0.01,0.36,0.93
34442,-0.01,0.36,0.93
34451,-0.01,0.36,0.93
34461,-0.01,0.36,0.93
34471,-0.01,0.37,0.92
34480,-0.01,0.37,0.92
34490,-0.01,0.36,0.92
34500,-0.00,0.37,0.92
34509,-0.01,0.36,0.92
34519,-0.01,0.36,0.92
34528,-0.01,0.36,0.93
34538,-0.01,0.36,0.93
34548,-0.01,0.36,0.93
34557,-0.01,0.36,0.93
34567,-0.01,0.36,0.93
34576,-0.02,0.36,0.93
34586,-0.02,0.36,0.93
34596,-0.02,0.36,0.93
34605,-0.02,0.36,0.93
34615,-0.02,0.36,0.93
34625,-0.02,0.36,0.93
34634,-0.02,0.36,0.93
34644,-0.02,0.37,0.93
34653,-0.02,0.37,0.93
34663,-0.02,0.37,0.92
34673,-0.02,0.36,0.93
34682,-0.01,0.36,0.92
34692,-0.02,0.35,0.92
34701,-0.02,0.36,0.92
34711,-0.02,0.36,0.92
34721,-0.02,0.37,0.92
34730,-0.02,0.37,0.93
34740,-0.01,0.37,0.93
34750,-0.02,0.37,0.93
34759,-0.01,0.36,0.93
34769,-0.01,0.36,0.93
34778,-0.01,0.36,0.93
34788,-0.01,0.36,0.93
34798,-0.01,0.36,0.93
34807,-0.01,0.36,0.93
34817,-0.01,0.36,0.93
34826,-0.01,0.36,0.93
34836,-0.02,0.36,0.93
34846,-0.02,0.36,0.93
34855,-0.02,0.36,0.93
34865,-0.02,0.36,0.93
34875,-0.02,0.36,0.92
34884,-0.02,0.36,0.93
34894,-0.02,0.36,0.93
34903,-0.02,0.35,0.93
34913,-0.02,0.35,0.93
34923,-0.02,0.34,0.93
34932,-0.03,0.34,0.93
34942,-0.02,0.35,0.93
34951,-0.02,0.36,0.93
34961,-0.02,0.36,0.93
34971,-0.02,0.36,0.92
34980,-0.03,0.37,0.93
34990,-0.02,0.36,0.93
35000,-0.02,0.36,0.93
35009,-0.02,0.35,0.93
35019,-0.02,0.34,0.92
35028,-0.02,0.34,0.93
35038,-0.02,0.35,0.93
35048,-0.02,0.35,0.93
35057,-0.02,0.36,0.93
35067,-0.02,0.36,0.93
35076,-0.02,0.36,0.93
35086,-0.02,0.36,0.93
35096,-0.02,0.35,0.93
35105,-0.03,0.35,0.93
35115,-0.03,0.36,0.93
35125,-0.03,0.36,0.93
35134,-0.03,0.35,0.93
35144,-0.03,0.35,0.94
35153,-0.03,0.34,0.94
35163,-0.03,0.34,0.94
35173,-0.03,0.35,0.93
35182,-0.03,0.35,0.93
35192,-0.02,0.35,0.92
35201,-0.02,0.36,0.92
35211,-0.02,0.35,0.92
35221,-0.02,0.35,0.92
35230,-0.03,0.35,0.92
35240,-0.03,0.36,0.92
35250,-0.03,0.36,0.93
35259,-0.03,0.36,0.93
35269,-0.03,0.36,0.93
35278,-0.03,0.35,0.93
35288,-0.03,0.35,0.93
35298,-0.03,0.35,0.93
35307,-0.03,0.34,0.93
35317,-0.03,0.34,0.94
35326,-0.03,0.34,0.93
35336,-0.02,0.35,0.93
35346,-0.03,0.35,0.93
35355,-0.03,0.34,0.94
35365,-0.04,0.34,0.94
35375,-0.04,0.35,0.94
35384,-0.04,0.35,0.94
35394,-0.04,0.35,0.94
35403,-0.04,0.34,0.94
35413,-0.03,0.34,0.94
35423,-0.03,0.34,0.93
35432,-0.03,0.34,0.93
35442,-0.03,0.34,0.93
35451,-0.03,0.35,0.93
35461,-0.03,0.36,0.93
35471,-0.03,0.36,0.93
35480,-0.03,0.35,0.93
35490,-0.03,0.35,0.93
35500,-0.03,0.35,0.93
35509,-0.03,0.34,0.93
35519,-0.03,0.35,0.93
35528,-0.03,0.35,0.93
35538,-0.03,0.34,0.93
35548,-0.03,0.35,0.94
35557,-0.03,0.35,0.93
35567,-0.03,0.35,0.94
35576,-0.03,0.35,0.94
35586,-0.03,0.35,0.94
35596,-0.03,0.34,0.94
35605,-0.03,0.34,0.93
35615,-0.03,0.34,0.93
35625,-0.03,0.34,0.93
35634,-0.03,0.35,0.93
35644,-0.03,0.35,0.93
35653,-0.03,0.35,0.93
35663,-0.03,0.35,0.93
35673,-0.04,0.35,0.93
35682,-0.03,0.35,0.93
35692,-0.04,0.34,0.94
35701,-0.04,0.34,0.94
35711,-0.03,0.34,0.93
35721,-0.03,0.34,0.93
35730,-0.03,0.35,0.93
35740,-0.03,0.35,0.93
35750,-0.03,0.35,0.93
35759,-0.03,0.35,0.93
35769,-0.03,0.35,0.93
35778,-0.03,0.34,0.94
35788,-0.04,0.34,0.94
35798,-0.04,0.34,0.93
35807,-0.04,0.34,0.93
35817,-0.03,0.34,0.93
35826,-0.03,0.35,0.93
35836,-0.03,0.35,0.93
35846,-0.03,0.35,0.93
35855,-0.03,0.35,0.93
35865,-0.03,0.35,0.93
35875,-0.04,0.35,0.94
35884,-0.04,0.34,0.94
35894,-0.03,0.34,0.94
35903,-0.03,0.34,0.93
35913,-0.04,0.33,0.93
35923,-0.03,0.34,0.93
35932,-0.03,0.34,0.94
35942,-0.03,0.35,0.93
35951,-0.03,0.35,0.93
35961,-0.03,0.35,0.93
35971,-0.03,0.35,0.93
35980,-0.03,0.35,0.93
35990,-0.03,0.35,0.93
36000,-0.03,0.34,0.93
36009,-0.04,0.34,0.94
36019,-0.04,0.34,0.94
36028,-0.04,0.34,0.93
36038,-0.04,0.35,0.93
36048,-0.03,0.35,0.93
36057,-0.03,0.34,0.93
36067,-0.03,0.35,0.93
36076,-0.03,0.35,0.93
36086,-0.03,0.35,0.93
36096,-0.03,0.35,0.93
36105,-0.03,0.35,0.93
36115,-0.03,0.35,0.93
36125,-0.03,0.34,0.93
36134,-0.03,0.34,0.94
36144,-0.03,0.34,0.94
36153,-0.03,0.34,0.93
36163,-0.03,0.34,0.94
36173,-0.03,0.34,0.94
36182,-0.03,0.34,0.93
36192,-0.03,0.34,0.93
36201,-0.03,0.34,0.93
36211,-0.03,0.34,0.93
36221,-0.03,0.34,0.93
36230,-0.04,0.34,0.93
36240,-0.04,0.34,0.93
36250,-0.04,0.35,0.94
36259,-0.04,0.35,0.94
36269,-0.04,0.35,0.94
36278,-0.04,0.34,0.94
36288,-0.04,0.34,0.94
36298,-0.04,0.33,0.94
36307,-0.04,0.33,0.94
36317,-0.04,0.34,0.93
36326,-0.04,0.35,0.93
36336,-0.03,0.35,0.93
36346,-0.03,0.35,0.93
36355,-0.03,0.35,0.93
36365,-0.03,0.35,0.93
36375,-0.03,0.35,0.93
36384,-0.03,0.35,0.94
36394,-0.03,0.35,0.94
36403,-0.04,0.34,0.94
36413,-0.03,0.35,0.93
36423,-0.03,0.35,0.93
36432,-0.03,0.35,0.93
36442,-0.03,0.35,0.94
36451,-0.04,0.35,0.94
36461,-0.04,0.35,0.94
36471,-0.03,0.35,0.93
36480,-0.03,0.35,0.94
36490,-0.03,0.35,0.94
36500,-0.02,0.35,0.93
36509,-0.02,0.34,0.93
36519,-0.02,0.35,0.92
36528,-0.02,0.35,0.92
36538,-0.02,0.35,0.92
36548,-0.03,0.35,0.93
36557,-0.03,0.36,0.93
36567,-0.03,0.36,0.93
36576,-0.03,0.36,0.93
36586,-0.03,0.36,0.93
36596,-0.03,0.36,0.93
36605,-0.03,0.36,0.93
36615,-0.02,0.36,0.93
36625,-0.02,0.36,0.92
36634,-0.02,0.36,0.93
36644,-0.02,0.35,0.93
36653,-0.02,0.35,0.93
36663,-0.02,0.35,0.92
36673,-0.02,0.35,0.92
36682,-0.02,0.36,0.93
36692,-0.02,0.36,0.94
36701,-0.03,0.35,0.94
36711,-0.03,0.35,0.94
36721,-0.03,0.35,0.94
36730,-0.03,0.35,0.93
36740,-0.03,0.36,0.93
36750,-0.02,0.36,0.92
36759,-0.02,0.36,0.92
36769,-0.02,0.35,0.93
36778,-0.02,0.35,0.93
36788,-0.03,0.36,0.93
36798,-0.03,0.36,0.93
36807,-0.03,0.36,0.93
36817,-0.03,0.36,0.94
36826,-0.03,0.35,0.94
36836,-0.02,0.35,0.93
36846,-0.02,0.35,0.93
36855,-0.02,0.35,0.93
36865,-0.02,0.35,0.93
36875,-0.02,0.35,0.93
36884,-0.02,0.36,0.93
36894,-0.03,0.36,0.93
36903,-0.02,0.36,0.93
36913,-0.02,0.37,0.92
36923,-0.02,0.37,0.92
36932,-0.02,0.37,0.93
36942,-0.02,0.36,0.93
36951,-0.02,0.36,0.93
36961,-0.02,0.36,0.93
36971,-0.02,0.36,0.93
36980,-0.02,0.36,0.92
36990,-0.02,0.36,0.93
37000,-0.01,0.37,0.93
37009,-0.02,0.36,0.93
37019,-0.02,0.36,0.93
37028,-0.02,0.36,0.93
37038,-0.02,0.36,0.92
37048,-0.02,0.36,0.92
37057,-0.01,0.36,0.93
37067,-0.01,0.36,0.93
37076,-0.01,0.36,0.92
37086,-0.01,0.36,0.92
37096,-0.01,0.36,0.92
37105,-0.02,0.37,0.93
37115,-0.02,0.37,0.93
37125,-0.02,0.37,0.93
37134,-0.02,0.36,0.94
37144,-0.02,0.36,0.94
37153,-0.02,0.35,0.94
37163,-0.02,0.35,0.93
37173,-0.02,0.36,0.93
37182,-0.01,0.38,0.92
37192,-0.00,0.38,0.92
37201,-0.00,0.38,0.91
37211,-0.01,0.38,0.92
37221,-0.01,0.38,0.92
37230,-0.00,0.37,0.92
37240,-0.00,0.36,0.92
37250,0.00,0.36,0.92
37259,-0.00,0.37,0.92
37269,-0.00,0.37,0.92
37278,-0.00,0.37,0.92
37288,-0.00,0.37,0.91
37298,-0.00,0.37,0.92
37307,-0.01,0.38,0.92
37317,-0.01,0.37,0.93
37326,-0.01,0.37,0.92
37336,-0.01,0.37,0.93
37346,-0.02,0.36,0.93
37355,-0.02,0.36,0.93
37365,-0.01,0.36,0.93
37375,-0.02,0.36,0.93
37384,-0.02,0.37,0.93
37394,-0.02,0.37,0.93
37403,-0.03,0.37,0.92
37413,-0.03,0.37,0.92
37423,-0.02,0.37,0.92
37432,-0.03,0.37,0.92
37442,-0.03,0.37,0.92
37451,-0.03,0.37,0.92
37461,-0.03,0.37,0.92
37471,-0.03,0.36,0.92
37480,-0.03,0.36,0.92
37490,-0.03,0.37,0.94
37500,-0.02,0.37,0.92
37509,-0.02,0.37,0.91
37519,-0.01,0.37,0.91
37528,-0.01,0.38,0.92
37538,-0.01,0.37,0.92
37548,-0.01,0.37,0.92
37557,-0.01,0.37,0.92
37567,-0.00,0.37,0.92
37576,0.00,0.36,0.92
37586,0.01,0.37,0.92
37596,0.00,0.37,0.93
37605,-0.00,0.37,0.93
37615,-0.01,0.37,0.93
37625,-0.01,0.37,0.94
37634,-0.01,0.36,0.93
37644,-0.01,0.36,0.93
37653,-0.01,0.36,0.93
37663,-0.01,0.36,0.93
37673,-0.01,0.37,0.92
37682,-0.01,0.37,0.92
37692,-0.01,0.37,0.92
37701,-0.01,0.37,0.91
37711,-0.01,0.38,0.91
37721,-0.01,0.38,0.91
37730,-0.01,0.38,0.91
37740,-0.02,0.38,0.92
37750,-0.02,0.37,0.92
37759,-0.02,0.38,0.92
37769,-0.01,0.38,0.92
37778,-0.01,0.37,0.92
37788,-0.01,0.37,0.92
37798,-0.02,0.38,0.92
37807,-0.02,0.38,0.93
37817,-0.02,0.37,0.92
37826,-0.02,0.37,0.92
37836,-0.02,0.37,0.92
37846,-0.02,0.38,0.92
37855,-0.02,0.38,0.92
37865,-0.01,0.38,0.91
37875,-0.01,0.39,0.91
37884,-0.01,0.39,0.92
37894,-0.01,0.38,0.92
37903,-0.01,0.38,0.92
37913,-0.01,0.37,0.92
37923,-0.01,0.37,0.93
37932,-0.01,0.37,0.93
37942,-0.01,0.37,0.93
37951,-0.01,0.37,0.93
37961,-0.01,0.37,0.93
37971,-0.00,0.38,0.92
37980,-0.00,0.38,0.92
37990,-0.00,0.38,0.92
38000,-0.00,0.39,0.92
38009,-0.00,0.38,0.91
38019,-0.00,0.38,0.91
38028,-0.00,0.38,0.91
38038,-0.01,0.38,0.91
38048,-0.01,0.38,0.91
38057,-0.01,0.38,0.91
38067,-0.01,0.38,0.92
38076,-0.01,0.38,0.92
38086,-0.01,0.38,0.91
38096,-0.01,0.38,0.91
38105,-0.01,0.38,0.92
38115,-0.01,0.38,0.92
38125,-0.02,0.38,0.92
38134,-0.01,0.38,0.92
38144,-0.01,0.38,0.92
38153,-0.01,0.38,0.92
38163,-0.01,0.38,0.92
38173,-0.01,0.38,0.92
38182,-0.01,0.37,0.92
38192,-0.02,0.37,0.92
38201,-0.01,0.37,0.93
38211,-0.02,0.37,0.92
38221,-0.01,0.37,0.92
38230,-0.01,0.37,0.92
38240,-0.01,0.37,0.91
38250,-0.01,0.37,0.91
38259,-0.01,0.39,0.92
38269,-0.01,0.38,0.91
38278,-0.01,0.38,0.91
38288,-0.02,0.38,0.92
38298,-0.02,0.38,0.93
38307,-0.02,0.38,0.93
38317,-0.01,0.37,0.92
38326,-0.01,0.37,0.92
38336,-0.01,0.36,0.92
38346,-0.01,0.37,0.92
38355,-0.01,0.37,0.92
38365,-0.01,0.38,0.92
38375,-0.01,0.38,0.92
38384,-0.02,0.38,0.93
38394,-0.02,0.37,0.93
38403,-0.01,0.37,0.93
38413,-0.01,0.37,0.93
38423,-0.01,0.37,0.92
38432,-0.01,0.37,0.92
38442,-0.01,0.38,0.92
38451,-0.01,0.38,0.91
38461,-0.01,0.38,0.91
38471,-0.01,0.38,0.91
38480,-0.01,0.38,0.92
38490,-0.02,0.38,0.92
38500,-0.02,0.38,0.92
38509,-0.01,0.38,0.92
38519,-0.01,0.38,0.92
38528,-0.01,0.38,0.92
38538,-0.01,0.38,0.92
38548,-0.01,0.37,0.92
38557,-0.02,0.37,0.92
38567,-0.02,0.38,0.93
38576,-0.02,0.38,0.93
38586,-0.02,0.37,0.92
38596,-0.01,0.37,0.91
38605,-0.01,0.37,0.92
38615,-0.02,0.37,0.92
38625,-0.02,0.37,0.92
38634,-0.02,0.38,0.92
38644,-0.02,0.38,0.92
38653,-0.01,0.38,0.92
38663,-0.01,0.38,0.92
38673,-0.01,0.38,0.92
38682,-0.01,0.37,0.92
38692,-0.01,0.37,0.93
38701,-0.01,0.37,0.93
38711,-0.01,0.37,0.93
38721,-0.01,0.37,0.92
38730,-0.01,0.37,0.92
38740,-0.01,0.38,0.92
38750,-0.01,0.38,0.92
38759,-0.01,0.38,0.92
38769,-0.01,0.37,0.92
38778,-0.01,0.37,0.92
38788,-0.01,0.38,0.92
38798,-0.01,0.38,0.92
38807,-0.01,0.38,0.92
38817,-0.01,0.38,0.92
38826,-0.01,0.38,0.92
38836,-0.01,0.37,0.92
38846,-0.01,0.37,0.92
38855,-0.02,0.37,0.92
38865,-0.02,0.37,0.93
38875,-0.02,0.37,0.93
38884,-0.01,0.37,0.92
38894,-0.01,0.37,0.92
38903,-0.01,0.37,0.92
38913,-0.01,0.37,0.92
38923,-0.01,0.37,0.92
38932,-0.01,0.37,0.92
38942,-0.01,0.38,0.92
38951,-0.01,0.38,0.92
38961,-0.01,0.38,0.92
38971,-0.01,0.37,0.92
38980,-0.01,0.37,0.92
38990,-0.01,0.37,0.92
39000,-0.01,0.37,0.92
39009,-0.01,0.36,0.91
39019,-0.01,0.37,0.92
39028,-0.01,0.39,0.93
39038,-0.01,0.38,0.92
39048,-0.01,0.38,0.91
39057,-0.01,0.38,0.92
39067,-0.01,0.38,0.92
39076,-0.01,0.38,0.92
39086,-0.00,0.37,0.92
39096,-0.01,0.36,0.92
39105,-0.01,0.37,0.92
39115,-0.01,0.37,0.92
39125,-0.01,0.37,0.92
39134,-0.01,0.37,0.92
39144,-0.01,0.37,0.92
39153,-0.01,0.37,0.92
39163,-0.01,0.37,0.93
39173,-0.01,0.37,0.93
39182,-0.01,0.37,0.93
39192,-0.01,0.36,0.93
39201,-0.01,0.36,0.93
39211,-0.01,0.37,0.92
39221,-0.00,0.37,0.92
39230,-0.00,0.38,0.91
39240,-0.00,0.38,0.91
39250,-0.00,0.37,0.91
39259,-0.00,0.38,0.92
39269,-0.01,0.38,0.93
39278,-0.01,0.38,0.93
39288,-0.01,0.37,0.92
39298,-0.00,0.37,0.92
39307,-0.00,0.37,0.92
39317,-0.00,0.37,0.91
39326,-0.01,0.37,0.92
39336,-0.01,0.37,0.93
39346,-0.01,0.37,0.93
39355,-0.01,0.36,0.92
39365,-0.01,0.36,0.92
39375,-0.01,0.36,0.93
39384,-0.01,0.36,0.93
39394,-0.01,0.36,0.93
39403,-0.01,0.36,0.93
39413,-0.01,0.36,0.93
39423,-0.00,0.36,0.92
39432,-0.00,0.36,0.93
39442,-0.00,0.36,0.93
39451,-0.01,0.37,0.93
39461,-0.01,0.36,0.93
39471,-0.01,0.36,0.93
39480,-0.01,0.35,0.93
39490,-0.01,0.35,0.93
39500,-0.01,0.35,0.93
39509,-0.00,0.35,0.93
39519,0.00,0.36,0.93
39528,0.00,0.36,0.92
39538,0.00,0.37,0.92
39548,0.00,0.37,0.92
39557,0.00,0.37,0.92
39567,0.00,0.37,0.92
39576,0.00,0.36,0.92
39586,-0.00,0.36,0.92
39596,-0.00,0.35,0.93
39605,-0.00,0.35,0.93
39615,-0.00,0.36,0.93
39625,0.00,0.36,0.93
39634,0.00,0.36,0.93
39644,0.00,0.36,0.93
39653,0.00,0.36,0.93
39663,-0.00,0.36,0.93
39673,-0.00,0.36,0.93
39682,-0.01,0.36,0.93
39692,-0.01,0.36,0.93
39701,-0.01,0.36,0.93
39711,-0.01,0.36,0.93
39721,-0.01,0.36,0.93
39730,-0.00,0.36,0.92
39740,0.00,0.36,0.92
39750,0.00,0.36,0.92
39759,-0.00,0.36,0.92
39769,-0.01,0.36,0.93
39778,-0.01,0.36,0.93
39788,-0.01,0.36,0.93
39798,-0.01,0.36,0.93
39807,-0.01,0.36,0.93
39817,-0.01,0.35,0.93
39826,-0.01,0.36,0.93
39836,-0.01,0.36,0.93
39846,-0.01,0.36,0.92
39855,-0.01,0.36,0.92
39865,-0.02,0.36,0.93
39875,-0.02,0.37,0.93
39884,-0.01,0.37,0.93
39894,-0.01,0.36,0.92
39903,-0.01,0.36,0.92
39913,-0.01,0.35,0.92
39923,-0.01,0.36,0.92
39932,-0.01,0.36,0.92
39942,-0.01,0.36,0.93
39951,-0.01,0.36,0.93
39961,-0.01,0.36,0.93
39971,-0.02,0.36,0.93
39980,-0.02,0.36,0.94
39990,-0.02,0.36,0.94
40000,-0.02,0.35,0.94
40009,-0.02,0.35,0.94
40019,-0.01,0.35,0.93
40028,-0.01,0.35,0.93
40038,-0.01,0.35,0.93
40048,-0.01,0.36,0.92
40057,-0.01,0.36,0.92
40067,-0.01,0.36,0.92
40076,-0.01,0.36,0.92
40086,-0.02,0.36,0.92
40096,-0.02,0.37,0.93
40105,-0.02,0.37,0.93
40115,-0.02,0.36,0.92
40125,-0.02,0.35,0.93
40134,-0.02,0.36,0.94
40144,-0.02,0.35,0.94
40153,-0.02,0.35,0.93
40163,-0.02,0.35,0.93
40173,-0.02,0.35,0.93
40182,-0.02,0.35,0.93
40192,-0.02,0.35,0.93
40201,-0.02,0.35,0.93
40211,-0.02,0.35,0.93
40221,-0.02,0.35,0.93
40230,-0.03,0.35,0.93
40240,-0.03,0.35,0.93
40250,-0.02,0.35,0.93
40259,-0.02,0.35,0.93
40269,-0.03,0.35,0.94
40278,-0.03,0.35,0.94
40288,-0.03,0.35,0.94
40298,-0.03,0.35,0.94
40307,-0.03,0.35,0.93
40317,-0.03,0.35,0.93
40326,-0.03,0.35,0.93
40336,-0.02,0.35,0.92
40346,-0.02,0.35,0.92
40355,-0.02,0.35,0.92
40365,-0.02,0.36,0.93
40375,-0.02,0.36,0.93
40384,-0.03,0.36,0.93
40394,-0.03,0.36,0.93
40403,-0.02,0.36,0.93
40413,-0.02,0.35,0.93
40423,-0.02,0.35,0.93
40432,-0.02,0.35,0.93
40442,-0.03,0.34,0.93
40451,-0.03,0.35,0.93
40461,-0.03,0.35,0.93
40471,-0.03,0.36,0.93
40480,-0.02,0.36,0.93
40490,-0.02,0.36,0.93
40500,-0.03,0.36,0.94
40509,-0.03,0.35,0.94
40519,-0.03,0.34,0.94
40528,-0.03,0.34,0.93
40538,-0.03,0.34,0.93
40548,-0.03,0.34,0.93
40557,-0.03,0.34,0.93
40567,-0.03,0.35,0.93
40576,-0.03,0.35,0.93
40586,-0.03,0.35,0.93
40596,-0.03,0.35,0.93
40605,-0.03,0.35,0.93
40615,-0.03,0.35,0.93
40625,-0.03,0.34,0.93
40634,-0.03,0.34,0.93
40644,-0.04,0.34,0.93
40653,-0.04,0.34,0.93
40663,-0.04,0.34,0.93
40673,-0.04,0.35,0.93
40682,-0.04,0.35,0.94
40692,-0.04,0.34,0.93
40701,-0.04,0.34,0.93
40711,-0.04,0.35,0.93
40721,-0.04,0.35,0.93
40730,-0.03,0.35,0.93
40740,-0.03,0.35,0.92
40750,-0.03,0.34,0.92
40759,-0.03,0.34,0.92
40769,-0.03,0.35,0.92
40778,-0.03,0.35,0.93
40788,-0.04,0.35,0.93
40798,-0.04,0.35,0.94
40807,-0.04,0.35,0.94
40817,-0.04,0.35,0.94
40826,-0.04,0.35,0.94
40836,-0.04,0.34,0.94
40846,-0.04,0.34,0.94
40855,-0.04,0.34,0.94
40865,-0.05,0.33,0.94
40875,-0.05,0.34,0.94
40884,-0.04,0.34,0.93
40894,-0.04,0.35,0.93
40903,-0.04,0.35,0.93
40913,-0.04,0.35,0.92
40923,-0.04,0.35,0.93
40932,-0.04,0.35,0.93
40942,-0.04,0.35,0.93
40951,-0.04,0.35,0.93
40961,-0.04,0.35,0.93
40971,-0.05,0.35,0.93
40980,-0.04,0.35,0.93
40990,-0.04,0.35,0.93
41000,-0.04,0.35,0.93
41009,-0.04,0.34,0.93
41019,-0.04,0.34,0.93
41028,-0.04,0.34,0.93
41038,-0.04,0.34,0.93
41048,-0.04,0.34,0.93
41057,-0.04,0.34,0.93
41067,-0.04,0.34,0.93
41076,-0.04,0.35,0.93
41086,-0.04,0.35,0.93
41096,-0.05,0.35,0.94
41105,-0.05,0.35,0.93
41115,-0.05,0.35,0.94
41125,-0.05,0.34,0.94
41134,-0.05,0.34,0.94
41144,-0.05,0.34,0.94
41153,-0.05,0.34,0.94
41163,-0.05,0.34,0.93
41173,-0.05,0.34,0.93
41182,-0.05,0.35,0.93
41192,-0.04,0.35,0.93
41201,-0.04,0.35,0.92
41211,-0.04,0.35,0.93
41221,-0.04,0.35,0.93
41230,-0.04,0.34,0.93
41240,-0.04,0.35,0.93
41250,-0.04,0.35,0.93
41259,-0.05,0.35,0.93
41269,-0.05,0.35,0.93
41278,-0.05,0.35,0.93
41288,-0.05,0.35,0.93
41298,-0.05,0.34,0.93
41307,-0.05,0.34,0.93
41317,-0.04,0.33,0.93
41326,-0.04,0.33,0.94
41336,-0.05,0.34,0.94
41346,-0.05,0.35,0.94
41355,-0.06,0.35,0.94
41365,-0.05,0.35,0.94
41375,-0.05,0.35,0.94
41384,-0.04,0.34,0.93
41394,-0.04,0.34,0.93
41403,-0.04,0.34,0.93
41413,-0.04,0.34,0.93
41423,-0.05,0.35,0.93
41432,-0.04,0.35,0.93
41442,-0.04,0.35,0.93
41451,-0.04,0.35,0.93
41461,-0.04,0.35,0.93
41471,-0.05,0.35,0.93
41480,-0.05,0.35,0.93
41490,-0.05,0.35,0.93
41500,-0.05,0.35,0.93
41509,-0.05,0.35,0.93
41519,-0.05,0.35,0.93
41528,-0.05,0.35,0.93
41538,-0.05,0.35,0.93
41548,-0.05,0.35,0.94
41557,-0.05,0.35,0.93
41567,-0.05,0.35,0.94
41576,-0.05,0.34,0.94
41586,-0.05,0.34,0.93
41596,-0.05,0.34,0.93
41605,-0.05,0.34,0.93
41615,-0.04,0.35,0.93
41625,-0.04,0.35,0.93
41634,-0.04,0.35,0.93
41644,-0.04,0.35,0.93
41653,-0.05,0.34,0.93
41663,-0.05,0.35,0.94
41673,-0.05,0.35,0.94
41682,-0.05,0.35,0.94
41692,-0.05,0.35,0.93
41701,-0.05,0.34,0.93
41711,-0.05,0.34,0.93
41721,-0.05,0.34,0.93
41730,-0.05,0.34,0.93
41740,-0.05,0.34,0.93
41750,-0.05,0.35,0.93
41759,-0.05,0.35,0.93
41769,-0.05,0.35,0.93
41778,-0.05,0.36,0.93
41788,-0.05,0.36,0.93
41798,-0.05,0.35,0.93
41807,-0.05,0.35,0.93
41817,-0.04,0.34,0.93
41826,-0.05,0.34,0.93
41836,-0.05,0.34,0.93
41846,-0.05,0.34,0.93
41855,-0.05,0.34,0.93
41865,-0.05,0.34,0.93
41875,-0.05,0.34,0.93
41884,-0.05,0.34,0.93
41894,-0.04,0.35,0.93
41903,-0.04,0.35,0.93
41913,-0.04,0.34,0.93
41923,-0.05,0.34,0.93
41932,-0.05,0.34,0.93
41942,-0.05,0.34,0.94
41951,-0.05,0.35,0.94
41961,-0.05,0.35,0.94
41971,-0.05,0.34,0.94
41980,-0.06,0.34,0.94
41990,-0.05,0.34,0.94
42000,-0.05,0.34,0.94
42009,-0.05,0.34,0.93
42019,-0.05,0.35,0.93
42028,-0.05,0.35,0.92
42038,-0.05,0.35,0.92
42048,-0.05,0.35,0.92
42057,-0.04,0.36,0.92
42067,-0.04,0.35,0.93
42076,-0.04,0.35,0.93
42086,-0.05,0.35,0.93
42096,-0.05,0.34,0.94
42105,-0.05,0.34,0.93
42115,-0.05,0.35,0.93
42125,-0.05,0.35,0.93
42134,-0.05,0.35,0.93
42144,-0.05,0.35,0.93
42153,-0.04,0.35,0.94
42163,-0.05,0.34,0.94
42173,-0.05,0.34,0.93
42182,-0.05,0.34,0.93
42192,-0.04,0.34,0.93
42201,-0.04,0.35,0.93
42211,-0.05,0.35,0.93
42221,-0.05,0.36,0.93
42230,-0.04,0.35,0.93
42240,-0.04,0.35,0.93
42250,-0.04,0.35,0.93
42259,-0.04,0.35,0.93
42269,-0.04,0.34,0.93
42278,-0.04,0.35,0.93
42288,-0.04,0.35,0.93
42298,-0.04,0.35,0.93
42307,-0.04,0.35,0.92
42317,-0.05,0.34,0.92
42326,-0.05,0.35,0.93
42336,-0.05,0.35,0.94
42346,-0.05,0.35,0.93
42355,-0.05,0.34,0.93
42365,-0.05,0.35,0.93
42375,-0.05,0.35,0.93
42384,-0.04,0.35,0.93
42394,-0.04,0.35,0.93
42403,-0.04,0.35,0.93
42413,-0.04,0.34,0.93
42423,-0.05,0.34,0.93
42432,-0.05,0.35,0.94
42442,-0.05,0.35,0.94
42451,-0.04,0.35,0.94
42461,-0.04,0.34,0.94
42471,-0.03,0.34,0.93
42480,-0.03,0.34,0.93
42490,-0.03,0.34,0.93
42500,-0.04,0.34,0.93
42509,-0.04,0.35,0.93
42519,-0.04,0.35,0.93
42528,-0.04,0.35,0.93
42538,-0.03,0.35,0.93
42548,-0.03,0.35,0.93
42557,-0.03,0.35,0.93
42567,-0.03,0.35,0.92
42576,-0.04,0.35,0.93
42586,-0.03,0.35,0.93
42596,-0.03,0.36,0.92
42605,-0.04,0.36,0.93
42615,-0.04,0.35,0.93
42625,-0.03,0.35,0.93
42634,-0.04,0.35,0.94
42644,-0.04,0.35,0.94
42653,-0.03,0.34,0.94
42663,-0.03,0.34,0.93
42673,-0.03,0.34,0.93
42682,-0.02,0.34,0.92
42692,-0.02,0.35,0.92
42701,-0.03,0.35,0.93
42711,-0.03,0.36,0.93
42721,-0.04,0.35,0.93
42730,-0.04,0.34,0.93
42740,-0.03,0.34,0.93
42750,-0.03,0.34,0.93
42759,-0.03,0.34,0.93
42769,-0.02,0.35,0.93
42778,-0.02,0.35,0.93
42788,-0.03,0.35,0.93
42798,-0.03,0.35,0.94
42807,-0.03,0.35,0.94
42817,-0.03,0.35,0.93
42826,-0.03,0.35,0.93
42836,-0.03,0.35,0.93
42846,-0.02,0.35,0.93
42855,-0.02,0.35,0.93
42865,-0.02,0.35,0.93
42875,-0.02,0.35,0.93
42884,-0.02,0.35,0.93
42894,-0.03,0.35,0.93
42903,-0.02,0.35,0.93
42913,-0.02,0.35,0.93
42923,-0.01,0.35,0.92
42932,-0.01,0.35,0.92
42942,-0.01,0.35,0.92
42951,-0.01,0.36,0.92
42961,-0.02,0.36,0.93
42971,-0.02,0.35,0.93
42980,-0.02,0.35,0.93
42990,-0.02,0.35,0.94
43000,-0.02,0.34,0.94
43009,-0.01,0.34,0.93
43019,-0.01,0.34,0.93
43028,-0.01,0.34,0.93
43038,-0.01,0.35,0.93
43048,-0.02,0.35,0.93
43057,-0.01,0.35,0.93
43067,-0.01,0.36,0.93
43076,-0.01,0.36,0.93
43086,-0.01,0.35,0.93
43096,-0.02,0.34,0.93
43105,-0.02,0.34,0.93
43115,-0.02,0.35,0.94
43125,-0.02,0.35,0.94
43134,-0.02,0.34,0.93
43144,-0.02,0.35,0.93
43153,-0.01,0.36,0.93
43163,-0.01,0.36,0.93
43173,-0.01,0.36,0.93
43182,-0.01,0.36,0.92
43192,-0.01,0.36,0.92
43201,-0.01,0.35,0.92
43211,-0.01,0.35,0.93
43221,-0.01,0.35,0.93
43230,-0.01,0.35,0.93
43240,-0.02,0.35,0.94
43250,-0.02,0.35,0.94
43259,-0.02,0.35,0.94
43269,-0.02,0.35,0.94
43278,-0.01,0.35,0.93
43288,-0.01,0.35,0.93
43298,-0.01,0.35,0.93
43307,-0.01,0.36,0.93
43317,-0.01,0.36,0.92
43326,-0.01,0.36,0.92
43336,-0.00,0.36,0.92
43346,-0.01,0.36,0.92
43355,-0.01,0.36,0.92
43365,-0.01,0.36,0.93
43375,-0.01,0.36,0.93
43384,-0.01,0.36,0.93
43394,-0.01,0.36,0.93
43403,-0.01,0.35,0.93
43413,-0.01,0.35,0.93
43423,-0.01,0.35,0.94
43432,-0.02,0.35,0.93
43442,-0.01,0.35,0.92
43451,-0.01,0.35,0.93
43461,-0.01,0.36,0.93
43471,-0.01,0.36,0.93
43480,-0.01,0.36,0.93
43490,-0.01,0.36,0.93
43500,-0.01,0.35,0.93
43509,-0.01,0.36,0.93
43519,-0.01,0.36,0.93
43528,-0.01,0.36,0.93
43538,-0.01,0.36,0.93
43548,-0.01,0.36,0.93
43557,-0.01,0.36,0.93
43567,-0.01,0.36,0.93
43576,-0.01,0.35,0.93
43586,-0.01,0.36,0.92
43596,-0.01,0.36,0.93
43605,-0.01,0.37,0.93
43615,-0.01,0.37,0.93
43625,-0.01,0.36,0.93
43634,-0.01,0.36,0.93
43644,-0.01,0.35,0.93
43653,-0.00,0.35,0.93
43663,0.00,0.36,0.92
43673,0.01,0.37,0.92
43682,0.01,0.37,0.92
43692,0.00,0.37,0.92
43701,0.00,0.37,0.92
43711,-0.00,0.37,0.92
43721,-0.00,0.37,0.92
43730,0.00,0.37,0.92
43740,0.00,0.37,0.92
43750,0.00,0.37,0.92
43759,-0.00,0.38,0.92
43769,-0.00,0.37,0.92
43778,-0.01,0.37,0.92
43788,-0.01,0.37,0.92
43798,-0.01,0.36,0.92
43807,-0.01,0.37,0.92
43817,-0.01,0.37,0.92
43826,-0.00,0.37,0.92
43836,0.00,0.36,0.91
43846,-0.00,0.36,0.90
43855,-0.01,0.37,0.92
43865,-0.01,0.37,0.93
43875,-0.01,0.37,0.92
43884,-0.02,0.36,0.92
43894,-0.01,0.37,0.92
43903,-0.01,0.37,0.93
43913,-0.01,0.36,0.93
43923,-0.00,0.36,0.92
43932,0.00,0.35,0.93
43942,0.00,0.35,0.93
43951,0.01,0.35,0.93
43961,0.01,0.36,0.93
43971,0.01,0.36,0.93
43980,0.00,0.36,0.94
43990,-0.00,0.35,0.94
44000,-0.00,0.35,0.94
44009,0.00,0.35,0.94
44019,0.00,0.36,0.94
44028,0.00,0.36,0.93
44038,0.01,0.36,0.93
44048,0.01,0.37,0.92
44057,0.01,0.37,0.92
44067,0.01,0.37,0.92
44076,0.01,0.37,0.92
44086,0.01,0.36,0.92
44096,0.00,0.36,0.92
44105,0.00,0.36,0.93
44115,-0.00,0.36,0.93
44125,-0.00,0.36,0.93
44134,0.00,0.36,0.93
44144,0.00,0.36,0.93
44153,0.00,0.35,0.93
44163,-0.00,0.36,0.93
44173,-0.00,0.36,0.94
44182,-0.00,0.36,0.93
44192,-0.00,0.36,0.93
44201,-0.00,0.36,0.93
44211,-0.00,0.36,0.93
44221,-0.00,0.36,0.93
44230,0.00,0.36,0.93
44240,0.01,0.36,0.92
44250,0.00,0.36,0.92
44259,0.00,0.36,0.93
44269,0.00,0.36,0.93
44278,0.00,0.36,0.93
44288,0.00,0.35,0.94
44298,0.00,0.35,0.93
44307,0.00,0.35,0.93
44317,0.00,0.36,0.93
44326,0.00,0.36,0.93
44336,0.00,0.36,0.93
44346,0.00,0.36,0.93
44355,0.00,0.36,0.92
44365,0.01,0.36,0.92
44375,0.01,0.36,0.92
44384,0.01,0.36,0.92
44394,0.01,0.36,0.92
44403,0.00,0.36,0.93
44413,0.00,0.36,0.93
44423,0.00,0.36,0.93
44432,0.00,0.36,0.93
44442,0.00,0.36,0.93
44451,0.00,0.36,0.93
44461,0.01,0.36,0.92
44471,0.01,0.36,0.92
44480,0.01,0.36,0.92
44490,0.01,0.36,0.92
44500,0.01,0.36,0.92
44509,0.01,0.36,0.92
44519,0.00,0.36,0.93
44528,-0.00,0.35,0.93
44538,-0.00,0.36,0.94
44548,0.00,0.35,0.94
44557,0.00,0.35,0.94
44567,0.00,0.36,0.94
44576,0.00,0.36,0.94
44586,0.01,0.35,0.92
44596,0.00,0.35,0.92
44605,0.00,0.36,0.93
44615,0.00,0.36,0.93
44625,-0.00,0.36,0.92
44634,-0.00,0.36,0.92
44644,-0.00,0.37,0.93
44653,-0.00,0.36,0.93
44663,0.01,0.36,0.93
44673,0.01,0.36,0.92
44682,0.01,0.35,0.92
44692,0.01,0.35,0.92
44701,0.00,0.36,0.93
44711,0.00,0.36,0.94
44721,0.00,0.36,0.94
44730,0.00,0.35,0.94
44740,0.01,0.35,0.94
44750,0.01,0.35,0.94
44759,0.01,0.35,0.94
44769,0.01,0.35,0.93
44778,0.00,0.36,0.93
44788,0.00,0.36,0.93
44798,0.01,0.36,0.92
44807,0.01,0.36,0.92
44817,0.01,0.36,0.92
44826,0.00,0.37,0.92
44836,0.00,0.37,0.92
44846,0.00,0.37,0.92
44855,0.01,0.37,0.92
44865,0.01,0.36,0.92
44875,0.01,0.36,0.92
44884,0.01,0.36,0.92
44894,0.01,0.35,0.92
44903,0.00,0.35,0.93
44913,-0.00,0.36,0.94
44923,-0.00,0.36,0.94
44932,-0.00,0.36,0.93
44942,0.00,0.35,0.93
44951,0.00,0.35,0.93
44961,0.00,0.35,0.93
44971,0.00,0.36,0.93
44980,0.01,0.36,0.92
44990,0.01,0.36,0.93
45000,0.00,0.36,0.93
45009,0.00,0.36,0.93
45019,0.00,0.36,0.93
45028,0.00,0.36,0.93
45038,0.00,0.36,0.93
45048,-0.00,0.35,0.93
45057,0.00,0.35,0.93
45067,0.00,0.35,0.93
45076,0.01,0.35,0.93
45086,0.01,0.35,0.93
45096,0.01,0.36,0.92
45105,0.01,0.36,0.92
45115,0.01,0.36,0.93
45125,0.01,0.36,0.93
45134,0.01,0.36,0.93
45144,0.01,0.36,0.93
45153,0.01,0.36,0.92
45163,0.01,0.36,0.92
45173,0.01,0.36,0.92
45182,0.01,0.36,0.92
45192,0.01,0.35,0.93
45201,0.00,0.35,0.93
45211,0.00,0.36,0.93
45221,0.00,0.36,0.93
45230,0.00,0.36,0.93
45240,0.00,0.35,0.93
45250,0.00,0.35,0.93
45259,0.00,0.35,0.93
45269,0.00,0.35,0.93
45278,0.00,0.35,0.93
45288,0.01,0.35,0.93
45298,0.01,0.35,0.93
45307,0.00,0.35,0.93
45317,0.00,0.36,0.93
45326,0.00,0.36,0.93
45336,0.00,0.36,0.93
45346,0.00,0.35,0.93
45355,0.01,0.35,0.92
45365,0.01,0.35,0.92
45375,0.01,0.35,0.92
45384,0.00,0.36,0.93
45394,0.00,0.36,0.93
45403,-0.00,0.35,0.93
45413,-0.00,0.35,0.93
45423,-0.00,0.35,0.94
45432,-0.00,0.35,0.93
45442,0.01,0.35,0.93
45451,0.01,0.35,0.92
45461,0.01,0.35,0.91
45471,0.01,0.35,0.92
45480,0.00,0.35,0.93
45490,0.00,0.35,0.94
45500,-0.00,0.35,0.94
45509,-0.00,0.35,0.94
45519,0.00,0.34,0.94
45528,-0.00,0.35,0.94
45538,-0.00,0.34,0.94
45548,-0.00,0.34,0.94
45557,-0.00,0.34,0.94
45567,-0.00,0.33,0.94
45576,-0.00,0.34,0.93
45586,0.00,0.34,0.93
45596,0.01,0.34,0.92
45605,0.00,0.35,0.92
45615,0.00,0.35,0.93
45625,-0.01,0.35,0.93
45634,-0.01,0.35,0.93
45644,-0.01,0.35,0.94
45653,-0.00,0.35,0.94
45663,0.00,0.34,0.93
45673,0.00,0.33,0.93
45682,-0.00,0.34,0.93
45692,-0.00,0.35,0.94
45701,-0.00,0.35,0.94
45711,-0.00,0.34,0.94
45721,-0.00,0.34,0.94
45730,-0.01,0.34,0.94
45740,-0.01,0.33,0.94
45750,-0.01,0.33,0.94
45759,-0.01,0.33,0.94
45769,-0.01,0.33,0.94
45778,-0.01,0.33,0.94
45788,-0.01,0.33,0.94
45798,-0.01,0.33,0.94
45807,-0.01,0.33,0.94
45817,-0.01,0.33,0.94
45826,-0.01,0.34,0.94
45836,-0.01,0.34,0.94
45846,-0.01,0.34,0.94
45855,-0.01,0.33,0.94
45865,-0.01,0.33,0.94
45875,-0.01,0.32,0.94
45884,-0.01,0.33,0.94
45894,-0.01,0.33,0.94
45903,-0.00,0.34,0.93
45913,-0.00,0.34,0.93
45923,-0.00,0.35,0.93
45932,-0.00,0.35,0.93
45942,-0.01,0.34,0.94
45951,-0.01,0.34,0.94
45961,-0.01,0.33,0.94
45971,-0.01,0.33,0.94
45980,-0.01,0.34,0.93
45990,-0.00,0.34,0.93
46000,-0.00,0.34,0.93
46009,-0.01,0.34,0.94
46019,-0.01,0.34,0.94
46028,-0.01,0.34,0.94
46038,-0.01,0.34,0.93
46048,-0.01,0.34,0.93
46057,-0.01,0.34,0.93
46067,-0.01,0.34,0.93
46076,-0.01,0.34,0.93
46086,-0.01,0.33,0.94
46096,-0.01,0.33,0.94
46105,-0.02,0.33,0.95
46115,-0.02,0.33,0.95
46125,-0.01,0.33,0.95
46134,-0.01,0.33,0.94
46144,-0.01,0.33,0.94
46153,-0.01,0.33,0.94
46163,-0.01,0.33,0.94
46173,-0.01,0.32,0.94
46182,-0.02,0.32,0.94
46192,-0.02,0.33,0.95
46201,-0.02,0.33,0.95
46211,-0.02,0.33,0.94
46221,-0.02,0.33,0.94
46230,-0.02,0.34,0.94
46240,-0.01,0.33,0.94
46250,-0.01,0.33,0.94
46259,-0.01,0.32,0.94
46269,-0.01,0.32,0.93
46278,-0.01,0.32,0.93
46288,-0.01,0.33,0.94
46298,-0.02,0.33,0.94
46307,-0.02,0.33,0.94
46317,-0.02,0.33,0.95
46326,-0.01,0.33,0.94
46336,-0.01,0.33,0.94
46346,-0.01,0.32,0.94
46355,-0.01,0.32,0.94
46365,-0.01,0.32,0.94
46375,-0.02,0.32,0.94
46384,-0.02,0.32,0.94
46394,-0.02,0.33,0.94
46403,-0.02,0.33,0.94
46413,-0.02,0.33,0.94
46423,-0.02,0.33,0.94
46432,-0.02,0.32,0.94
46442,-0.02,0.32,0.94
46451,-0.02,0.32,0.94
46461,-0.02,0.33,0.93
46471,-0.01,0.33,0.93
46480,-0.02,0.33,0.93
46490,-0.02,0.34,0.94
46500,-0.02,0.34,0.94
46509,-0.02,0.33,0.94
46519,-0.01,0.32,0.94
46528,-0.01,0.32,0.94
46538,-0.02,0.32,0.94
46548,-0.02,0.32,0.94
46557,-0.02,0.32,0.94
46567,-0.02,0.32,0.94
46576,-0.02,0.33,0.94
46586,-0.02,0.33,0.94
46596,-0.02,0.33,0.94
46605,-0.01,0.33,0.93
46615,-0.01,0.33,0.93
46625,-0.01,0.33,0.93
46634,-0.02,0.33,0.94
46644,-0.02,0.33,0.94
46653,-0.03,0.33,0.94
46663,-0.03,0.33,0.94
46673,-0.03,0.32,0.94
46682,-0.02,0.32,0.94
46692,-0.02,0.32,0.94
46701,-0.02,0.32,0.94
46711,-0.02,0.32,0.94
46721,-0.02,0.32,0.94
46730,-0.02,0.33,0.94
46740,-0.02,0.33,0.94
46750,-0.02,0.33,0.94
46759,-0.02,0.33,0.94
46769,-0.02,0.32,0.94
46778,-0.02,0.32,0.94
46788,-0.02,0.32,0.94
46798,-0.02,0.32,0.94
46807,-0.02,0.32,0.94
46817,-0.02,0.32,0.94
46826,-0.02,0.32,0.94
46836,-0.02,0.33,0.94
46846,-0.02,0.33,0.94
46855,-0.02,0.33,0.93
46865,-0.02,0.33,0.93
46875,-0.02,0.33,0.94
46884,-0.02,0.33,0.94
46894,-0.03,0.32,0.94
46903,-0.03,0.32,0.95
46913,-0.03,0.32,0.95
46923,-0.03,0.32,0.95
46932,-0.02,0.32,0.94
46942,-0.02,0.33,0.94
46951,-0.02,0.33,0.94
46961,-0.02,0.32,0.94
46971,-0.02,0.32,0.94
46980,-0.02,0.32,0.94
46990,-0.02,0.32,0.94
47000,-0.02,0.32,0.94
47009,-0.03,0.32,0.94
47019,-0.02,0.32,0.95
47028,-0.02,0.32,0.95
47038,-0.02,0.31,0.95
47048,-0.03,0.31,0.96
47057,-0.03,0.31,0.96
47067,-0.03,0.30,0.96
47076,-0.03,0.30,0.97
47086,-0.02,0.29,0.97
47096,-0.02,0.28,0.97
47105,-0.02,0.28,0.97
47115,-0.02,0.29,0.97
47125,-0.02,0.30,0.97
47134,-0.02,0.32,0.96
47144,-0.01,0.34,0.96
47153,-0.01,0.35,0.95
47163,-0.00,0.36,0.93
47173,-0.00,0.38,0.91
47182,0.00,0.37,0.87
47192,-0.01,0.38,0.87
47201,-0.03,0.41,0.88
47211,-0.03,0.42,0.89
47221,-0.04,0.43,0.89
47230,-0.04,0.43,0.90
47240,-0.03,0.43,0.89
47250,-0.04,0.42,0.89
47259,-0.04,0.41,0.90
47269,-0.04,0.40,0.91
47278,-0.04,0.40,0.91
47288,-0.04,0.38,0.92
47298,-0.03,0.37,0.92
47307,-0.03,0.37,0.92
47317,-0.02,0.37,0.92
47326,-0.02,0.37,0.92
47336,-0.01,0.37,0.92
47346,-0.01,0.37,0.92
47355,-0.02,0.37,0.93
47365,-0.02,0.37,0.93
47375,-0.01,0.37,0.93
47384,-0.01,0.37,0.93
47394,-0.01,0.37,0.93
47403,-0.01,0.36,0.92
47413,-0.01,0.36,0.92
47423,-0.01,0.36,0.93
47432,-0.01,0.36,0.93
47442,-0.01,0.36,0.94
47451,-0.01,0.37,0.94
47461,-0.01,0.37,0.93
47471,-0.01,0.37,0.93
47480,-0.02,0.37,0.92
47490,-0.01,0.37,0.92
47500,-0.01,0.37,0.91
47509,-0.01,0.37,0.92
47519,-0.01,0.37,0.92
47528,-0.02,0.37,0.92
47538,-0.03,0.36,0.93
47548,-0.03,0.37,0.93
47557,-0.02,0.37,0.93
47567,-0.02,0.37,0.92
47576,-0.02,0.38,0.92
47586,-0.03,0.38,0.92
47596,-0.03,0.38,0.92
47605,-0.02,0.38,0.91
47615,-0.02,0.38,0.91
47625,-0.01,0.38,0.91
47634,-0.01,0.38,0.91
47644,-0.01,0.37,0.91
47653,-0.02,0.37,0.92
47663,-0.02,0.37,0.92
47673,-0.03,0.37,0.93
47682,-0.03,0.37,0.93
47692,-0.03,0.37,0.93
47701,-0.02,0.37,0.92
47711,-0.02,0.37,0.92
47721,-0.01,0.37,0.92
47730,-0.01,0.37,0.92
47740,-0.02,0.37,0.92
47750,-0.02,0.37,0.92
47759,-0.02,0.37,0.92
47769,-0.02,0.37,0.92
47778,-0.02,0.38,0.92
47788,-0.01,0.38,0.92
47798,-0.01,0.37,0.92
47807,-0.01,0.37,0.92
47817,-0.01,0.36,0.92
47826,-0.02,0.36,0.93
47836,-0.01,0.36,0.93
47846,-0.02,0.35,0.93
47855,-0.02,0.36,0.94
47865,-0.01,0.37,0.94
47875,-0.01,0.37,0.94
47884,-0.01,0.36,0.93
47894,-0.02,0.36,0.93
47903,-0.01,0.36,0.92
47913,-0.01,0.37,0.92
47923,-0.01,0.37,0.92
47932,-0.00,0.38,0.91
47942,-0.01,0.39,0.90
47951,-0.01,0.39,0.91
47961,-0.01,0.38,0.91
47971,-0.01,0.38,0.92
47980,-0.01,0.38,0.93
47990,-0.01,0.37,0.93
48000,-0.01,0.37,0.93
48009,-0.01,0.37,0.94
48019,-0.01,0.36,0.94
48028,-0.02,0.35,0.94
48038,-0.02,0.35,0.94
48048,-0.02,0.35,0.94
48057,-0.02,0.36,0.93
48067,-0.01,0.36,0.92
48076,-0.01,0.37,0.91
48086,-0.01,0.38,0.91
48096,-0.01,0.39,0.90
48105,-0.01,0.39,0.90
48115,-0.01,0.40,0.90
48125,-0.02,0.39,0.91
48134,-0.02,0.39,0.91
48144,-0.01,0.39,0.92
48153,-0.01,0.38,0.92
48163,-0.01,0.37,0.92
48173,-0.02,0.37,0.93
48182,-0.02,0.37,0.93
48192,-0.02,0.37,0.93
48201,-0.02,0.37,0.93
48211,-0.02,0.37,0.93
48221,-0.02,0.37,0.92
48230,-0.02,0.38,0.93
48240,-0.02,0.38,0.92
48250,-0.02,0.38,0.92
48259,-0.02,0.38,0.92
48269,-0.03,0.38,0.92
48278,-0.02,0.38,0.92
48288,-0.02,0.38,0.92
48298,-0.02,0.37,0.92
48307,-0.02,0.38,0.91
48317,-0.01,0.38,0.91
48326,-0.01,0.38,0.91
48336,-0.01,0.39,0.91
48346,-0.01,0.39,0.91
48355,-0.01,0.39,0.91
48365,-0.01,0.39,0.92
48375,-0.01,0.39,0.92
48384,-0.00,0.39,0.92
48394,-0.00,0.39,0.92
48403,0.00,0.38,0.92
48413,0.00,0.38,0.92
48423,-0.00,0.38,0.92
48432,-0.01,0.38,0.92
48442,-0.01,0.38,0.92
48451,-0.01,0.38,0.92
48461,-0.00,0.39,0.92
48471,-0.00,0.39,0.92
48480,-0.01,0.39,0.92
48490,-0.01,0.39,0.91
48500,-0.01,0.38,0.91
48509,-0.02,0.38,0.91
48519,-0.02,0.39,0.91
48528,-0.02,0.39,0.91
48538,-0.01,0.39,0.91
48548,-0.01,0.39,0.91
48557,-0.01,0.39,0.91
48567,-0.02,0.39,0.92
48576,-0.02,0.38,0.92
48586,-0.02,0.38,0.91
48596,-0.02,0.38,0.92
48605,-0.02,0.38,0.92
48615,-0.01,0.38,0.92
48625,-0.01,0.38,0.91
48634,-0.01,0.39,0.91
48644,-0.01,0.39,0.92
48653,-0.01,0.39,0.92
48663,-0.02,0.39,0.92
48673,-0.02,0.39,0.92
48682,-0.02,0.39,0.91
48692,-0.01,0.39,0.91
48701,-0.01,0.39,0.91
48711,-0.01,0.39,0.91
48721,-0.01,0.39,0.91
48730,-0.01,0.39,0.92
48740,-0.01,0.38,0.92
48750,-0.01,0.38,0.93
48759,-0.02,0.38,0.93
48769,-0.02,0.38,0.93
48778,-0.02,0.38,0.93
48788,-0.02,0.38,0.92
48798,-0.02,0.38,0.92
48807,-0.01,0.39,0.91
48817,-0.01,0.39,0.91
48826,-0.01,0.38,0.91
48836,-0.01,0.38,0.91
48846,-0.02,0.39,0.92
48855,-0.02,0.39,0.92
48865,-0.02,0.39,0.92
48875,-0.01,0.39,0.92
48884,-0.01,0.39,0.92
48894,-0.01,0.38,0.92
48903,-0.01,0.38,0.93
48913,-0.02,0.38,0.93
48923,-0.02,0.38,0.92
48932,-0.02,0.38,0.92
48942,-0.02,0.39,0.91
48951,-0.01,0.40,0.90
48961,-0.01,0.41,0.90
48971,0.00,0.41,0.89
48980,0.01,0.41,0.89
48990,0.01,0.40,0.89
49000,-0.00,0.39,0.90
49009,-0.01,0.38,0.91
49019,-0.02,0.38,0.92
49028,-0.02,0.38,0.92
49038,-0.02,0.38,0.93
49048,-0.02,0.38,0.93
49057,-0.02,0.37,0.93
49067,-0.02,0.37,0.93
49076,-0.01,0.37,0.93
49086,-0.02,0.36,0.93
49096,-0.02,0.37,0.93
49105,-0.01,0.37,0.92
49115,-0.01,0.37,0.92
49125,-0.01,0.38,0.92
49134,-0.01,0.38,0.91
49144,-0.01,0.39,0.91
49153,-0.01,0.39,0.91
49163,-0.01,0.39,0.91
49173,-0.02,0.39,0.91
49182,-0.02,0.39,0.92
49192,-0.02,0.38,0.92
49201,-0.02,0.38,0.92
49211,-0.02,0.38,0.92
49221,-0.02,0.38,0.92
49230,-0.02,0.38,0.92
49240,-0.01,0.38,0.92
49250,-0.01,0.39,0.92
49259,-0.01,0.39,0.91
49269,-0.01,0.40,0.91
49278,-0.01,0.40,0.91
49288,-0.01,0.40,0.91
49298,-0.01,0.39,0.92
49307,-0.02,0.39,0.92
49317,-0.02,0.39,0.92
49326,-0.02,0.38,0.92
49336,-0.02,0.38,0.92
49346,-0.02,0.38,0.91
49355,-0.02,0.38,0.91
49365,-0.01,0.39,0.91
49375,-0.01,0.40,0.92
49384,-0.01,0.39,0.91
49394,-0.01,0.39,0.91
49403,-0.02,0.39,0.92
49413,-0.01,0.39,0.92
49423,-0.01,0.39,0.92
49432,-0.01,0.39,0.92
49442,-0.01,0.39,0.92
49451,-0.01,0.38,0.92
49461,-0.01,0.39,0.92
49471,-0.00,0.39,0.92
49480,0.00,0.39,0.92
49490,0.00,0.39,0.92
49500,-0.00,0.38,0.92
49509,-0.01,0.38,0.92
49519,-0.01,0.38,0.93
49528,-0.01,0.38,0.93
49538,-0.01,0.38,0.93
49548,-0.01,0.39,0.93
49557,-0.01,0.39,0.93
49567,-0.01,0.39,0.92
49576,-0.01,0.39,0.92
49586,-0.01,0.39,0.92
49596,-0.02,0.39,0.92
49605,-0.02,0.39,0.92
49615,-0.02,0.39,0.92
49625,-0.02,0.39,0.91
49634,-0.01,0.39,0.91
49644,-0.01,0.39,0.91
49653,-0.01,0.40,0.91
49663,-0.01,0.40,0.91
49673,-0.01,0.41,0.92
49682,-0.01,0.41,0.92
49692,-0.01,0.41,0.92
49701,-0.00,0.41,0.91
49711,0.00,0.40,0.91
49721,0.00,0.40,0.91
49730,0.00,0.39,0.91
49740,0.01,0.39,0.91
49750,0.01,0.39,0.91
49759,0.00,0.39,0.92
49769,0.01,0.40,0.91
49778,0.01,0.40,0.91
49788,0.01,0.40,0.91
49798,0.01,0.41,0.91
49807,0.01,0.41,0.92
49817,0.01,0.41,0.92
49826,0.01,0.40,0.91
49836,0.02,0.40,0.91
49846,0.02,0.40,0.91
49855,0.01,0.40,0.92
49865,0.01,0.40,0.91
49875,0.01,0.40,0.91
49884,0.02,0.41,0.90
49894,0.02,0.42,0.90
49903,0.02,0.42,0.90
49913,0.02,0.43,0.90
49923,0.02,0.43,0.89
49932,0.02,0.42,0.89
49942,0.02,0.43,0.89
49951,0.01,0.43,0.90
49961,0.01,0.42,0.90
49971,0.02,0.42,0.90
49980,0.02,0.42,0.90
49990,0.02,0.41,0.90
50000,0.02,0.41,0.90
50009,0.02,0.42,0.91
50019,0.02,0.42,0.91
50028,0.02,0.42,0.91
50038,0.03,0.42,0.91
50048,0.03,0.41,0.91
50057,0.02,0.41,0.91
50067,0.03,0.41,0.91
50076,0.03,0.41,0.91
50086,0.03,0.40,0.90
50096,0.03,0.40,0.90
50105,0.03,0.40,0.90
50115,0.03,0.41,0.91
50125,0.03,0.41,0.90
50134,0.03,0.41,0.90
50144,0.03,0.41,0.90
50153,0.04,0.42,0.91
50163,0.03,0.42,0.91
50173,0.02,0.42,0.90
50182,0.04,0.42,0.90
50192,0.03,0.41,0.91
50201,0.03,0.41,0.90
50211,0.03,0.42,0.91
50221,0.03,0.43,0.90
50230,0.03,0.43,0.89
50240,0.03,0.43,0.90
50250,0.03,0.43,0.91
50259,0.03,0.43,0.91
50269,0.03,0.42,0.90
50278,0.03,0.42,0.90
50288,0.03,0.42,0.90
50298,0.03,0.43,0.89
50307,0.04,0.43,0.89
50317,0.04,0.43,0.89
50326,0.04,0.43,0.90
50336,0.04,0.43,0.90
50346,0.04,0.42,0.90
50355,0.04,0.42,0.90
50365,0.04,0.42,0.90
50375,0.04,0.42,0.91
50384,0.03,0.42,0.91
50394,0.04,0.42,0.90
50403,0.04,0.42,0.89
50413,0.04,0.42,0.90
50423,0.04,0.43,0.91
50432,0.04,0.43,0.91
50442,0.04,0.42,0.90
50451,0.05,0.42,0.90
50461,0.04,0.42,0.90
50471,0.04,0.42,0.89
50480,0.04,0.43,0.89
50490,0.04,0.43,0.89
50500,0.04,0.44,0.89
50509,0.04,0.44,0.89
50519,0.04,0.44,0.89
50528,0.03,0.44,0.90
50538,0.04,0.44,0.90
50548,0.04,0.44,0.89
50557,0.04,0.43,0.89
50567,0.04,0.43,0.89
50576,0.04,0.42,0.90
50586,0.03,0.42,0.90
50596,0.03,0.43,0.90
50605,0.05,0.43,0.89
50615,0.05,0.44,0.88
50625,0.05,0.45,0.88
50634,0.05,0.45,0.89
50644,0.05,0.44,0.90
50653,0.04,0.44,0.90
50663,0.04,0.43,0.90
50673,0.04,0.43,0.90
50682,0.05,0.43,0.90
50692,0.04,0.42,0.90
50701,0.05,0.42,0.90
50711,0.05,0.42,0.90
50721,0.05,0.42,0.90
50730,0.04,0.43,0.90
50740,0.04,0.43,0.90
50750,0.04,0.43,0.90
50759,0.04,0.43,0.90
50769,0.04,0.43,0.90
50778,0.04,0.43,0.90
50788,0.04,0.43,0.90
50798,0.05,0.42,0.89
50807,0.04,0.42,0.88
50817,0.04,0.44,0.89
50826,0.04,0.46,0.89
50836,0.04,0.45,0.88
50846,0.04,0.44,0.88
50855,0.03,0.44,0.89
50865,0.03,0.44,0.89
50875,0.03,0.43,0.89
50884,0.03,0.43,0.89
50894,0.03,0.43,0.89
50903,0.03,0.43,0.89
50913,0.03,0.43,0.89
50923,0.03,0.44,0.89
50932,0.03,0.44,0.90
50942,0.03,0.44,0.90
50951,0.03,0.43,0.90
50961,0.04,0.43,0.90
50971,0.04,0.43,0.89
50980,0.04,0.43,0.89
50990,0.04,0.43,0.90
51000,0.03,0.44,0.89
51009,0.04,0.44,0.88
51019,0.04,0.44,0.88
51028,0.04,0.44,0.88
51038,0.04,0.45,0.89
51048,0.04,0.44,0.88
51057,0.04,0.44,0.88
51067,0.04,0.44,0.88
51076,0.05,0.44,0.89
51086,0.05,0.44,0.89
51096,0.05,0.44,0.89
51105,0.05,0.43,0.89
51115,0.04,0.42,0.90
51125,0.04,0.43,0.91
51134,0.04,0.43,0.92
51144,0.04,0.42,0.90
51153,0.04,0.42,0.89
51163,0.04,0.42,0.89
51173,0.04,0.43,0.90
51182,0.04,0.43,0.90
51192,0.04,0.43,0.89
51201,0.04,0.44,0.90
51211,0.04,0.44,0.90
51221,0.04,0.43,0.90
51230,0.04,0.43,0.90
51240,0.04,0.43,0.90
51250,0.04,0.42,0.90
51259,0.04,0.43,0.90
51269,0.03,0.42,0.90
51278,0.03,0.42,0.90
51288,0.03,0.43,0.90
51298,0.03,0.43,0.89
51307,0.04,0.43,0.89
51317,0.04,0.43,0.89
51326,0.04,0.43,0.89
51336,0.04,0.43,0.89
51346,0.04,0.43,0.89
51355,0.04,0.43,0.89
51365,0.04,0.43,0.90
51375,0.04,0.43,0.90
51384,0.04,0.43,0.90
51394,0.04,0.43,0.89
51403,0.04,0.43,0.90
51413,0.04,0.43,0.90
51423,0.04,0.43,0.90
51432,0.04,0.43,0.90
51442,0.04,0.43,0.90
51451,0.04,0.43,0.90
51461,0.04,0.43,0.90
51471,0.05,0.43,0.90
51480,0.04,0.43,0.90
51490,0.04,0.43,0.90
51500,0.04,0.43,0.90
51509,0.04,0.42,0.89
51519,0.04,0.42,0.89
51528,0.04,0.43,0.90
51538,0.04,0.44,0.90
51548,0.04,0.43,0.89
51557,0.04,0.42,0.89
51567,0.04,0.43,0.90
51576,0.04,0.43,0.90
51586,0.04,0.43,0.90
51596,0.05,0.43,0.89
51605,0.05,0.42,0.89
51615,0.05,0.42,0.89
51625,0.05,0.43,0.90
51634,0.04,0.43,0.90
51644,0.03,0.42,0.91
51653,0.03,0.42,0.91
51663,0.03,0.42,0.91
51673,0.04,0.42,0.91
51682,0.04,0.42,0.91
51692,0.05,0.42,0.90
51701,0.04,0.41,0.91
51711,0.04,0.41,0.90
51721,0.04,0.42,0.90
51730,0.05,0.43,0.90
51740,0.04,0.43,0.90
51750,0.04,0.44,0.90
51759,0.04,0.44,0.89
51769,0.04,0.43,0.89
51778,0.03,0.42,0.89
51788,0.03,0.42,0.90
51798,0.03,0.42,0.91
51807,0.04,0.42,0.90
51817,0.04,0.42,0.90
51826,0.04,0.42,0.90
51836,-0.03,0.41,0.89
51846,0.09,0.44,0.92
51855,0.05,0.43,0.90
51865,0.02,0.40,0.89
51875,0.03,0.42,0.90
51884,0.05,0.42,0.89
51894,0.04,0.43,0.89
51903,0.05,0.43,0.89
51913,0.04,0.44,0.90
51923,0.04,0.44,0.89
51932,0.05,0.43,0.89
51942,0.05,0.42,0.89
51951,0.04,0.42,0.90
51961,0.04,0.42,0.91
51971,0.05,0.42,0.90
51980,0.05,0.42,0.90
51990,0.06,0.43,0.90
52000,0.05,0.42,0.90
52009,0.04,0.42,0.90
52019,0.04,0.43,0.91
52028,0.04,0.43,0.91
52038,0.05,0.43,0.90
52048,0.04,0.42,0.90
52057,0.05,0.42,0.90
52067,0.05,0.42,0.90
52076,0.05,0.42,0.90
52086,0.05,0.42,0.90
52096,0.05,0.43,0.90
52105,0.05,0.43,0.90
52115,0.05,0.42,0.90
52125,0.06,0.43,0.89
52134,0.06,0.43,0.89
52144,0.06,0.43,0.88
52153,0.06,0.43,0.88
52163,0.06,0.42,0.89
52173,0.06,0.42,0.90
52182,0.06,0.41,0.90
52192,0.06,0.42,0.90
52201,0.06,0.42,0.91
52211,0.07,0.42,0.90
52221,0.07,0.43,0.90
52230,0.06,0.42,0.91
52240,0.06,0.42,0.90
52250,0.06,0.42,0.90
52259,0.06,0.41,0.89
52269,0.06,0.42,0.89
52278,0.06,0.43,0.91
52288,0.07,0.43,0.91
52298,0.07,0.42,0.89
52307,0.06,0.42,0.89
52317,0.06,0.42,0.90
52326,0.06,0.42,0.90
52336,0.06,0.41,0.90
52346,0.06,0.42,0.90
52355,0.05,0.41,0.90
52365,0.05,0.41,0.91
52375,0.06,0.42,0.91
52384,0.06,0.41,0.91
52394,0.04,0.39,0.91
52403,0.06,0.41,0.91
52413,0.07,0.42,0.90
52423,0.06,0.42,0.90
52432,0.06,0.42,0.90
52442,0.06,0.43,0.92
52451,0.06,0.42,0.91
52461,0.07,0.42,0.90
52471,0.07,0.42,0.90
52480,0.07,0.42,0.90
52490,0.07,0.42,0.89
52500,0.06,0.42,0.89
52509,0.06,0.42,0.89
52519,0.06,0.42,0.90
52528,0.06,0.42,0.90
52538,0.06,0.42,0.90
52548,0.05,0.42,0.91
52557,0.06,0.42,0.91
52567,0.05,0.42,0.91
52576,0.05,0.42,0.91
52586,0.06,0.42,0.90
52596,0.06,0.42,0.90
52605,0.06,0.41,0.89
52615,0.05,0.42,0.89
52625,0.05,0.43,0.90
52634,0.05,0.42,0.90
52644,0.06,0.42,0.91
52653,0.06,0.42,0.91
52663,0.06,0.42,0.91
52673,0.06,0.41,0.91
52682,0.06,0.41,0.91
52692,0.07,0.41,0.90
52701,0.06,0.42,0.90
52711,0.06,0.42,0.90
52721,0.07,0.42,0.89
52730,0.07,0.43,0.89
52740,0.07,0.43,0.90
52750,0.06,0.42,0.90
52759,0.06,0.41,0.91
52769,0.06,0.41,0.91
52778,0.06,0.41,0.91
52788,0.06,0.41,0.91
52798,0.06,0.41,0.90
52807,0.06,0.42,0.90
52817,0.06,0.42,0.90
52826,0.06,0.42,0.90
52836,0.06,0.42,0.90
52846,0.06,0.42,0.90
52855,0.06,0.41,0.90
52865,0.05,0.41,0.90
52875,0.05,0.41,0.90
52884,0.05,0.42,0.91
52894,0.05,0.42,0.91
52903,0.05,0.42,0.91
52913,0.05,0.42,0.91
52923,0.05,0.42,0.91
52932,0.05,0.41,0.90
52942,0.05,0.41,0.90
52951,0.05,0.41,0.90
52961,0.06,0.41,0.90
52971,0.06,0.42,0.90
52980,0.05,0.42,0.90
52990,0.05,0.42,0.91
53000,0.05,0.41,0.91
53009,0.05,0.41,0.90
53019,0.05,0.41,0.90
53028,0.05,0.41,0.90
53038,0.05,0.42,0.90
53048,0.05,0.42,0.90
53057,0.06,0.42,0.89
53067,0.06,0.41,0.90
53076,0.05,0.41,0.91
53086,0.06,0.41,0.91
53096,0.05,0.41,0.91
53105,0.04,0.41,0.91
53115,0.04,0.41,0.91
53125,0.05,0.42,0.91
53134,0.05,0.42,0.91
53144,0.05,0.41,0.91
53153,0.05,0.41,0.90
53163,0.05,0.40,0.90
53173,0.05,0.41,0.91
53182,0.05,0.42,0.90
53192,0.05,0.42,0.90
53201,0.05,0.42,0.90
53211,0.05,0.42,0.90
53221,0.05,0.42,0.90
53230,0.05,0.42,0.91
53240,0.05,0.42,0.91
53250,0.05,0.42,0.91
53259,0.05,0.41,0.91
53269,0.05,0.41,0.91
53278,0.05,0.41,0.90
53288,0.05,0.41,0.90
53298,0.05,0.41,0.91
53307,0.05,0.42,0.90
53317,0.05,0.42,0.90
53326,0.06,0.43,0.90
53336,0.06,0.43,0.90
53346,0.06,0.42,0.90
53355,0.05,0.42,0.90
53365,0.05,0.42,0.90
53375,0.05,0.42,0.90
53384,0.05,0.42,0.91
53394,0.05,0.42,0.91
53403,0.05,0.41,0.90
53413,0.05,0.41,0.90
53423,0.05,0.41,0.91
53432,0.05,0.42,0.90
53442,0.05,0.42,0.90
53451,0.06,0.42,0.90
53461,0.06,0.41,0.90
53471,0.06,0.41,0.90
53480,0.05,0.41,0.90
53490,0.05,0.41,0.91
53500,0.04,0.41,0.91
53509,0.04,0.41,0.91
53519,0.04,0.41,0.91
53528,0.04,0.41,0.91
53538,0.04,0.41,0.91
53548,0.04,0.42,0.91
53557,0.04,0.42,0.91
53567,0.04,0.42,0.91
53576,0.04,0.42,0.90
53586,0.03,0.42,0.90
53596,0.03,0.42,0.89
53605,0.05,0.42,0.89
53615,0.05,0.42,0.90
53625,0.03,0.42,0.89
53634,0.04,0.42,0.89
53644,0.06,0.43,0.90
53653,0.05,0.42,0.90
53663,0.02,0.41,0.89
53673,0.04,0.41,0.90
53682,0.06,0.42,0.91
53692,0.06,0.42,0.91
53701,0.05,0.41,0.91
53711,0.05,0.40,0.92
53721,0.06,0.40,0.92
53730,0.06,0.40,0.92
53740,0.05,0.40,0.92
53750,0.03,0.40,0.91
53759,0.04,0.40,0.91
53769,0.06,0.42,0.91
53778,0.07,0.43,0.91
53788,0.07,0.42,0.91
53798,0.07,0.41,0.90
53807,0.05,0.40,0.89
53817,0.04,0.40,0.89
53826,0.06,0.42,0.90
53836,0.06,0.42,0.90
53846,0.05,0.42,0.90
53855,0.06,0.42,0.90
53865,0.06,0.42,0.90
53875,0.05,0.42,0.89
53884,0.06,0.42,0.88
53894,0.05,0.42,0.90
53903,0.05,0.42,0.92
53913,0.05,0.41,0.92
53923,0.06,0.41,0.91
53932,0.06,0.40,0.91
53942,0.06,0.40,0.91
53951,0.08,0.42,0.91
53961,0.08,0.42,0.91
53971,0.08,0.41,0.91
53980,0.08,0.41,0.90
53990,0.08,0.41,0.90
54000,0.08,0.40,0.90
54009,0.08,0.41,0.90
54019,0.08,0.41,0.90
54028,0.07,0.41,0.90
54038,0.07,0.42,0.91
54048,0.06,0.42,0.91
54057,0.07,0.43,0.91
54067,0.07,0.42,0.91
54076,0.07,0.42,0.91
54086,0.07,0.41,0.90
54096,0.07,0.41,0.90
54105,0.07,0.41,0.90
54115,0.07,0.41,0.90
54125,0.07,0.42,0.90
54134,0.07,0.42,0.90
54144,0.07,0.42,0.90
54153,0.07,0.42,0.90
54163,0.07,0.42,0.90
54173,0.08,0.41,0.91
54182,0.07,0.41,0.91
54192,0.07,0.41,0.91
54201,0.07,0.41,0.92
54211,0.07,0.42,0.92
54221,0.07,0.42,0.91
54230,0.07,0.42,0.91
54240,0.07,0.42,0.91
54250,0.07,0.42,0.90
54259,0.07,0.41,0.90
54269,0.07,0.41,0.90
54278,0.07,0.41,0.90
54288,0.07,0.41,0.89
54298,0.08,0.42,0.89
54307,0.08,0.43,0.89
54317,0.08,0.43,0.89
54326,0.07,0.43,0.90
54336,0.08,0.43,0.90
54346,0.08,0.43,0.90
54355,0.08,0.43,0.90
54365,0.08,0.43,0.90
54375,0.09,0.43,0.90
54384,0.09,0.42,0.89
54394,0.10,0.41,0.89
54403,0.10,0.41,0.89
54413,0.10,0.41,0.90
54423,0.10,0.41,0.90
54432,0.10,0.41,0.91
54442,0.10,0.41,0.91
54451,0.10,0.42,0.91
54461,0.10,0.42,0.91
54471,0.10,0.42,0.91
54480,0.09,0.42,0.91
54490,0.08,0.42,0.91
54500,0.07,0.42,0.91
54509,0.07,0.41,0.91
54519,0.07,0.41,0.90
54528,0.06,0.42,0.89
54538,0.06,0.42,0.89
54548,0.06,0.42,0.89
54557,0.06,0.43,0.89
54567,0.06,0.43,0.89
54576,0.07,0.44,0.89
54586,0.07,0.43,0.88
54596,0.08,0.43,0.89
54605,0.08,0.42,0.89
54615,0.09,0.42,0.89
54625,0.09,0.42,0.89
54634,0.09,0.43,0.89
54644,0.09,0.43,0.90
54653,0.09,0.43,0.90
54663,0.09,0.42,0.90
54673,0.09,0.42,0.90
54682,0.09,0.42,0.90
54692,0.10,0.43,0.90
54701,0.12,0.43,0.88
54711,0.12,0.44,0.87
54721,0.12,0.44,0.88
54730,0.11,0.43,0.88
54740,0.10,0.43,0.89
54750,0.10,0.43,0.90
54759,0.09,0.44,0.90
54769,0.09,0.45,0.90
54778,0.09,0.46,0.89
54788,0.08,0.46,0.88
54798,0.07,0.46,0.88
54807,0.07,0.46,0.88
54817,0.06,0.45,0.88
54826,0.06,0.45,0.87
54836,0.07,0.46,0.88
54846,0.06,0.46,0.88
54855,0.06,0.46,0.88
54865,0.06,0.46,0.88
54875,0.05,0.46,0.88
54884,0.05,0.45,0.89
54894,0.05,0.46,0.89
54903,0.05,0.46,0.89
54913,0.05,0.46,0.89
54923,0.05,0.45,0.89
54932,0.05,0.45,0.89
54942,0.06,0.44,0.89
54951,0.06,0.44,0.89
54961,0.06,0.44,0.89
54971,0.06,0.44,0.89
54980,0.07,0.45,0.89
54990,0.08,0.45,0.89
55000,0.08,0.44,0.89
55009,0.07,0.44,0.89
55019,0.07,0.44,0.90
55028,0.08,0.44,0.90
55038,0.09,0.44,0.90
55048,0.09,0.44,0.89
55057,0.10,0.43,0.89
55067,0.10,0.43,0.89
55076,0.10,0.44,0.89
55086,0.10,0.44,0.89
55096,0.10,0.44,0.89
55105,0.09,0.44,0.90
55115,0.09,0.44,0.89
55125,0.08,0.43,0.89
55134,0.08,0.43,0.90
55144,0.08,0.44,0.90
55153,0.09,0.44,0.90
55163,0.09,0.44,0.89
55173,0.09,0.44,0.89
55182,0.09,0.45,0.88
55192,0.10,0.45,0.88
55201,0.09,0.46,0.88
55211,0.09,0.46,0.88
55221,0.08,0.45,0.88
55230,0.09,0.45,0.88
55240,0.09,0.45,0.89
55250,0.10,0.45,0.89
55259,0.10,0.45,0.89
55269,0.10,0.46,0.89
55278,0.10,0.46,0.89
55288,0.10,0.46,0.89
55298,0.10,0.47,0.88
55307,0.10,0.46,0.89
55317,0.11,0.46,0.88
55326,0.11,0.46,0.87
55336,0.11,0.47,0.87
55346,0.11,0.47,0.86
55355,0.11,0.47,0.86
55365,0.11,0.48,0.86
55375,0.11,0.48,0.86
55384,0.11,0.48,0.87
55394,0.11,0.48,0.87
55403,0.11,0.48,0.88
55413,0.11,0.48,0.88
55423,0.11,0.48,0.87
55432,0.12,0.47,0.87
55442,0.12,0.46,0.87
55451,0.12,0.46,0.86
55461,0.12,0.46,0.86
55471,0.12,0.46,0.87
55480,0.11,0.46,0.88
55490,0.11,0.46,0.88
55500,0.11,0.46,0.88
55509,0.11,0.46,0.88
55519,0.11,0.45,0.88
55528,0.11,0.46,0.88
55538,0.11,0.47,0.88
55548,0.11,0.46,0.87
55557,0.11,0.47,0.87
55567,0.11,0.48,0.88
55576,0.11,0.48,0.87
55586,0.12,0.48,0.86
55596,0.13,0.48,0.86
55605,0.12,0.47,0.86
55615,0.12,0.47,0.86
55625,0.12,0.47,0.86
55634,0.13,0.48,0.86
55644,0.13,0.48,0.86
55653,0.13,0.48,0.87
55663,0.13,0.48,0.87
55673,0.13,0.48,0.88
55682,0.13,0.48,0.88
55692,0.13,0.47,0.88
55701,0.13,0.47,0.88
55711,0.13,0.46,0.87
55721,0.13,0.47,0.87
55730,0.13,0.47,0.87
55740,0.13,0.48,0.85
55750,0.12,0.48,0.86
55759,0.11,0.48,0.86
55769,0.11,0.47,0.86
55778,0.10,0.48,0.87
55788,0.10,0.48,0.86
55798,0.11,0.49,0.86
55807,0.11,0.49,0.86
55817,0.12,0.48,0.86
55826,0.13,0.48,0.86
55836,0.13,0.48,0.87
55846,0.13,0.48,0.87
55855,0.13,0.47,0.87
55865,0.13,0.46,0.87
55875,0.13,0.47,0.87
55884,0.12,0.46,0.87
55894,0.13,0.48,0.86
55903,0.15,0.48,0.86
55913,0.12,0.47,0.87
55923,0.11,0.47,0.87
55932,0.11,0.48,0.86
55942,0.12,0.48,0.87
55951,0.12,0.48,0.87
55961,0.13,0.48,0.86
55971,0.11,0.46,0.87
55980,0.12,0.47,0.87
55990,0.13,0.46,0.88
56000,0.12,0.46,0.88
56009,0.12,0.46,0.88
56019,0.14,0.47,0.87
56028,0.13,0.45,0.86
56038,0.13,0.47,0.87
56048,0.13,0.47,0.88
56057,0.13,0.46,0.87
56067,0.13,0.46,0.87
56076,0.13,0.45,0.87
56086,0.12,0.45,0.87
56096,0.13,0.45,0.87
56105,0.12,0.45,0.87
56115,0.13,0.46,0.87
56125,0.12,0.45,0.89
56134,0.11,0.46,0.90
56144,0.11,0.46,0.89
56153,0.12,0.46,0.89
56163,0.12,0.46,0.89
56173,0.13,0.46,0.88
56182,0.12,0.45,0.87
56192,0.13,0.46,0.86
56201,0.15,0.45,0.86
56211,0.15,0.45,0.87
56221,0.15,0.46,0.87
56230,0.15,0.46,0.87
56240,0.14,0.45,0.88
56250,0.14,0.44,0.88
56259,0.13,0.44,0.88
56269,0.15,0.45,0.87
56278,0.15,0.45,0.88
56288,0.15,0.45,0.89
56298,0.15,0.44,0.89
56307,0.15,0.44,0.89
56317,0.15,0.43,0.88
56326,0.15,0.42,0.88
56336,0.15,0.44,0.87
56346,0.15,0.44,0.88
56355,0.15,0.43,0.89
56365,0.14,0.44,0.89
56375,0.14,0.45,0.89
56384,0.14,0.44,0.89
56394,0.16,0.44,0.88
56403,0.17,0.44,0.86
56413,0.17,0.44,0.86
56423,0.17,0.45,0.87
56432,0.16,0.45,0.88
56442,0.17,0.44,0.88
56451,0.17,0.44,0.87
56461,0.17,0.44,0.87
56471,0.16,0.43,0.87
56480,0.19,0.43,0.88
56490,0.16,0.42,0.89
56500,0.16,0.42,0.90
56509,0.16,0.43,0.90
56519,0.17,0.42,0.90
56528,0.16,0.43,0.89
56538,0.17,0.43,0.88
56548,0.18,0.42,0.89
56557,0.17,0.42,0.89
56567,0.16,0.42,0.89
56576,0.16,0.43,0.89
56586,0.16,0.42,0.89
56596,0.17,0.42,0.89
56605,0.18,0.43,0.89
56615,0.18,0.43,0.89
56625,0.17,0.43,0.89
56634,0.17,0.42,0.90
56644,0.16,0.42,0.89
56653,0.16,0.42,0.89
56663,0.17,0.42,0.89
56673,0.18,0.41,0.89
56682,0.18,0.41,0.88
56692,0.17,0.42,0.88
56701,0.17,0.43,0.88
56711,0.18,0.43,0.88
56721,0.18,0.43,0.87
56730,0.18,0.43,0.87
56740,0.18,0.43,0.87
56750,0.18,0.43,0.88
56759,0.18,0.43,0.89
56769,0.19,0.43,0.90
56778,0.19,0.41,0.89
56788,0.17,0.42,0.91
56798,0.20,0.42,0.88
56807,0.19,0.41,0.88
56817,0.20,0.42,0.89
56826,0.20,0.41,0.88
56836,0.20,0.41,0.88
56846,0.20,0.41,0.88
56855,0.19,0.42,0.89
56865,0.18,0.42,0.89
56875,0.18,0.43,0.88
56884,0.20,0.44,0.88
56894,0.20,0.42,0.86
56903,0.20,0.41,0.86
56913,0.23,0.42,0.86
56923,0.21,0.43,0.87
56932,0.22,0.44,0.87
56942,0.21,0.44,0.89
56951,0.21,0.43,0.89
56961,0.21,0.43,0.89
56971,0.22,0.41,0.89
56980,0.23,0.41,0.89
56990,0.23,0.40,0.88
57000,0.23,0.40,0.89
57009,0.23,0.39,0.89
57019,0.22,0.39,0.89
57028,0.21,0.39,0.89
57038,0.20,0.40,0.89
57048,0.20,0.41,0.88
57057,0.20,0.42,0.88
57067,0.19,0.42,0.88
57076,0.19,0.42,0.88
57086,0.20,0.41,0.88
57096,0.20,0.41,0.89
57105,0.21,0.42,0.89
57115,0.22,0.42,0.90
57125,0.21,0.41,0.90
57134,0.22,0.41,0.90
57144,0.22,0.39,0.89
57153,0.22,0.38,0.87
57163,0.22,0.39,0.87
57173,0.25,0.41,0.87
57182,0.24,0.40,0.87
57192,0.22,0.41,0.87
57201,0.22,0.42,0.87
57211,0.22,0.42,0.87
57221,0.23,0.42,0.87
57230,0.23,0.42,0.88
57240,0.22,0.40,0.88
57250,0.22,0.39,0.88
57259,0.25,0.40,0.88
57269,0.28,0.38,0.87
57278,0.28,0.39,0.87
57288,0.26,0.39,0.88
57298,0.27,0.40,0.87
57307,0.30,0.41,0.87
57317,0.30,0.41,0.88
57326,0.30,0.41,0.87
57336,0.28,0.41,0.87
57346,0.28,0.41,0.86
57355,0.27,0.42,0.87
57365,0.27,0.43,0.87
57375,0.27,0.43,0.86
57384,0.25,0.43,0.86
57394,0.26,0.44,0.87
57403,0.25,0.43,0.87
57413,0.25,0.42,0.87
57423,0.24,0.41,0.88
57432,0.23,0.40,0.88
57442,0.23,0.40,0.89
57451,0.23,0.40,0.88
57461,0.24,0.40,0.87
57471,0.25,0.41,0.87
57480,0.25,0.42,0.88
57490,0.25,0.42,0.89
57500,0.24,0.41,0.89
57509,0.22,0.40,0.89
57519,0.22,0.40,0.88
57528,0.22,0.40,0.88
57538,0.23,0.41,0.88
57548,0.24,0.42,0.87
57557,0.24,0.42,0.87
57567,0.24,0.42,0.86
57576,0.24,0.42,0.87
57586,0.24,0.42,0.88
57596,0.24,0.42,0.88
57605,0.24,0.41,0.88
57615,0.24,0.40,0.88
57625,0.24,0.40,0.88
57634,0.24,0.40,0.88
57644,0.25,0.41,0.87
57653,0.26,0.41,0.87
57663,0.27,0.40,0.87
57673,0.29,0.40,0.86
57682,0.31,0.40,0.87
57692,0.32,0.39,0.88
57701,0.31,0.38,0.88
57711,0.31,0.38,0.88
57721,0.31,0.38,0.88
57730,0.29,0.38,0.88
57740,0.29,0.39,0.89
57750,0.29,0.39,0.88
57759,0.28,0.38,0.89
57769,0.27,0.38,0.89
57778,0.26,0.38,0.89
57788,0.25,0.39,0.88
57798,0.25,0.40,0.88
57807,0.27,0.41,0.88
57817,0.28,0.42,0.87
57826,0.28,0.41,0.87
57836,0.28,0.40,0.87
57846,0.27,0.39,0.87
57855,0.27,0.38,0.87
57865,0.27,0.40,0.88
57875,0.28,0.38,0.87
57884,0.27,0.39,0.86
57894,0.28,0.41,0.86
57903,0.29,0.41,0.86
57913,0.29,0.41,0.87
57923,0.29,0.40,0.87
57932,0.30,0.40,0.87
57942,0.30,0.40,0.87
57951,0.30,0.40,0.87
57961,0.31,0.40,0.87
57971,0.30,0.41,0.86
57980,0.30,0.41,0.87
57990,0.30,0.40,0.87
58000,0.31,0.40,0.85
58009,0.31,0.41,0.85
58019,0.31,0.42,0.85
58028,0.31,0.42,0.85
58038,0.31,0.42,0.85
58048,0.31,0.41,0.86
58057,0.30,0.40,0.86
58067,0.30,0.39,0.85
58076,0.30,0.40,0.85
58086,0.31,0.41,0.85
58096,0.30,0.40,0.84
58105,0.30,0.40,0.85
58115,0.32,0.40,0.85
58125,0.32,0.39,0.86
58134,0.33,0.39,0.86
58144,0.33,0.39,0.85
58153,0.32,0.39,0.86
58163,0.32,0.38,0.87
58173,0.32,0.39,0.86
58182,0.32,0.38,0.87
58192,0.33,0.39,0.87
58201,0.35,0.39,0.87
58211,0.36,0.39,0.86
58221,0.36,0.39,0.86
58230,0.37,0.38,0.85
58240,0.36,0.36,0.85
58250,0.34,0.37,0.86
58259,0.34,0.38,0.86
58269,0.34,0.39,0.86
58278,0.34,0.39,0.85
58288,0.34,0.40,0.85
58298,0.34,0.41,0.85
58307,0.34,0.41,0.84
58317,0.34,0.41,0.85
58326,0.33,0.40,0.86
58336,0.32,0.39,0.86
58346,0.32,0.38,0.86
58355,0.32,0.38,0.86
58365,0.32,0.38,0.86
58375,0.32,0.38,0.86
58384,0.32,0.38,0.87
58394,0.33,0.39,0.87
58403,0.34,0.39,0.86
58413,0.34,0.39,0.85
58423,0.34,0.39,0.85
58432,0.34,0.38,0.86
58442,0.33,0.38,0.86
58451,0.33,0.38,0.86
58461,0.32,0.38,0.86
58471,0.33,0.39,0.85
58480,0.34,0.39,0.85
58490,0.34,0.39,0.85
58500,0.34,0.39,0.85
58509,0.34,0.39,0.86
58519,0.34,0.39,0.87
58528,0.34,0.39,0.87
58538,0.33,0.38,0.87
58548,0.33,0.38,0.87
58557,0.33,0.38,0.86
58567,0.34,0.37,0.85
58576,0.35,0.36,0.85
58586,0.35,0.36,0.84
58596,0.34,0.37,0.85
58605,0.35,0.39,0.86
58615,0.35,0.40,0.86
58625,0.35,0.40,0.85
58634,0.34,0.40,0.86
58644,0.34,0.40,0.85
58653,0.34,0.40,0.84
58663,0.34,0.39,0.84
58673,0.34,0.38,0.84
58682,0.35,0.39,0.84
58692,0.36,0.39,0.84
58701,0.36,0.39,0.85
58711,0.35,0.38,0.85
58721,0.35,0.38,0.85
58730,0.35,0.37,0.85
58740,0.35,0.37,0.85
58750,0.36,0.39,0.85
58759,0.36,0.40,0.85
58769,0.36,0.40,0.86
58778,0.36,0.39,0.86
58788,0.35,0.39,0.85
58798,0.35,0.38,0.85
58807,0.35,0.37,0.85
58817,0.34,0.38,0.85
58826,0.34,0.39,0.85
58836,0.35,0.40,0.85
58846,0.35,0.40,0.85
58855,0.34,0.39,0.84
58865,0.34,0.39,0.84
58875,0.35,0.39,0.84
58884,0.34,0.40,0.84
58894,0.33,0.40,0.85
58903,0.33,0.40,0.85
58913,0.33,0.39,0.85
58923,0.33,0.39,0.86
58932,0.33,0.39,0.87
58942,0.34,0.38,0.86
58951,0.34,0.38,0.86
58961,0.34,0.39,0.86
58971,0.35,0.38,0.85
58980,0.34,0.39,0.85
58990,0.34,0.39,0.85
59000,0.33,0.39,0.86
59009,0.34,0.39,0.85
59019,0.34,0.39,0.85
59028,0.33,0.39,0.85
59038,0.32,0.39,0.86
59048,0.33,0.39,0.86
59057,0.34,0.40,0.85
59067,0.34,0.40,0.84
59076,0.35,0.40,0.84
59086,0.34,0.40,0.84
59096,0.35,0.40,0.85
59105,0.35,0.40,0.86
59115,0.34,0.40,0.86
59125,0.33,0.39,0.85
59134,0.34,0.39,0.85
59144,0.34,0.39,0.85
59153,0.34,0.40,0.85
59163,0.35,0.40,0.85
59173,0.35,0.41,0.84
59182,0.36,0.41,0.83
59192,0.37,0.40,0.83
59201,0.37,0.40,0.83
59211,0.36,0.40,0.84
59221,0.35,0.40,0.84
59230,0.34,0.39,0.84
59240,0.35,0.39,0.84
59250,0.36,0.39,0.85
59259,0.36,0.39,0.85
59269,0.37,0.39,0.85
59278,0.35,0.41,0.85
59288,0.34,0.40,0.84
59298,0.31,0.38,0.84
59307,0.33,0.38,0.86
59317,0.33,0.39,0.86
59326,0.34,0.41,0.85
59336,0.34,0.42,0.85
59346,0.34,0.43,0.85
59355,0.34,0.43,0.85
59365,0.34,0.41,0.85
59375,0.35,0.40,0.84
59384,0.35,0.38,0.84
59394,0.35,0.37,0.84
59403,0.34,0.36,0.85
59413,0.33,0.35,0.86
59423,0.33,0.36,0.86
59432,0.33,0.38,0.87
59442,0.34,0.41,0.86
59451,0.35,0.42,0.85
59461,0.35,0.43,0.84
59471,0.35,0.43,0.84
59480,0.35,0.43,0.84
59490,0.34,0.42,0.83
59500,0.34,0.43,0.84
59509,0.34,0.42,0.84
59519,0.34,0.42,0.83
59528,0.34,0.41,0.84
59538,0.34,0.40,0.84
59548,0.34,0.39,0.85
59557,0.35,0.38,0.84
59567,0.35,0.37,0.86
59576,0.34,0.37,0.87
59586,0.33,0.37,0.88
59596,0.33,0.37,0.87
59605,0.33,0.38,0.86
59615,0.34,0.39,0.86
59625,0.35,0.40,0.86
59634,0.35,0.39,0.87
59644,0.34,0.39,0.87
59653,0.33,0.38,0.86
59663,0.34,0.37,0.85
59673,0.34,0.38,0.85
59682,0.34,0.39,0.85
59692,0.34,0.39,0.84
59701,0.34,0.39,0.84
59711,0.34,0.39,0.85
59721,0.35,0.41,0.86
59730,0.36,0.41,0.85
59740,0.35,0.41,0.86
59750,0.33,0.40,0.86
59759,0.34,0.39,0.85
59769,0.34,0.38,0.85
59778,0.34,0.37,0.85
59788,0.35,0.36,0.85
59798,0.35,0.36,0.85
59807,0.36,0.37,0.85
59817,0.35,0.37,0.86
59826,0.34,0.38,0.87
59836,0.33,0.39,0.88
59846,0.34,0.40,0.88
59855,0.35,0.40,0.87
59865,0.36,0.40,0.86
59875,0.36,0.39,0.85
59884,0.35,0.39,0.85
59894,0.35,0.39,0.85
59903,0.33,0.39,0.85
59913,0.32,0.40,0.86
59923,0.32,0.41,0.86
59932,0.33,0.42,0.84
59942,0.33,0.42,0.83
59951,0.34,0.42,0.82
59961,0.34,0.41,0.83
59971,0.33,0.41,0.84
59980,0.32,0.41,0.85
59990,0.32,0.42,0.86
60000,0.33,0.42,0.85
60009,0.33,0.42,0.85
60019,0.34,0.41,0.85
60028,0.33,0.39,0.86
60038,0.32,0.38,0.86
60048,0.32,0.36,0.86
60057,0.31,0.36,0.87
60067,0.30,0.36,0.88
60076,0.29,0.37,0.90
60086,0.29,0.38,0.90
60096,0.29,0.38,0.89
60105,0.31,0.37,0.89
60115,0.31,0.37,0.88
60125,0.30,0.36,0.88
60134,0.28,0.35,0.90
60144,0.29,0.36,0.89
60153,0.31,0.37,0.88
60163,0.32,0.37,0.87
60173,0.32,0.37,0.86
60182,0.32,0.37,0.87
60192,0.31,0.37,0.87
60201,0.31,0.37,0.87
60211,0.30,0.38,0.86
60221,0.31,0.39,0.87
60230,0.32,0.39,0.87
60240,0.34,0.40,0.87
60250,0.34,0.40,0.87
60259,0.35,0.39,0.85
60269,0.36,0.39,0.84
60278,0.36,0.38,0.83
60288,0.36,0.39,0.83
60298,0.36,0.40,0.83
60307,0.35,0.42,0.84
60317,0.35,0.42,0.84
60326,0.35,0.43,0.84
60336,0.35,0.43,0.84
60346,0.35,0.44,0.84
60355,0.34,0.44,0.84
60365,0.34,0.43,0.84
60375,0.33,0.43,0.84
60384,0.33,0.42,0.83
60394,0.34,0.42,0.81
60403,0.36,0.43,0.80
60413,0.37,0.44,0.80
60423,0.37,0.45,0.82
60432,0.36,0.45,0.83
60442,0.36,0.45,0.83
60451,0.36,0.43,0.83
60461,0.36,0.42,0.83
60471,0.36,0.41,0.83
60480,0.36,0.40,0.82
60490,0.36,0.40,0.83
60500,0.36,0.40,0.83
60509,0.35,0.40,0.84
60519,0.36,0.41,0.84
60528,0.36,0.42,0.84
60538,0.36,0.42,0.84
60548,0.36,0.41,0.84
60557,0.36,0.39,0.85
60567,0.35,0.38,0.86
60576,0.35,0.38,0.86
60586,0.34,0.38,0.87
60596,0.34,0.38,0.86
60605,0.34,0.38,0.85
60615,0.34,0.39,0.84
60625,0.34,0.40,0.85
60634,0.34,0.41,0.86
60644,0.34,0.41,0.86
60653,0.34,0.41,0.86
60663,0.34,0.41,0.85
60673,0.34,0.41,0.85
60682,0.34,0.42,0.85
60692,0.34,0.42,0.85
60701,0.34,0.42,0.84
60711,0.33,0.43,0.84
60721,0.33,0.43,0.86
60730,0.34,0.42,0.85
60740,0.34,0.43,0.83
60750,0.34,0.43,0.81
60759,0.33,0.44,0.82
60769,0.33,0.44,0.83
60778,0.33,0.44,0.84
60788,0.33,0.43,0.84
60798,0.32,0.44,0.84
60807,0.32,0.44,0.85
60817,0.33,0.45,0.83
60826,0.33,0.45,0.83
60836,0.34,0.44,0.84
60846,0.35,0.43,0.84
60855,0.34,0.43,0.85
60865,0.33,0.43,0.86
60875,0.33,0.44,0.85
60884,0.34,0.44,0.85
60894,0.31,0.42,0.83
60903,0.29,0.42,0.82
60913,0.28,0.43,0.83
60923,0.26,0.43,0.84
60932,0.26,0.44,0.83
60942,0.30,0.47,0.82
60951,0.35,0.48,0.81
60961,0.38,0.47,0.80
60971,0.42,0.45,0.80
60980,0.43,0.41,0.83
60990,0.42,0.39,0.83
61000,0.41,0.40,0.83
61009,0.40,0.40,0.83
61019,0.40,0.40,0.81
61028,0.41,0.44,0.78
61038,0.44,0.45,0.78
61048,0.46,0.44,0.81
61057,0.42,0.41,0.82
61067,0.41,0.42,0.81
61076,0.39,0.44,0.77
61086,0.40,0.47,0.74
61096,0.41,0.50,0.74
61105,0.42,0.50,0.76
61115,0.42,0.49,0.78
61125,0.41,0.48,0.79
61134,0.40,0.46,0.81
61144,0.39,0.44,0.81
61153,0.40,0.43,0.80
61163,0.40,0.42,0.79
61173,0.41,0.42,0.79
61182,0.40,0.42,0.80
61192,0.41,0.43,0.81
61201,0.42,0.42,0.81
61211,0.42,0.42,0.81
61221,0.42,0.42,0.82
61230,0.41,0.42,0.82
61240,0.41,0.43,0.82
61250,0.42,0.43,0.83
61259,0.41,0.42,0.83
61269,0.41,0.40,0.82
61278,0.41,0.39,0.82
61288,0.41,0.41,0.82
61298,0.41,0.42,0.82
61307,0.41,0.42,0.82
61317,0.39,0.41,0.81
61326,0.37,0.41,0.81
61336,0.37,0.42,0.81
61346,0.37,0.43,0.81
61355,0.38,0.45,0.82
61365,0.38,0.44,0.83
61375,0.39,0.43,0.84
61384,0.39,0.40,0.84
61394,0.39,0.40,0.83
61403,0.39,0.40,0.82
61413,0.39,0.41,0.82
61423,0.39,0.43,0.82
61432,0.39,0.45,0.82
61442,0.38,0.45,0.82
61451,0.37,0.44,0.84
61461,0.36,0.42,0.86
61471,0.36,0.40,0.86
61480,0.38,0.39,0.85
61490,0.38,0.39,0.82
61500,0.39,0.41,0.81
61509,0.40,0.43,0.80
61519,0.40,0.44,0.80
61528,0.40,0.44,0.81
61538,0.39,0.42,0.81
61548,0.38,0.40,0.80
61557,0.38,0.41,0.80
61567,0.39,0.44,0.81
61576,0.40,0.46,0.81
61586,0.40,0.46,0.82
61596,0.40,0.45,0.81
61605,0.40,0.43,0.80
61615,0.41,0.41,0.81
61625,0.42,0.41,0.82
61634,0.42,0.40,0.83
61644,0.41,0.39,0.82
61653,0.40,0.38,0.81
61663,0.41,0.40,0.81
61673,0.41,0.40,0.81
61682,0.41,0.41,0.81
61692,0.40,0.42,0.81
61701,0.40,0.42,0.82
61711,0.39,0.42,0.81
61721,0.39,0.43,0.79
61730,0.41,0.46,0.78
61740,0.43,0.48,0.77
61750,0.43,0.48,0.77
61759,0.44,0.47,0.77
61769,0.43,0.44,0.78
61778,0.41,0.43,0.79
61788,0.41,0.42,0.80
61798,0.40,0.42,0.80
61807,0.40,0.41,0.80
61817,0.41,0.42,0.79
61826,0.42,0.41,0.78
61836,0.41,0.41,0.78
61846,0.41,0.43,0.79
61855,0.41,0.44,0.80
61865,0.42,0.45,0.80
61875,0.42,0.44,0.80
61884,0.41,0.44,0.81
61894,0.40,0.43,0.81
61903,0.41,0.45,0.80
61913,0.43,0.48,0.80
61923,0.42,0.46,0.80
61932,0.42,0.45,0.80
61942,0.40,0.42,0.82
61951,0.40,0.39,0.83
61961,0.39,0.37,0.84
61971,0.38,0.34,0.85
61980,0.35,0.32,0.85
61990,0.33,0.32,0.85
62000,0.36,0.34,0.86
62009,0.37,0.35,0.85
62019,0.42,0.35,0.83
62028,0.40,0.40,0.88
62038,0.40,0.41,0.89
62048,0.38,0.39,0.84
62057,0.35,0.38,0.83
62067,0.40,0.39,0.83
62076,0.38,0.40,0.80
62086,0.40,0.41,0.79
62096,0.39,0.44,0.80
62105,0.36,0.44,0.83
62115,0.34,0.44,0.85
62125,0.34,0.44,0.85
62134,0.36,0.43,0.84
62144,0.37,0.42,0.84
62153,0.38,0.40,0.85
62163,0.37,0.38,0.86
62173,0.37,0.37,0.86
62182,0.37,0.37,0.86
62192,0.36,0.38,0.85
62201,0.36,0.40,0.84
62211,0.36,0.42,0.83
62221,0.37,0.43,0.82
62230,0.38,0.44,0.81
62240,0.38,0.45,0.81
62250,0.37,0.46,0.81
62259,0.37,0.45,0.82
62269,0.37,0.44,0.82
62278,0.38,0.43,0.82
62288,0.39,0.43,0.82
62298,0.39,0.43,0.82
62307,0.39,0.42,0.82
62317,0.38,0.40,0.83
62326,0.38,0.40,0.83
62336,0.38,0.40,0.83
62346,0.38,0.40,0.82
62355,0.38,0.40,0.82
62365,0.37,0.41,0.82
62375,0.36,0.42,0.83
62384,0.37,0.42,0.83
62394,0.39,0.42,0.82
62403,0.39,0.42,0.82
62413,0.40,0.42,0.82
62423,0.40,0.43,0.81
62432,0.40,0.43,0.82
62442,0.41,0.43,0.82
62451,0.40,0.42,0.81
62461,0.40,0.42,0.81
62471,0.39,0.41,0.81
62480,0.38,0.41,0.82
62490,0.40,0.42,0.81
62500,0.41,0.41,0.80
62509,0.41,0.42,0.80
62519,0.41,0.41,0.81
62528,0.41,0.41,0.81
62538,0.41,0.40,0.82
62548,0.41,0.39,0.83
62557,0.41,0.39,0.82
62567,0.41,0.39,0.81
62576,0.41,0.40,0.80
62586,0.41,0.40,0.80
62596,0.41,0.41,0.80
62605,0.41,0.42,0.81
62615,0.40,0.42,0.81
62625,0.40,0.42,0.80
62634,0.40,0.41,0.80
62644,0.41,0.42,0.81
62653,0.42,0.43,0.78
62663,0.44,0.42,0.77
62673,0.44,0.42,0.78
62682,0.41,0.40,0.77
62692,0.40,0.39,0.81
62701,0.41,0.39,0.82
62711,0.41,0.41,0.79
62721,0.43,0.43,0.81
62730,0.46,0.46,0.82
62740,0.45,0.45,0.81
62750,0.46,0.42,0.80
62759,0.44,0.40,0.78
62769,0.42,0.42,0.79
62778,0.38,0.44,0.83
62788,0.37,0.45,0.85
62798,0.36,0.45,0.84
62807,0.37,0.44,0.81
62817,0.38,0.44,0.81
62826,0.39,0.45,0.80
62836,0.38,0.45,0.80
62846,0.39,0.44,0.80
62855,0.39,0.44,0.82
62865,0.39,0.44,0.84
62875,0.36,0.43,0.84
62884,0.36,0.45,0.87
62894,0.35,0.46,0.87
62903,0.34,0.44,0.86
62913,0.32,0.40,0.84
62923,0.32,0.40,0.86
62932,0.32,0.40,0.87
62942,0.34,0.40,0.85
62951,0.35,0.42,0.83
62961,0.36,0.41,0.80
62971,0.37,0.41,0.80
62980,0.37,0.44,0.82
62990,0.38,0.45,0.82
63000,0.38,0.44,0.80
63009,0.39,0.41,0.79
63019,0.39,0.47,0.82
63028,0.40,0.48,0.82
63038,0.41,0.40,0.78
63048,0.39,0.44,0.81
63057,0.42,0.45,0.81
63067,0.42,0.44,0.82
63076,0.43,0.43,0.81
63086,0.42,0.43,0.80
63096,0.43,0.42,0.79
63105,0.41,0.43,0.79
63115,0.40,0.43,0.79
63125,0.40,0.43,0.80
63134,0.40,0.43,0.80
63144,0.41,0.43,0.78
63153,0.41,0.45,0.78
63163,0.40,0.46,0.79
63173,0.38,0.47,0.80
63182,0.38,0.46,0.80
63192,0.39,0.45,0.79
63201,0.40,0.44,0.80
63211,0.39,0.43,0.81
63221,0.38,0.43,0.83
63230,0.37,0.43,0.84
63240,0.38,0.43,0.82
63250,0.38,0.43,0.80
63259,0.38,0.45,0.80
63269,0.38,0.45,0.81
63278,0.39,0.45,0.81
63288,0.39,0.45,0.81
63298,0.39,0.44,0.80
63307,0.39,0.44,0.80
63317,0.36,0.45,0.81
63326,0.36,0.45,0.81
63336,0.37,0.45,0.81
63346,0.36,0.45,0.80
63355,0.38,0.46,0.80
63365,0.38,0.46,0.81
63375,0.37,0.45,0.83
63384,0.37,0.45,0.83
63394,0.37,0.43,0.83
63403,0.37,0.43,0.82
63413,0.37,0.43,0.81
63423,0.38,0.44,0.80
63432,0.39,0.44,0.80
63442,0.39,0.44,0.80
63451,0.40,0.43,0.81
63461,0.40,0.43,0.82
63471,0.40,0.43,0.82
63480,0.41,0.44,0.82
63490,0.41,0.46,0.81
63500,0.41,0.46,0.80
63509,0.40,0.47,0.79
63519,0.41,0.47,0.79
63528,0.41,0.44,0.79
63538,0.41,0.42,0.79
63548,0.42,0.42,0.80
63557,0.41,0.41,0.80
63567,0.39,0.42,0.79
63576,0.40,0.43,0.79
63586,0.41,0.44,0.79
63596,0.41,0.44,0.78
63605,0.42,0.44,0.79
63615,0.43,0.43,0.79
63625,0.44,0.44,0.77
63634,0.44,0.44,0.78
63644,0.44,0.44,0.78
63653,0.44,0.44,0.79
63663,0.46,0.43,0.80
63673,0.47,0.42,0.80
63682,0.48,0.43,0.80
63692,0.48,0.42,0.81
63701,0.48,0.42,0.81
63711,0.48,0.41,0.81
63721,0.47,0.42,0.80
63730,0.49,0.44,0.79
63740,0.48,0.45,0.78
63750,0.46,0.45,0.77
63759,0.44,0.45,0.75
63769,0.44,0.46,0.75
63778,0.44,0.46,0.75
63788,0.45,0.47,0.75
63798,0.44,0.46,0.77
63807,0.44,0.46,0.78
63817,0.45,0.44,0.77
63826,0.45,0.43,0.76
63836,0.44,0.45,0.75
63846,0.45,0.47,0.75
63855,0.45,0.48,0.75
63865,0.46,0.48,0.75
63875,0.46,0.47,0.76
63884,0.44,0.45,0.77
63894,0.43,0.45,0.79
63903,0.43,0.45,0.79
63913,0.45,0.45,0.78
63923,0.46,0.46,0.77
63932,0.46,0.46,0.75
63942,0.45,0.47,0.76
63951,0.44,0.47,0.77
63961,0.44,0.47,0.76
63971,0.44,0.46,0.76
63980,0.45,0.46,0.75
63990,0.45,0.46,0.76
64000,0.45,0.46,0.77
64009,0.44,0.46,0.78
64019,0.44,0.45,0.78
64028,0.44,0.45,0.77
64038,0.45,0.46,0.75
64048,0.46,0.46,0.75
64057,0.45,0.46,0.75
64067,0.44,0.45,0.76
64076,0.44,0.45,0.77
64086,0.44,0.45,0.77
64096,0.44,0.45,0.77
64105,0.45,0.45,0.78
64115,0.45,0.45,0.79
64125,0.46,0.44,0.79
64134,0.45,0.44,0.79
64144,0.44,0.44,0.79
64153,0.44,0.44,0.78
64163,0.44,0.44,0.78
64173,0.45,0.43,0.77
64182,0.44,0.44,0.77
64192,0.44,0.44,0.77
64201,0.43,0.43,0.78
64211,0.43,0.44,0.78
64221,0.44,0.44,0.78
64230,0.44,0.45,0.79
64240,0.45,0.46,0.79
64250,0.45,0.46,0.79
64259,0.44,0.46,0.79
64269,0.44,0.46,0.79
64278,0.44,0.46,0.79
64288,0.44,0.46,0.78
64298,0.44,0.45,0.77
64307,0.44,0.45,0.76
64317,0.44,0.46,0.76
64326,0.44,0.47,0.76
64336,0.44,0.48,0.76
64346,0.42,0.47,0.77
64355,0.43,0.49,0.76
64365,0.45,0.48,0.76
64375,0.45,0.46,0.76
64384,0.46,0.47,0.75
64394,0.44,0.46,0.75
64403,0.43,0.46,0.74
64413,0.45,0.47,0.74
64423,0.45,0.47,0.74
64432,0.45,0.48,0.74
64442,0.46,0.48,0.75
64451,0.46,0.48,0.76
64461,0.45,0.47,0.77
64471,0.44,0.47,0.76
64480,0.45,0.47,0.75
64490,0.46,0.46,0.74
64500,0.46,0.46,0.74
64509,0.45,0.46,0.75
64519,0.44,0.46,0.76
64528,0.44,0.46,0.76
64538,0.45,0.46,0.76
64548,0.45,0.46,0.76
64557,0.47,0.46,0.75
64567,0.47,0.46,0.75
64576,0.46,0.47,0.74
64586,0.47,0.48,0.73
64596,0.47,0.49,0.74
64605,0.47,0.49,0.75
64615,0.48,0.48,0.76
64625,0.48,0.47,0.76
64634,0.48,0.46,0.76
64644,0.47,0.45,0.77
64653,0.46,0.44,0.78
64663,0.46,0.45,0.77
64673,0.46,0.46,0.76
64682,0.47,0.47,0.76
64692,0.49,0.46,0.76
64701,0.49,0.45,0.76
64711,0.47,0.45,0.76
64721,0.46,0.45,0.76
64730,0.46,0.45,0.77
64740,0.47,0.44,0.76
64750,0.46,0.43,0.76
64759,0.46,0.44,0.76
64769,0.47,0.45,0.75
64778,0.47,0.46,0.72
64788,0.49,0.48,0.71
64798,0.49,0.48,0.72
64807,0.48,0.47,0.73
64817,0.49,0.47,0.74
64826,0.49,0.46,0.74
64836,0.49,0.46,0.74
64846,0.48,0.47,0.74
64855,0.48,0.48,0.75
64865,0.49,0.48,0.75
64875,0.49,0.46,0.75
64884,0.49,0.45,0.75
64894,0.48,0.44,0.76
64903,0.47,0.45,0.77
64913,0.47,0.45,0.75
64923,0.48,0.47,0.74
64932,0.48,0.48,0.73
64942,0.48,0.46,0.72
64951,0.49,0.46,0.72
64961,0.49,0.46,0.74
64971,0.49,0.45,0.76
64980,0.49,0.44,0.76
64990,0.48,0.42,0.77
65000,0.47,0.42,0.77
65009,0.46,0.42,0.76
65019,0.46,0.43,0.75
65028,0.47,0.44,0.75
65038,0.48,0.46,0.75
65048,0.44,0.46,0.75
65057,0.44,0.45,0.76
65067,0.46,0.43,0.77
65076,0.47,0.41,0.78
65086,0.47,0.40,0.79
65096,0.46,0.40,0.79
65105,0.46,0.41,0.77
65115,0.47,0.43,0.75
65125,0.49,0.44,0.73
65134,0.49,0.46,0.72
65144,0.49,0.46,0.74
65153,0.50,0.46,0.74
65163,0.50,0.44,0.74
65173,0.50,0.43,0.74
65182,0.50,0.44,0.75
65192,0.49,0.45,0.76
65201,0.49,0.45,0.77
65211,0.49,0.45,0.79
65221,0.50,0.44,0.79
65230,0.50,0.41,0.79
65240,0.49,0.39,0.78
65250,0.49,0.39,0.78
65259,0.49,0.40,0.77
65269,0.49,0.41,0.76
65278,0.50,0.44,0.73
65288,0.52,0.46,0.72
65298,0.52,0.48,0.72
65307,0.51,0.48,0.73
65317,0.50,0.47,0.74
65326,0.47,0.46,0.75
65336,0.48,0.45,0.74
65346,0.49,0.46,0.72
65355,0.49,0.47,0.72
65365,0.48,0.46,0.73
65375,0.48,0.45,0.75
65384,0.47,0.44,0.77
65394,0.47,0.43,0.77
65403,0.48,0.43,0.77
65413,0.48,0.43,0.77
65423,0.46,0.44,0.75
65432,0.46,0.46,0.75
65442,0.47,0.47,0.75
65451,0.49,0.47,0.74
65461,0.49,0.47,0.75
65471,0.47,0.45,0.75
65480,0.48,0.44,0.73
65490,0.49,0.44,0.74
65500,0.49,0.44,0.75
65509,0.50,0.44,0.75
65519,0.50,0.44,0.75
65528,0.49,0.44,0.74
65538,0.49,0.45,0.73
65548,0.49,0.46,0.74
65557,0.50,0.45,0.75
65567,0.50,0.44,0.74
65576,0.51,0.43,0.74
65586,0.51,0.43,0.75
65596,0.51,0.43,0.75
65605,0.50,0.43,0.75
65615,0.52,0.43,0.75
65625,0.52,0.42,0.76
65634,0.51,0.42,0.76
65644,0.51,0.42,0.76
65653,0.50,0.42,0.75
65663,0.50,0.43,0.74
65673,0.50,0.44,0.73
65682,0.51,0.45,0.71
65692,0.51,0.45,0.71
65701,0.51,0.45,0.72
65711,0.51,0.45,0.73
65721,0.50,0.45,0.74
65730,0.50,0.45,0.75
65740,0.50,0.44,0.74
65750,0.50,0.44,0.74
65759,0.51,0.44,0.74
65769,0.51,0.44,0.74
65778,0.51,0.44,0.76
65788,0.50,0.43,0.77
65798,0.49,0.42,0.76
65807,0.49,0.41,0.76
65817,0.49,0.41,0.76
65826,0.49,0.42,0.76
65836,0.49,0.43,0.76
65846,0.49,0.44,0.75
65855,0.50,0.44,0.75
65865,0.50,0.44,0.74
65875,0.50,0.45,0.74
65884,0.50,0.46,0.72
65894,0.50,0.46,0.72
65903,0.51,0.46,0.72
65913,0.50,0.45,0.73
65923,0.50,0.45,0.74
65932,0.49,0.44,0.76
65942,0.49,0.43,0.76
65951,0.50,0.42,0.76
65961,0.50,0.42,0.76
65971,0.50,0.42,0.76
65980,0.50,0.42,0.76
65990,0.49,0.42,0.77
66000,0.49,0.42,0.77
66009,0.48,0.42,0.77
66019,0.49,0.43,0.76
66028,0.49,0.44,0.74
66038,0.50,0.44,0.73
66048,0.51,0.45,0.73
66057,0.50,0.46,0.73
66067,0.50,0.45,0.74
66076,0.50,0.44,0.74
66086,0.50,0.43,0.75
66096,0.50,0.44,0.75
66105,0.50,0.44,0.74
66115,0.50,0.44,0.74
66125,0.50,0.44,0.75
66134,0.50,0.43,0.75
66144,0.50,0.42,0.75
66153,0.50,0.42,0.76
66163,0.49,0.42,0.76
66173,0.49,0.43,0.75
66182,0.50,0.44,0.75
66192,0.50,0.45,0.74
66201,0.51,0.45,0.74
66211,0.50,0.45,0.74
66221,0.50,0.44,0.75
66230,0.50,0.43,0.75
66240,0.50,0.42,0.75
66250,0.50,0.42,0.76
66259,0.49,0.42,0.76
66269,0.49,0.43,0.75
66278,0.49,0.43,0.75
66288,0.50,0.43,0.75
66298,0.50,0.43,0.76
66307,0.51,0.42,0.76
66317,0.50,0.42,0.76
66326,0.49,0.43,0.76
66336,0.49,0.44,0.76
66346,0.49,0.44,0.75
66355,0.49,0.44,0.75
66365,0.49,0.44,0.75
66375,0.49,0.43,0.75
66384,0.50,0.43,0.75
66394,0.50,0.42,0.75
66403,0.50,0.43,0.75
66413,0.49,0.43,0.75
66423,0.49,0.44,0.75
66432,0.49,0.44,0.75
66442,0.49,0.45,0.01
66451,0.50,0.44,0.75
66461,0.50,0.44,0.75
66471,0.50,0.44,0.76
66480,0.50,0.42,0.76
66490,0.50,0.41,0.77
66500,0.49,0.41,0.77
66509,0.49,0.41,0.77
66519,0.49,0.42,0.76
66528,0.49,0.42,0.75
66538,0.50,0.42,0.75
66548,0.50,0.42,0.76
66557,0.50,0.42,0.77
66567,0.50,0.42,0.77
66576,0.50,0.42,0.76
66586,0.50,0.42,0.76
66596,0.50,0.43,0.75
66605,0.50,0.43,0.75
66615,0.51,0.42,0.74
66625,0.52,0.42,0.73
66634,0.52,0.42,0.74
66644,0.51,0.42,0.75
66653,0.51,0.42,0.75
66663,0.51,0.42,0.76
66673,0.51,0.42,0.75
66682,0.52,0.42,0.75
66692,0.52,0.42,0.75
66701,0.51,0.41,0.75
66711,0.50,0.39,0.76
66721,0.49,0.39,0.75
66730,0.49,0.40,0.74
66740,0.48,0.43,0.73
66750,0.48,0.46,0.74
66759,0.49,0.46,0.74
66769,0.48,0.45,0.74
66778,0.47,0.45,0.75
66788,0.46,0.45,0.76
66798,0.47,0.46,0.77
66807,0.47,0.47,0.77
66817,0.48,0.48,0.77
66826,0.47,0.46,0.77
66836,0.46,0.45,0.77
66846,0.45,0.43,0.79
66855,0.44,0.41,0.80
66865,0.44,0.41,0.80
66875,0.43,0.41,0.81
66884,0.43,0.43,0.81
66894,0.43,0.43,0.81
66903,0.42,0.43,0.80
66913,0.43,0.42,0.78
66923,0.44,0.43,0.77
66932,0.44,0.44,0.76
66942,0.44,0.46,0.78
66951,0.42,0.45,0.81
66961,0.41,0.44,0.81
66971,0.41,0.44,0.81
66980,0.42,0.45,0.80
66990,0.42,0.45,0.80
67000,0.42,0.44,0.81
67009,0.42,0.44,0.81
67019,0.42,0.43,0.81
67028,0.43,0.42,0.80
67038,0.43,0.42,0.81
67048,0.42,0.43,0.81
67057,0.40,0.43,0.82
67067,0.42,0.44,0.82
67076,0.43,0.45,0.81
67086,0.44,0.45,0.79
67096,0.46,0.45,0.78
67105,0.46,0.46,0.75
67115,0.46,0.45,0.75
67125,0.45,0.45,0.75
67134,0.43,0.46,0.77
67144,0.42,0.47,0.78
67153,0.41,0.49,0.79
67163,0.39,0.49,0.80
67173,0.39,0.49,0.80
67182,0.40,0.48,0.81
67192,0.38,0.44,0.80
67201,0.37,0.43,0.78
67211,0.40,0.43,0.78
67221,0.40,0.45,0.79
67230,0.39,0.46,0.80
67240,0.38,0.47,0.81
67250,0.37,0.46,0.83
67259,0.36,0.46,0.82
67269,0.37,0.48,0.80
67278,0.37,0.48,0.76
67288,0.38,0.50,0.75
67298,0.39,0.50,0.75
67307,0.38,0.50,0.76
67317,0.37,0.50,0.78
67326,0.36,0.49,0.79
67336,0.36,0.48,0.79
67346,0.35,0.48,0.79
67355,0.34,0.47,0.81
67365,0.33,0.47,0.82
67375,0.33,0.48,0.82
67384,0.30,0.47,0.84
67394,0.29,0.45,0.86
67403,0.30,0.44,0.86
67413,0.29,0.43,0.87
67423,0.28,0.43,0.86
67432,0.28,0.42,0.86
67442,0.27,0.43,0.86
67451,0.26,0.45,0.87
67461,0.25,0.46,0.87
67471,0.25,0.47,0.87
67480,0.26,0.44,0.84
67490,0.25,0.44,0.83
67500,0.25,0.46,0.83
67509,0.24,0.47,0.83
67519,0.24,0.47,0.84
67528,0.25,0.46,0.83
67538,0.24,0.46,0.83
67548,0.26,0.47,0.82
67557,0.23,0.47,0.86
67567,0.22,0.44,0.89
67576,0.21,0.42,0.90
67586,0.21,0.43,0.88
67596,0.22,0.42,0.86
67605,0.23,0.42,0.85
67615,0.25,0.44,0.86
67625,0.25,0.45,0.86
67634,0.24,0.45,0.86
67644,0.24,0.44,0.87
67653,0.23,0.43,0.87
67663,0.23,0.43,0.87
67673,0.23,0.42,0.86
67682,0.24,0.44,0.85
67692,0.26,0.45,0.86
67701,0.26,0.46,0.85
67711,0.26,0.45,0.86
67721,0.24,0.44,0.87
67730,0.23,0.44,0.87
67740,0.24,0.44,0.86
67750,0.25,0.45,0.85
67759,0.26,0.45,0.85
67769,0.25,0.45,0.86
67778,0.23,0.44,0.86
67788,0.22,0.44,0.87
67798,0.21,0.44,0.88
67807,0.20,0.44,0.88
67817,0.19,0.44,0.89
67826,0.20,0.44,0.89
67836,0.19,0.45,0.88
67846,0.20,0.44,0.88
67855,0.20,0.45,0.88
67865,0.18,0.45,0.88
67875,0.18,0.45,0.87
67884,0.18,0.46,0.87
67894,0.17,0.45,0.87
67903,0.16,0.45,0.87
67913,0.15,0.45,0.88
67923,0.15,0.45,0.88
67932,0.15,0.46,0.87
67942,0.16,0.45,0.86
67951,0.18,0.47,0.86
67961,0.19,0.47,0.86
67971,0.18,0.47,0.86
67980,0.16,0.45,0.87
67990,0.15,0.44,0.89
68000,0.14,0.44,0.91
68009,0.14,0.43,0.90
68019,0.14,0.42,0.90
68028,0.16,0.42,0.88
68038,0.16,0.42,0.87
68048,0.17,0.43,0.87
68057,0.18,0.44,0.87
68067,0.19,0.45,0.87
68076,0.19,0.46,0.87
68086,0.20,0.46,0.87
68096,0.21,0.45,0.87
68105,0.21,0.44,0.87
68115,0.21,0.43,0.87
68125,0.21,0.43,0.86
68134,0.20,0.42,0.87
68144,0.19,0.43,0.88
68153,0.20,0.43,0.88
68163,0.20,0.44,0.88
68173,0.20,0.44,0.88
68182,0.19,0.44,0.88
68192,0.20,0.44,0.88
68201,0.20,0.43,0.88
68211,0.21,0.44,0.88
68221,0.21,0.45,0.87
68230,0.21,0.45,0.86
68240,0.20,0.44,0.86
68250,0.19,0.44,0.87
68259,0.18,0.44,0.88
68269,0.18,0.44,0.89
68278,0.18,0.43,0.89
68288,0.19,0.43,0.88
68298,0.20,0.43,0.87
68307,0.20,0.44,0.87
68317,0.20,0.44,0.86
68326,0.20,0.44,0.86
68336,0.19,0.44,0.87
68346,0.18,0.44,0.88
68355,0.18,0.44,0.89
68365,0.18,0.43,0.89
68375,0.18,0.43,0.88
68384,0.18,0.43,0.87
68394,0.20,0.43,0.86
68403,0.21,0.44,0.86
68413,0.20,0.44,0.87
68423,0.19,0.44,0.89
68432,0.17,0.44,0.90
68442,0.17,0.44,0.90
68451,0.17,0.43,0.90
68461,0.18,0.42,0.89
68471,0.18,0.43,0.87
68480,0.18,0.43,0.87
68490,0.18,0.43,0.87
68500,0.17,0.43,0.86
68509,0.17,0.44,0.87
68519,0.17,0.44,0.87
68528,0.16,0.44,0.88
68538,0.17,0.44,0.88
68548,0.17,0.43,0.88
68557,0.16,0.44,0.89
68567,0.15,0.44,0.90
68576,0.14,0.44,0.90
68586,0.15,0.43,0.90
68596,0.15,0.43,0.89
68605,0.15,0.43,0.89
68615,0.15,0.43,0.88
68625,0.15,0.43,0.87
68634,0.15,0.44,0.86
68644,0.16,0.45,0.86
68653,0.15,0.45,0.87
68663,0.16,0.46,0.88
68673,0.16,0.45,0.88
68682,0.16,0.43,0.89
68692,0.15,0.43,0.90
68701,0.14,0.42,0.91
68711,0.14,0.41,0.92
68721,0.15,0.41,0.91
68730,0.15,0.42,0.91
68740,0.14,0.42,0.92
68750,0.14,0.42,0.92
68759,0.14,0.42,0.92
68769,0.15,0.41,0.90
68778,0.15,0.40,0.89
68788,0.15,0.41,0.89
68798,0.16,0.41,0.90
68807,0.15,0.41,0.90
68817,0.14,0.40,0.90
68826,0.13,0.39,0.91
68836,0.13,0.39,0.91
68846,0.13,0.40,0.90
68855,0.14,0.42,0.90
68865,0.14,0.42,0.90
68875,0.14,0.41,0.89
68884,0.13,0.40,0.90
68894,0.12,0.41,0.92
68903,0.10,0.40,0.93
68913,0.10,0.39,0.93
68923,0.11,0.39,0.92
68932,0.11,0.39,0.91
68942,0.11,0.39,0.90
68951,0.11,0.39,0.89
68961,0.11,0.40,0.89
68971,0.10,0.41,0.90
68980,0.10,0.42,0.90
68990,0.10,0.42,0.91
69000,0.10,0.41,0.92
69009,0.11,0.39,0.93
69019,0.11,0.38,0.94
69028,0.12,0.37,0.95
69038,0.11,0.37,0.95
69048,0.10,0.36,0.95
69057,0.10,0.36,0.94
69067,0.09,0.35,0.93
69076,0.09,0.35,0.93
69086,0.09,0.37,0.93
69096,0.08,0.38,0.92
69105,0.08,0.39,0.90
69115,0.08,0.41,0.88
69125,0.09,0.43,0.89
69134,0.09,0.43,0.90
69144,0.08,0.43,0.90
69153,0.07,0.42,0.89
69163,0.07,0.42,0.89
69173,0.07,0.42,0.90
69182,0.07,0.43,0.91
69192,0.06,0.43,0.92
69201,0.06,0.41,0.92
69211,0.06,0.40,0.92
69221,0.07,0.38,0.92
69230,0.08,0.37,0.92
69240,0.09,0.38,0.91
69250,0.09,0.37,0.91
69259,0.08,0.37,0.92
69269,0.06,0.39,0.94
69278,0.05,0.40,0.97
69288,0.04,0.39,0.97
69298,0.04,0.38,0.96
69307,0.05,0.37,0.94
69317,0.04,0.37,0.93
69326,0.03,0.38,0.92
69336,0.03,0.39,0.92
69346,0.03,0.39,0.91
69355,0.04,0.39,0.88
69365,0.06,0.40,0.88
69375,0.07,0.41,0.90
69384,0.06,0.41,0.92
69394,0.04,0.41,0.93
69403,0.01,0.39,0.94
69413,0.01,0.38,0.95
69423,0.03,0.38,0.95
69432,0.04,0.38,0.93
69442,0.05,0.38,0.93
69451,0.04,0.38,0.93
69461,0.03,0.39,0.94
69471,0.02,0.39,0.95
69480,0.00,0.39,0.95
69490,0.01,0.40,0.96
69500,0.01,0.42,0.97
69509,0.01,0.42,0.97
69519,0.01,0.40,0.94
69528,0.03,0.38,0.92
69538,0.05,0.38,0.90
69548,0.06,0.39,0.89
69557,0.07,0.40,0.88
69567,0.08,0.41,0.90
69576,0.07,0.42,0.92
69586,0.07,0.42,0.94
69596,0.08,0.42,0.96
69605,0.08,0.39,0.97
69615,0.10,0.37,0.96
69625,0.12,0.35,0.95
69634,0.12,0.33,0.95
69644,0.11,0.34,0.95
69653,0.12,0.34,0.96
69663,0.10,0.33,0.95
69673,0.10,0.32,0.93
69682,0.10,0.32,0.94
69692,0.11,0.34,0.95
69701,0.11,0.32,0.95
69711,0.11,0.30,0.93
69721,0.09,0.28,0.95
69730,0.08,0.29,0.98
69740,0.05,0.26,1.01
69750,0.03,0.24,1.02
69759,0.03,0.23,1.02
69769,0.02,0.21,1.00
69778,0.02,0.21,0.99
69788,0.03,0.22,0.98
69798,0.02,0.23,0.97
69807,-0.01,0.24,0.97
69817,-0.04,0.23,0.96
69826,-0.05,0.23,0.94
69836,-0.04,0.22,0.93
69846,-0.04,0.20,0.91
69855,-0.00,0.21,0.91
69865,0.02,0.21,0.93
69875,0.04,0.18,0.96
69884,0.01,0.14,1.00
69894,-0.03,0.11,1.04
69903,-0.05,0.10,1.08
69913,-0.08,0.09,1.08
69923,-0.08,0.10,1.06
69932,-0.08,0.08,1.03
69942,-0.07,0.09,1.01
69951,-0.05,0.10,0.98
69961,-0.04,0.11,0.94
69971,-0.04,0.15,0.92
69980,0.00,0.16,0.92
69990,0.02,0.16,0.91
70000,0.02,0.17,0.90
70009,0.01,0.15,0.91
70019,0.02,0.12,0.93
70028,0.02,0.10,0.95
70038,0.03,0.08,0.97
70048,0.03,0.07,0.98
70057,0.04,0.06,0.97
70067,0.04,0.05,0.97
70076,0.06,0.06,0.98
70086,0.07,0.08,1.00
70096,0.08,0.09,1.02
70105,0.08,0.10,1.02
70115,0.08,0.09,1.01
70125,0.10,0.09,1.00
70134,0.11,0.08,1.00
70144,0.12,0.07,1.01
70153,0.12,0.06,1.02
70163,0.11,0.06,1.02
70173,0.10,0.07,1.02
70182,0.10,0.09,1.03
70192,0.10,0.10,1.02
70201,0.10,0.09,1.00
70211,0.09,0.07,0.99
70221,0.08,0.05,0.99
70230,0.08,0.03,0.98
70240,0.09,0.02,0.95
70250,0.10,0.01,0.94
70259,0.08,0.01,0.92
70269,0.07,0.03,0.91
70278,0.05,0.07,0.94
70288,0.03,0.09,0.98
70298,0.00,0.08,1.01
70307,-0.03,0.06,1.03
70317,-0.04,0.03,1.03
70326,-0.03,0.02,1.02
70336,-0.01,0.00,1.01
70346,0.01,-0.03,1.02
70355,0.02,-0.04,1.02
70365,0.03,-0.04,1.02
70375,0.03,-0.04,1.03
70384,0.03,-0.03,1.02
70394,0.02,-0.01,1.00
70403,0.01,-0.00,0.99
70413,-0.01,-0.01,0.99
70423,-0.03,-0.02,0.99
70432,-0.04,-0.02,0.99
70442,-0.03,-0.01,1.00
70451,-0.01,0.02,1.01
70461,0.00,0.04,1.01
70471,0.00,0.03,0.99
70480,-0.01,0.01,0.98
70490,-0.02,0.01,0.97
70500,-0.02,-0.01,0.97
70509,-0.04,-0.01,0.97
70519,-0.06,-0.02,0.98
70528,-0.06,-0.01,0.99
70538,-0.05,-0.01,0.97
70548,-0.05,-0.00,0.96
70557,-0.04,0.01,0.95
70567,-0.04,0.02,0.94
70576,-0.04,0.03,0.93
70586,-0.04,0.02,0.92
70596,-0.04,0.02,0.93
70605,-0.08,0.01,0.94
70615,-0.07,0.01,0.96
70625,-0.08,-0.03,0.98
70634,-0.07,-0.05,0.98
70644,-0.05,-0.04,0.98
70653,-0.04,-0.04,0.98
70663,-0.03,-0.05,0.97
70673,-0.02,-0.06,0.95
70682,-0.02,-0.07,0.94
70692,-0.03,-0.07,0.96
70701,-0.03,-0.08,0.98
70711,-0.04,-0.08,0.99
70721,-0.04,-0.09,0.98
70730,-0.04,-0.09,0.99
70740,-0.03,-0.09,0.99
70750,-0.03,-0.08,1.00
70759,-0.03,-0.06,1.00
70769,-0.03,-0.06,1.00
70778,-0.03,-0.07,0.99
70788,-0.04,-0.10,0.99
70798,-0.04,-0.11,0.99
70807,-0.03,-0.12,1.01
70817,-0.02,-0.13,1.01
70826,-0.02,-0.12,1.00
70836,-0.01,-0.10,1.00
70846,-0.01,-0.07,0.99
70855,-0.00,-0.06,0.98
70865,-0.00,-0.07,0.97
70875,-0.02,-0.11,0.97
70884,-0.02,-0.14,0.98
70894,-0.03,-0.15,0.99
70903,-0.03,-0.16,1.01
70913,-0.04,-0.15,1.03
70923,-0.04,-0.15,1.04
70932,-0.05,-0.15,1.03
70942,-0.04,-0.14,1.00
70951,-0.04,-0.13,0.97
70961,-0.03,-0.11,0.96
70971,-0.03,-0.10,0.98
70980,-0.06,-0.11,1.00
70990,-0.07,-0.13,1.01
71000,-0.08,-0.15,1.00
71009,-0.07,-0.15,0.98
71019,-0.06,-0.15,0.96
71028,-0.05,-0.14,0.94
71038,-0.04,-0.14,0.93
71048,-0.03,-0.14,0.93
71057,-0.03,-0.15,0.94
71067,-0.04,-0.15,0.95
71076,-0.04,-0.16,0.96
71086,-0.04,-0.16,0.96
71096,-0.04,-0.16,0.96
71105,-0.04,-0.17,0.97
71115,-0.05,-0.20,0.98
71125,-0.06,-0.22,1.00
71134,-0.06,-0.22,1.00
71144,-0.06,-0.22,1.00
71153,-0.06,-0.23,1.00
71163,-0.06,-0.23,0.99
71173,-0.06,-0.23,0.99
71182,-0.07,-0.24,0.98
71192,-0.07,-0.25,0.97
71201,-0.07,-0.23,0.96
71211,-0.08,-0.21,0.96
71221,-0.08,-0.20,0.97
71230,-0.10,-0.20,0.96
71240,-0.10,-0.20,0.95
71250,-0.10,-0.21,0.94
71259,-0.09,-0.22,0.94
71269,-0.07,-0.22,0.93
71278,-0.07,-0.21,0.93
71288,-0.07,-0.20,0.93
71298,-0.06,-0.21,0.93
71307,-0.07,-0.21,0.94
71317,-0.06,-0.22,0.95
71326,-0.08,-0.22,0.96
71336,-0.08,-0.23,0.97
71346,-0.07,-0.23,0.99
71355,-0.06,-0.24,1.01
71365,-0.06,-0.26,1.01
71375,-0.06,-0.28,1.00
71384,-0.06,-0.30,0.99
71394,-0.07,-0.32,0.99
71403,-0.09,-0.31,0.99
71413,-0.09,-0.29,1.00
71423,-0.11,-0.25,1.00
71432,-0.11,-0.22,1.00
71442,-0.12,-0.20,0.99
71451,-0.15,-0.19,0.97
71461,-0.08,-0.19,0.96
71471,-0.09,-0.21,0.95
71480,-0.08,-0.21,0.96
71490,-0.10,-0.20,0.96
71500,-0.10,-0.21,0.96
71509,-0.10,-0.23,0.97
71519,-0.10,-0.24,0.97
71528,-0.11,-0.24,0.95
71538,-0.12,-0.23,0.93
71548,-0.12,-0.21,0.92
71557,-0.12,-0.20,0.92
71567,-0.12,-0.19,0.91
71576,-0.13,-0.18,0.91
71586,-0.12,-0.18,0.92
71596,-0.11,-0.17,0.92
71605,-0.11,-0.16,0.93
71615,-0.12,-0.16,0.94
71625,-0.11,-0.17,0.94
71634,-0.10,-0.18,0.95
71644,-0.10,-0.18,0.96
71653,-0.10,-0.19,0.98
71663,-0.10,-0.20,1.00
71673,-0.10,-0.21,1.00
71682,-0.11,-0.23,1.01
71692,-0.10,-0.25,1.01
71701,-0.11,-0.26,1.01
71711,-0.10,-0.27,1.00
71721,-0.10,-0.28,0.99
71730,-0.10,-0.29,1.00
71740,-0.10,-0.29,1.00
71750,-0.11,-0.28,1.01
71759,-0.11,-0.28,1.00
71769,-0.12,-0.28,1.01
71778,-0.13,-0.27,1.00
71788,-0.13,-0.27,1.00
71798,-0.14,-0.25,0.98
71807,-0.15,-0.22,0.97
71817,-0.15,-0.20,0.96
71826,-0.14,-0.21,0.94
71836,-0.13,-0.21,0.93
71846,-0.13,-0.21,0.93
71855,-0.14,-0.20,0.95
71865,-0.14,-0.20,0.96
71875,-0.14,-0.17,0.97
71884,-0.14,-0.15,0.96
71894,-0.12,-0.16,0.95
71903,-0.11,-0.17,0.94
71913,-0.08,-0.18,0.93
71923,-0.06,-0.20,0.93
71932,-0.05,-0.21,0.93
71942,-0.07,-0.22,0.96
71951,-0.10,-0.23,0.97
71961,-0.12,-0.23,0.97
71971,-0.13,-0.22,0.97
71980,-0.13,-0.20,0.98
71990,-0.14,-0.17,0.99
72000,-0.14,-0.16,1.00
72009,-0.14,-0.16,1.00
72019,-0.15,-0.16,1.00
72028,-0.16,-0.16,0.99
72038,-0.16,-0.15,0.97
72048,-0.14,-0.15,0.96
72057,-0.13,-0.14,0.95
72067,-0.12,-0.16,0.94
72076,-0.11,-0.17,0.94
72086,-0.10,-0.18,0.95
72096,-0.09,-0.19,0.96
72105,-0.08,-0.20,0.96
72115,-0.07,-0.21,0.96
72125,-0.07,-0.22,0.96
72134,-0.08,-0.21,0.95
72144,-0.08,-0.20,0.95
72153,-0.09,-0.19,0.96
72163,-0.09,-0.18,0.97
72173,-0.10,-0.17,0.97
72182,-0.11,-0.17,0.99
72192,-0.12,-0.17,1.00
72201,-0.13,-0.17,1.00
72211,-0.14,-0.18,1.00
72221,-0.13,-0.19,0.99
72230,-0.12,-0.19,0.98
72240,-0.11,-0.20,0.96
72250,-0.10,-0.19,0.94
72259,-0.09,-0.18,0.95
72269,-0.08,-0.16,0.95
72278,-0.08,-0.16,0.97
72288,-0.09,-0.17,0.98
72298,-0.09,-0.17,0.99
72307,-0.09,-0.18,0.99
72317,-0.08,-0.19,0.99
72326,-0.07,-0.20,0.98
72336,-0.05,-0.21,0.98
72346,-0.03,-0.20,0.97
72355,-0.03,-0.20,0.96
72365,-0.02,-0.20,0.96
72375,-0.04,-0.19,0.96
72384,-0.04,-0.18,0.98
72394,-0.07,-0.18,1.00
72403,-0.08,-0.18,1.01
72413,-0.09,-0.17,1.01
72423,-0.09,-0.17,1.00
72432,-0.09,-0.18,0.99
72442,-0.08,-0.18,0.98
72451,-0.07,-0.17,0.96
72461,-0.07,-0.17,0.97
72471,-0.07,-0.17,0.99
72480,-0.07,-0.17,1.00
72490,-0.09,-0.17,1.01
72500,-0.08,-0.18,1.00
72509,-0.07,-0.20,0.98
72519,-0.07,-0.22,0.98
72528,-0.06,-0.23,0.98
72538,-0.06,-0.22,0.98
72548,-0.05,-0.20,0.98
72557,-0.04,-0.20,0.97
72567,-0.03,-0.19,0.96
72576,-0.01,-0.17,0.95
72586,-0.01,-0.15,0.95
72596,-0.03,-0.15,0.95
72605,-0.03,-0.16,0.96
72615,-0.03,-0.18,0.96
72625,-0.04,-0.17,0.96
72634,-0.05,-0.15,0.98
72644,-0.05,-0.14,0.98
72653,-0.04,-0.12,0.98
72663,-0.03,-0.12,0.98
72673,-0.04,-0.12,0.99
72682,-0.04,-0.13,1.00
72692,-0.03,-0.16,1.00
72701,-0.03,-0.17,1.00
72711,-0.02,-0.19,1.00
72721,-0.02,-0.20,0.99
72730,-0.02,-0.20,1.00
72740,-0.01,-0.21,0.99
72750,-0.02,-0.18,0.99
72759,-0.00,-0.16,0.97
72769,0.02,-0.16,0.95
72778,0.01,-0.16,0.96
72788,0.01,-0.15,0.97
72798,0.01,-0.15,0.97
72807,0.02,-0.14,0.97
72817,0.03,-0.16,0.98
72826,0.03,-0.16,0.96
72836,0.04,-0.17,0.97
72846,0.03,-0.20,0.99
72855,0.01,-0.20,0.99
72865,0.01,-0.19,0.99
72875,0.02,-0.17,0.99
72884,0.02,-0.16,1.00
72894,0.02,-0.15,1.00
72903,0.04,-0.15,0.99
72913,0.06,-0.15,0.95
72923,0.04,-0.16,0.98
72932,0.03,-0.16,0.99
72942,0.03,-0.17,0.99
72951,0.04,-0.17,0.99
72961,0.05,-0.17,0.98
72971,0.05,-0.18,0.98
72980,0.05,-0.19,0.98
72990,0.04,-0.19,0.99
73000,0.04,-0.18,0.99
73009,0.04,-0.16,0.97
73019,0.04,-0.15,0.96
73028,0.03,-0.15,0.96
73038,0.03,-0.16,0.97
73048,0.02,-0.16,0.97
73057,0.02,-0.17,0.98
73067,0.02,-0.17,0.98
73076,0.04,-0.17,0.98
73086,0.05,-0.17,0.98
73096,0.05,-0.17,0.98
73105,0.04,-0.18,0.98
73115,0.04,-0.19,0.98
73125,0.04,-0.18,0.97
73134,0.04,-0.18,0.98
73144,0.05,-0.17,0.98
73153,0.06,-0.17,0.96
73163,0.06,-0.18,0.96
73173,0.07,-0.18,0.95
73182,0.06,-0.18,0.95
73192,0.05,-0.18,0.96
73201,0.05,-0.18,0.97
73211,0.04,-0.17,0.98
73221,0.05,-0.16,0.99
73230,0.06,-0.17,1.00
73240,0.06,-0.18,0.99
73250,0.06,-0.20,1.00
73259,0.05,-0.21,1.00
73269,0.04,-0.21,1.01
73278,0.03,-0.21,1.01
73288,0.03,-0.20,1.00
73298,0.04,-0.20,0.99
73307,0.05,-0.20,0.97
73317,0.05,-0.18,0.97
73326,0.04,-0.18,0.99
73336,0.03,-0.17,1.00
73346,0.02,-0.17,1.01
73355,0.00,-0.18,1.00
73365,-0.01,-0.18,0.99
73375,0.02,-0.17,0.96
73384,0.05,-0.17,0.95
73394,0.07,-0.17,0.94
73403,0.07,-0.18,0.94
73413,0.06,-0.18,0.95
73423,0.05,-0.18,0.97
73432,0.03,-0.19,1.00
73442,0.02,-0.19,1.01
73451,0.01,-0.19,1.01
73461,0.02,-0.20,1.00
73471,0.02,-0.21,0.99
73480,0.01,-0.23,0.99
73490,0.01,-0.22,1.00
73500,0.00,-0.22,1.01
73509,0.02,-0.21,1.01
73519,0.01,-0.20,1.00
73528,0.00,-0.20,0.99
73538,0.00,-0.19,0.98
73548,0.00,-0.20,0.97
73557,0.01,-0.20,0.97
73567,0.01,-0.20,0.98
73576,0.02,-0.21,0.98
73586,0.04,-0.23,0.97
73596,0.05,-0.25,0.97
73605,0.06,-0.24,0.97
73615,0.04,-0.22,0.97
73625,0.02,-0.22,0.99
73634,-0.02,-0.21,1.01
73644,-0.03,-0.22,1.03
73653,-0.03,-0.24,1.03
73663,-0.02,-0.24,1.00
73673,0.01,-0.23,0.98
73682,0.03,-0.21,0.95
73692,0.04,-0.18,0.94
73701,0.03,-0.17,0.94
73711,0.02,-0.17,0.94
73721,0.02,-0.17,0.95
73730,0.02,-0.18,0.96
73740,0.03,-0.22,0.97
73750,0.02,-0.25,0.96
73759,0.02,-0.25,0.96
73769,0.02,-0.24,0.97
73778,0.02,-0.25,0.99
73788,0.04,-0.24,0.97
73798,0.05,-0.22,0.95
73807,0.08,-0.21,0.94
73817,0.06,-0.22,0.94
73826,0.04,-0.23,0.96
73836,0.03,-0.24,0.98
73846,0.01,-0.24,1.00
73855,-0.01,-0.24,1.01
73865,-0.03,-0.24,1.01
73875,-0.03,-0.22,0.99
73884,-0.01,-0.21,0.96
73894,0.01,-0.22,0.93
73903,0.01,-0.23,0.92
73913,0.02,-0.24,0.92
73923,0.01,-0.26,0.92
73932,0.00,-0.28,0.92
73942,-0.01,-0.29,0.92
73951,-0.01,-0.28,0.91
73961,-0.01,-0.25,0.91
73971,0.00,-0.24,0.92
73980,0.04,-0.26,0.92
73990,0.05,-0.28,0.94
74000,0.03,-0.30,0.96
74009,0.03,-0.32,0.96
74019,0.01,-0.32,0.96
74028,-0.01,-0.30,0.98
74038,-0.04,-0.27,1.01
74048,-0.03,-0.24,1.02
74057,-0.03,-0.23,1.02
74067,-0.02,-0.23,1.02
74076,-0.00,-0.24,1.02
74086,0.01,-0.25,1.01
74096,0.02,-0.29,0.99
74105,0.03,-0.31,0.96
74115,0.04,-0.35,0.96
74125,0.03,-0.36,0.97
74134,0.03,-0.34,0.98
74144,0.03,-0.33,0.96
74153,0.05,-0.32,0.95
74163,0.07,-0.31,0.93
74173,0.09,-0.30,0.91
74182,0.09,-0.28,0.92
74192,0.08,-0.27,0.93
74201,0.04,-0.26,0.96
74211,-0.00,-0.24,0.98
74221,-0.03,-0.21,0.99
74230,-0.06,-0.19,1.00
74240,-0.06,-0.17,1.01
74250,-0.06,-0.17,1.01
74259,-0.05,-0.18,1.00
74269,-0.04,-0.21,0.99
74278,-0.03,-0.24,0.97
74288,-0.01,-0.26,0.95
74298,-0.00,-0.28,0.95
74307,-0.01,-0.29,0.96
74317,-0.02,-0.31,0.96
74326,-0.03,-0.31,0.96
74336,-0.03,-0.31,0.97
74346,-0.04,-0.31,0.99
74355,-0.04,-0.30,0.99
74365,-0.03,-0.29,0.97
74375,-0.02,-0.28,0.96
74384,-0.00,-0.27,0.96
74394,-0.01,-0.27,0.96
74403,-0.01,-0.26,0.96
74413,-0.01,-0.25,0.97
74423,-0.03,-0.24,0.97
74432,-0.03,-0.23,0.98
74442,-0.02,-0.23,0.97
74451,-0.02,-0.24,0.96
74461,-0.01,-0.24,0.95
74471,-0.00,-0.25,0.94
74480,0.01,-0.25,0.93
74490,0.01,-0.25,0.92
74500,0.01,-0.25,0.92
74509,0.00,-0.23,0.94
74519,-0.01,-0.22,0.96
74528,-0.01,-0.22,0.97
74538,-0.03,-0.23,0.98
74548,-0.02,-0.23,0.99
74557,-0.02,-0.23,0.98
74567,-0.00,-0.25,0.98
74576,0.00,-0.26,0.99
74586,0.01,-0.26,0.99
74596,0.01,-0.28,1.00
74605,0.01,-0.29,1.00
74615,0.01,-0.30,1.00
74625,0.01,-0.30,1.00
74634,0.01,-0.30,0.98
74644,0.01,-0.29,0.99
74653,0.01,-0.27,1.01
74663,0.01,-0.26,1.02
74673,0.01,-0.25,1.02
74682,0.02,-0.24,1.02
74692,0.03,-0.23,1.01
74701,0.04,-0.22,1.00
74711,0.06,-0.22,0.99
74721,0.07,-0.23,0.98
74730,0.07,-0.24,0.98
74740,0.06,-0.25,0.98
74750,0.05,-0.27,0.98
74759,0.05,-0.27,0.98
74769,0.05,-0.28,0.98
74778,0.05,-0.27,0.98
74788,0.05,-0.25,0.97
74798,0.04,-0.23,0.99
74807,0.03,-0.22,1.01
74817,0.01,-0.22,1.01
74826,-0.01,-0.23,0.99
74836,-0.04,-0.23,0.98
74846,-0.06,-0.22,0.98
74855,-0.07,-0.20,0.99
74865,-0.07,-0.18,0.99
74875,-0.07,-0.16,0.98
74884,-0.06,-0.15,0.95
74894,-0.04,-0.15,0.92
74903,0.00,-0.16,0.89
74913,0.02,-0.17,0.89
74923,0.04,-0.20,0.90
74932,0.05,-0.23,0.90
74942,0.05,-0.25,0.89
74951,0.06,-0.25,0.90
74961,0.05,-0.24,0.91
74971,0.04,-0.22,0.92
74980,0.02,-0.21,0.95
74990,-0.01,-0.22,0.97
75000,-0.02,-0.23,0.98
75009,-0.03,-0.26,0.98
75019,-0.02,-0.27,0.98
75028,-0.01,-0.27,0.98
75038,-0.01,-0.27,0.99
75048,-0.00,-0.27,1.00
75057,0.00,-0.27,1.01
75067,-0.00,-0.28,1.01
75076,-0.01,-0.29,1.03
75086,-0.05,-0.30,1.02
75096,-0.05,-0.32,1.02
75105,-0.06,-0.33,0.97
75115,-0.04,-0.36,0.96
75125,-0.04,-0.37,0.92
75134,-0.04,-0.37,0.89
75144,-0.03,-0.38,0.88
75153,-0.03,-0.38,0.86
75163,-0.03,-0.37,0.87
75173,-0.04,-0.36,0.89
75182,-0.05,-0.35,0.91
75192,-0.08,-0.35,0.92
75201,-0.09,-0.35,0.92
75211,-0.15,-0.36,1.01
75221,-0.17,-0.31,0.96
75230,-0.10,-0.31,0.95
75240,-0.09,-0.33,0.95
75250,-0.10,-0.35,0.94
75259,-0.08,-0.38,0.92
75269,-0.08,-0.37,0.90
75278,-0.07,-0.33,0.90
75288,-0.07,-0.26,0.90
75298,-0.04,-0.18,0.89
75307,-0.03,-0.13,0.91
75317,-0.05,-0.14,0.94
75326,-0.08,-0.18,0.95
75336,-0.09,-0.22,0.95
75346,-0.09,-0.28,0.94
75355,-0.10,-0.29,0.95
75365,-0.09,-0.28,0.96
75375,-0.07,-0.27,0.95
75384,-0.05,-0.28,0.96
75394,-0.03,-0.29,0.96
75403,-0.02,-0.33,0.95
75413,-0.01,-0.35,0.93
75423,-0.02,-0.36,0.93
75432,-0.03,-0.35,0.93
75442,-0.03,-0.35,0.94
75451,-0.03,-0.36,0.93
75461,-0.03,-0.39,0.93
75471,-0.03,-0.40,0.93
75480,-0.03,-0.39,0.94
75490,-0.04,-0.38,0.94
75500,-0.06,-0.35,0.93
75509,-0.08,-0.33,0.94
75519,-0.10,-0.31,0.95
75528,-0.12,-0.30,0.95
75538,-0.14,-0.30,0.95
75548,-0.15,-0.31,0.95
75557,-0.15,-0.34,0.94
75567,-0.16,-0.36,0.94
75576,-0.15,-0.38,0.94
75586,-0.14,-0.40,0.93
75596,-0.11,-0.41,0.90
75605,-0.08,-0.41,0.86
75615,-0.11,-0.42,0.86
75625,-0.12,-0.43,0.88
75634,-0.13,-0.39,0.88
75644,-0.13,-0.37,0.89
75653,-0.14,-0.33,0.91
75663,-0.15,-0.31,0.95
75673,-0.17,-0.31,0.98
75682,-0.17,-0.30,0.99
75692,-0.17,-0.30,0.99
75701,-0.17,-0.31,0.99
75711,-0.14,-0.32,0.98
75721,-0.11,-0.32,0.96
75730,-0.09,-0.35,0.95
75740,-0.08,-0.38,0.94
75750,-0.08,-0.41,0.90
75759,-0.08,-0.43,0.87
75769,-0.10,-0.44,0.87
75778,-0.11,-0.46,0.86
75788,-0.11,-0.45,0.86
75798,-0.10,-0.43,0.85
75807,-0.11,-0.39,0.86
75817,-0.13,-0.36,0.89
75826,-0.15,-0.31,0.92
75836,-0.17,-0.28,0.94
75846,-0.20,-0.26,0.94
75855,-0.20,-0.26,0.93
75865,-0.19,-0.29,0.90
75875,-0.14,-0.34,0.86
75884,-0.09,-0.36,0.81
75894,-0.05,-0.39,0.79
75903,-0.05,-0.42,0.78
75913,-0.07,-0.44,0.80
75923,-0.12,-0.45,0.84
75932,-0.15,-0.44,0.87
75942,-0.18,-0.43,0.92
75951,-0.18,-0.42,0.94
75961,-0.18,-0.42,0.94
75971,-0.16,-0.44,0.93
75980,-0.17,-0.45,0.95
75990,-0.17,-0.47,0.95
76000,-0.16,-0.48,0.92
76009,-0.14,-0.49,0.90
76019,-0.12,-0.49,0.89
76028,-0.11,-0.49,0.89
76038,-0.11,-0.48,0.88
76048,-0.10,-0.46,0.87
76057,-0.10,-0.44,0.87
76067,-0.11,-0.43,0.86
76076,-0.13,-0.43,0.87
76086,-0.15,-0.44,0.89
76096,-0.18,-0.46,0.90
76105,-0.19,-0.47,0.91
76115,-0.18,-0.48,0.89
76125,-0.16,-0.48,0.87
76134,-0.15,-0.48,0.86
76144,-0.15,-0.47,0.85
76153,-0.18,-0.47,0.86
76163,-0.21,-0.49,0.86
76173,-0.23,-0.50,0.86
76182,-0.26,-0.52,0.87
76192,-0.26,-0.53,0.87
76201,-0.23,-0.54,0.84
76211,-0.20,-0.54,0.81
76221,-0.17,-0.54,0.78
76230,-0.15,-0.53,0.75
76240,-0.15,-0.51,0.76
76250,-0.16,-0.48,0.78
76259,-0.18,-0.47,0.81
76269,-0.21,-0.44,0.85
76278,-0.22,-0.44,0.89
76288,-0.23,-0.46,0.91
76298,-0.23,-0.49,0.92
76307,-0.22,-0.52,0.92
76317,-0.21,-0.56,0.89
76326,-0.22,-0.58,0.86
76336,-0.20,-0.57,0.84
76346,-0.19,-0.54,0.81
76355,-0.16,-0.53,0.79
76365,-0.14,-0.53,0.77
76375,-0.13,-0.53,0.76
76384,-0.14,-0.55,0.75
76394,-0.16,-0.56,0.75
76403,-0.18,-0.57,0.76
76413,-0.20,-0.58,0.79
76423,-0.21,-0.56,0.82
76432,-0.22,-0.54,0.82
76442,-0.21,-0.52,0.82
76451,-0.21,-0.50,0.82
76461,-0.19,-0.49,0.81
76471,-0.18,-0.51,0.82
76480,-0.17,-0.53,0.84
76490,-0.16,-0.54,0.86
76500,-0.17,-0.54,0.87
76509,-0.17,-0.54,0.88
76519,-0.19,-0.56,0.90
76528,-0.19,-0.59,0.92
76538,-0.20,-0.59,0.93
76548,-0.21,-0.57,0.93
76557,-0.22,-0.54,0.94
76567,-0.23,-0.49,0.95
76576,-0.24,-0.46,0.96
76586,-0.23,-0.44,0.97
76596,-0.23,-0.44,0.97
76605,-0.22,-0.47,0.96
76615,-0.20,-0.52,0.94
76625,-0.17,-0.57,0.92
76634,-0.16,-0.60,0.91
76644,-0.14,-0.63,0.89
76653,-0.12,-0.65,0.88
76663,-0.10,-0.68,0.87
76673,-0.09,-0.70,0.86
76682,-0.08,-0.71,0.86
76692,-0.08,-0.72,0.85
76701,-0.09,-0.71,0.83
76711,-0.10,-0.69,0.84
76721,-0.10,-0.65,0.83
76730,-0.09,-0.59,0.85
76740,-0.07,-0.54,0.87
76750,-0.07,-0.51,0.88
76759,-0.09,-0.49,0.91
76769,-0.11,-0.49,0.93
76778,-0.14,-0.50,0.94
76788,-0.16,-0.52,0.95
76798,-0.17,-0.55,0.95
76807,-0.18,-0.56,0.94
76817,-0.17,-0.56,0.94
76826,-0.16,-0.54,0.94
76836,-0.14,-0.53,0.94
76846,-0.13,-0.53,0.93
76855,-0.12,-0.52,0.93
76865,-0.11,-0.52,0.92
76875,-0.11,-0.53,0.93
76884,-0.11,-0.54,0.95
76894,-0.12,-0.56,0.96
76903,-0.13,-0.58,0.95
76913,-0.12,-0.59,0.93
76923,-0.12,-0.58,0.90
76932,-0.11,-0.55,0.87
76942,-0.08,-0.51,0.85
76951,-0.04,-0.49,0.82
76961,-0.01,-0.45,0.83
76971,0.00,-0.42,0.80
76980,0.00,-0.39,0.79
76990,-0.02,-0.36,0.79
77000,-0.04,-0.35,0.80
77009,-0.05,-0.35,0.80
77019,-0.05,-0.35,0.82
77028,-0.06,-0.37,0.84
77038,-0.05,-0.40,0.84
77048,-0.06,-0.44,0.85
77057,-0.05,-0.45,0.85
77067,-0.04,-0.45,0.84
77076,-0.02,-0.44,0.84
77086,0.01,-0.43,0.85
77096,0.03,-0.44,0.85
77105,0.04,-0.46,0.86
77115,0.03,-0.48,0.87
77125,0.01,-0.50,0.88
77134,-0.02,-0.51,0.90
77144,-0.04,-0.50,0.91
77153,-0.07,-0.50,0.94
77163,-0.08,-0.50,0.95
77173,-0.08,-0.52,0.95
77182,-0.08,-0.53,0.95
77192,-0.08,-0.54,0.93
77201,-0.07,-0.53,0.90
77211,-0.07,-0.51,0.86
77221,-0.08,-0.48,0.84
77230,-0.06,-0.45,0.81
77240,-0.08,-0.41,0.77
77250,-0.06,-0.39,0.76
77259,-0.06,-0.38,0.73
77269,-0.04,-0.37,0.72
77278,-0.02,-0.39,0.72
77288,-0.01,-0.40,0.70
77298,0.01,-0.40,0.71
77307,0.04,-0.41,0.72
77317,0.07,-0.42,0.74
77326,0.07,-0.44,0.78
77336,0.07,-0.45,0.80
77346,0.07,-0.46,0.83
77355,0.07,-0.48,0.86
77365,0.07,-0.49,0.88
77375,0.06,-0.50,0.91
77384,0.06,-0.50,0.92
77394,0.07,-0.50,0.93
77403,0.06,-0.52,0.96
77413,0.06,-0.54,0.96
77423,0.04,-0.57,0.96
77432,0.04,-0.59,0.94
77442,0.05,-0.59,0.92
77451,0.07,-0.56,0.92
77461,0.05,-0.53,0.91
77471,0.05,-0.50,0.92
77480,0.03,-0.46,0.93
77490,-0.00,-0.43,0.93
77500,0.02,-0.40,0.93
77509,0.03,-0.38,0.91
77519,0.02,-0.39,0.90
77528,0.01,-0.42,0.87
77538,0.04,-0.44,0.83
77548,0.06,-0.45,0.81
77557,0.08,-0.45,0.81
77567,0.09,-0.45,0.81
77576,0.11,-0.42,0.82
77586,0.12,-0.40,0.83
77596,0.14,-0.37,0.86
77605,0.14,-0.36,0.87
77615,0.11,-0.38,0.88
77625,0.11,-0.39,0.89
77634,0.10,-0.38,0.89
77644,0.10,-0.37,0.89
77653,0.10,-0.37,0.89
77663,0.10,-0.35,0.88
77673,0.09,-0.35,0.87
77682,0.10,-0.34,0.87
77692,0.11,-0.34,0.87
77701,0.11,-0.32,0.87
77711,0.10,-0.31,0.88
77721,0.08,-0.30,0.89
77730,0.07,-0.29,0.90
77740,0.07,-0.28,0.90
77750,0.06,-0.28,0.90
77759,0.05,-0.30,0.89
77769,0.05,-0.32,0.86
77778,0.06,-0.34,0.84
77788,0.06,-0.34,0.82
77798,0.08,-0.32,0.80
77807,0.11,-0.29,0.78
77817,0.13,-0.26,0.78
77826,0.13,-0.24,0.81
77836,0.13,-0.22,0.83
77846,0.12,-0.22,0.86
77855,0.10,-0.24,0.89
77865,0.10,-0.25,0.91
77875,0.10,-0.26,0.91
77884,0.12,-0.28,0.92
77894,0.13,-0.30,0.90
77903,0.14,-0.32,0.89
77913,0.15,-0.33,0.88
77923,0.15,-0.32,0.86
77932,0.20,-0.35,0.90
77942,0.18,-0.39,0.89
77951,0.16,-0.39,0.88
77961,0.15,-0.38,0.90
77971,0.13,-0.38,0.92
77980,0.11,-0.36,0.94
77990,0.11,-0.33,0.97
78000,0.12,-0.30,0.98
78009,0.12,-0.29,0.97
78019,0.12,-0.29,0.95
78028,0.13,-0.30,0.92
78038,0.15,-0.32,0.89
78048,0.16,-0.33,0.89
78057,0.17,-0.34,0.90
78067,0.18,-0.33,0.92
78076,0.19,-0.30,0.94
78086,0.18,-0.30,0.98
78096,0.18,-0.29,1.01
78105,0.16,-0.28,1.04
78115,0.15,-0.27,1.06
78125,0.17,-0.27,1.07
78134,0.18,-0.28,1.06
78144,0.19,-0.29,1.03
78153,0.21,-0.30,1.00
78163,0.22,-0.29,0.97
78173,0.24,-0.28,0.94
78182,0.26,-0.29,0.92
78192,0.25,-0.30,0.91
78201,0.24,-0.31,0.91
78211,0.23,-0.30,0.92
78221,0.25,-0.32,0.92
78230,0.26,-0.33,0.91
78240,0.29,-0.35,0.90
78250,0.32,-0.38,0.89
78259,0.33,-0.41,0.88
78269,0.31,-0.44,0.87
78278,0.31,-0.44,0.87
78288,0.32,-0.43,0.88
78298,0.33,-0.43,0.89
78307,0.33,-0.44,0.90
78317,0.34,-0.45,0.90
78326,0.34,-0.46,0.91
78336,0.34,-0.47,0.92
78346,0.33,-0.48,0.94
78355,0.33,-0.47,0.95
78365,0.35,-0.47,0.95
78375,0.38,-0.48,0.93
78384,0.36,-0.47,0.89
78394,0.36,-0.47,0.89
78403,0.37,-0.49,0.92
78413,0.51,-0.55,0.91
78423,0.50,-0.54,0.95
78432,0.46,-0.47,0.97
78442,0.39,-0.49,0.98
78451,0.34,-0.54,1.03
78461,0.31,-0.55,1.05
78471,0.27,-0.55,1.06
78480,0.23,-0.55,1.08
78490,0.19,-0.52,1.07
78500,0.19,-0.46,1.06
78509,0.23,-0.36,1.04
78519,0.24,-0.29,1.02
78528,0.22,-0.26,1.01
78538,0.21,-0.25,1.00
78548,0.21,-0.26,0.98
78557,0.21,-0.29,0.98
78567,0.23,-0.33,0.96
78576,0.24,-0.36,0.94
78586,0.25,-0.39,0.94
78596,0.25,-0.42,0.95
78605,0.26,-0.44,0.95
78615,0.25,-0.46,0.93
78625,0.25,-0.45,0.93
78634,0.25,-0.44,0.95
78644,0.23,-0.41,0.95
78653,0.24,-0.39,0.96
78663,0.23,-0.37,0.98
78673,0.21,-0.35,0.98
78682,0.19,-0.32,0.97
78692,0.17,-0.30,0.98
78701,0.17,-0.28,0.98
78711,0.15,-0.29,0.98
78721,0.13,-0.32,0.96
78730,0.12,-0.35,0.97
78740,0.14,-0.34,0.97
78750,0.14,-0.34,0.99
78759,0.13,-0.37,1.00
78769,0.14,-0.39,1.00
78778,0.15,-0.39,0.99
78788,0.16,-0.39,0.99
78798,0.17,-0.39,0.99
78807,0.18,-0.38,0.98
78817,0.19,-0.36,0.98
78826,0.20,-0.35,0.98
78836,0.21,-0.34,0.99
78846,0.20,-0.35,0.99
78855,0.18,-0.35,1.00
78865,0.16,-0.36,0.99
78875,0.14,-0.36,0.98
78884,0.14,-0.34,0.98
78894,0.14,-0.31,0.96
78903,0.15,-0.29,0.94
78913,0.16,-0.27,0.91
78923,0.17,-0.27,0.89
78932,0.16,-0.27,0.90
78942,0.16,-0.26,0.93
78951,0.15,-0.26,0.94
78961,0.14,-0.27,0.96
78971,0.15,-0.28,0.96
78980,0.16,-0.29,0.95
78990,0.16,-0.32,0.94
79000,0.17,-0.34,0.93
79009,0.17,-0.35,0.92
79019,0.17,-0.34,0.92
79028,0.17,-0.34,0.93
79038,0.18,-0.33,0.94
79048,0.18,-0.34,0.93
79057,0.18,-0.35,0.92
79067,0.19,-0.36,0.90
79076,0.20,-0.36,0.88
79086,0.19,-0.37,0.86
79096,0.18,-0.36,0.86
79105,0.17,-0.35,0.86
79115,0.17,-0.34,0.87
79125,0.16,-0.33,0.89
79134,0.15,-0.33,0.90
79144,0.14,-0.34,0.90
79153,0.14,-0.34,0.89
79163,0.16,-0.34,0.85
79173,0.17,-0.34,0.83
79182,0.19,-0.33,0.82
79192,0.20,-0.31,0.82
79201,0.22,-0.29,0.82
79211,0.23,-0.29,0.82
79221,0.24,-0.30,0.81
79230,0.23,-0.33,0.80
79240,0.20,-0.37,0.80
79250,0.19,-0.39,0.79
79259,0.19,-0.39,0.78
79269,0.20,-0.38,0.78
79278,0.22,-0.37,0.77
79288,0.24,-0.35,0.77
79298,0.23,-0.33,0.77
79307,0.23,-0.31,0.78
79317,0.23,-0.30,0.79
79326,0.23,-0.31,0.80
79336,0.22,-0.31,0.81
79346,0.21,-0.31,0.83
79355,0.20,-0.31,0.85
79365,0.19,-0.32,0.87
79375,0.18,-0.32,0.88
79384,0.19,-0.33,0.89
79394,0.20,-0.33,0.89
79403,0.21,-0.32,0.88
79413,0.21,-0.30,0.89
79423,0.22,-0.29,0.91
79432,0.22,-0.30,0.93
79442,0.21,-0.33,0.94
79451,0.19,-0.35,0.93
79461,0.20,-0.37,0.97
79471,0.18,-0.38,0.95
79480,0.18,-0.38,0.92
79490,0.20,-0.36,0.90
79500,0.21,-0.34,0.88
79509,0.21,-0.32,0.87
79519,0.21,-0.30,0.86
79528,0.21,-0.29,0.86
79538,0.20,-0.28,0.87
79548,0.17,-0.28,0.89
79557,0.14,-0.28,0.88
79567,0.14,-0.27,0.87
79576,0.14,-0.27,0.85
79586,0.14,-0.27,0.86
79596,0.15,-0.25,0.85
79605,0.15,-0.24,0.84
79615,0.17,-0.23,0.83
79625,0.18,-0.21,0.82
79634,0.19,-0.20,0.82
79644,0.19,-0.19,0.84
79653,0.19,-0.20,0.87
79663,0.18,-0.23,0.90
79673,0.17,-0.26,0.91
79682,0.17,-0.29,0.91
79692,0.19,-0.30,0.91
79701,0.20,-0.31,0.91
79711,0.21,-0.31,0.90
79721,0.22,-0.30,0.90
79730,0.23,-0.28,0.92
79740,0.25,-0.28,0.92
79750,0.25,-0.27,0.92
79759,0.25,-0.26,0.91
79769,0.24,-0.25,0.91
79778,0.23,-0.25,0.90
79788,0.23,-0.24,0.89
79798,0.24,-0.23,0.90
79807,0.23,-0.23,0.90
79817,0.22,-0.22,0.91
79826,0.20,-0.20,0.93
79836,0.20,-0.19,0.95
79846,0.20,-0.19,0.96
79855,0.21,-0.21,0.97
79865,0.20,-0.23,0.95
79875,0.21,-0.28,0.96
79884,0.22,-0.32,0.96
79894,0.22,-0.35,0.96
79903,0.21,-0.37,0.95
79913,0.19,-0.39,0.95
79923,0.17,-0.39,0.94
79932,0.15,-0.37,0.94
79942,0.14,-0.34,0.95
79951,0.16,-0.31,0.96
79961,0.17,-0.27,0.97
79971,0.18,-0.24,0.97
79980,0.18,-0.21,0.96
79990,0.19,-0.20,0.95
80000,0.19,-0.20,0.93
80009,0.17,-0.20,0.91
80019,0.16,-0.19,0.90
80028,0.15,-0.18,0.90
80038,0.15,-0.18,0.91
80048,0.15,-0.17,0.91
80057,0.14,-0.17,0.91
80067,0.13,-0.18,0.93
80076,0.14,-0.18,0.94
80086,0.14,-0.19,0.95
80096,0.15,-0.21,0.95
80105,0.16,-0.24,0.94
80115,0.16,-0.25,0.93
80125,0.17,-0.25,0.92
80134,0.18,-0.24,0.92
80144,0.19,-0.23,0.93
80153,0.19,-0.22,0.93
80163,0.19,-0.21,0.94
80173,0.18,-0.20,0.95
80182,0.17,-0.20,0.96
80192,0.15,-0.19,0.98
80201,0.12,-0.17,1.00
80211,0.12,-0.16,1.01
80221,0.12,-0.16,1.01
80230,0.12,-0.17,1.01
80240,0.12,-0.18,1.00
80250,0.13,-0.18,0.98
80259,0.14,-0.18,0.96
80269,0.16,-0.18,0.94
80278,0.17,-0.19,0.94
80288,0.17,-0.20,0.93
80298,0.18,-0.21,0.92
80307,0.18,-0.22,0.91
80317,0.19,-0.24,0.90
80326,0.19,-0.24,0.90
80336,0.18,-0.24,0.90
80346,0.18,-0.23,0.89
80355,0.19,-0.22,0.89
80365,0.20,-0.20,0.89
80375,0.20,-0.18,0.91
80384,0.19,-0.16,0.94
80394,0.17,-0.13,0.97
80403,0.15,-0.11,0.99
80413,0.14,-0.09,1.02
80423,0.11,-0.08,1.05
80432,0.10,-0.06,1.07
80442,0.10,-0.05,1.08
80451,0.09,-0.06,1.09
80461,0.08,-0.08,1.09
80471,0.07,-0.10,1.08
80480,0.08,-0.12,1.06
80490,0.09,-0.14,1.04
80500,0.12,-0.15,1.01
80509,0.14,-0.15,0.99
80519,0.15,-0.15,0.97
80528,0.15,-0.15,0.96
80538,0.15,-0.14,0.96
80548,0.15,-0.13,0.97
80557,0.16,-0.12,0.97
80567,0.17,-0.12,0.97
80576,0.16,-0.13,0.96
80586,0.15,-0.14,0.96
80596,0.14,-0.15,0.96
80605,0.13,-0.16,0.97
80615,0.11,-0.15,0.98
80625,0.11,-0.12,0.99
80634,0.11,-0.10,1.00
80644,0.13,-0.08,1.01
80653,0.15,-0.08,1.01
80663,0.16,-0.09,1.00
80673,0.16,-0.11,1.00
80682,0.17,-0.13,1.01
80692,0.16,-0.16,1.01
80701,0.15,-0.17,1.02
80711,0.15,-0.19,1.03
80721,0.15,-0.21,1.03
80730,0.13,-0.23,1.02
80740,0.13,-0.24,1.00
80750,0.14,-0.24,0.98
80759,0.15,-0.22,0.97
80769,0.15,-0.19,0.96
80778,0.16,-0.15,0.96
80788,0.17,-0.12,0.95
80798,0.17,-0.11,0.94
80807,0.17,-0.11,0.94
80817,0.16,-0.12,0.93
80826,0.15,-0.12,0.93
80836,0.16,-0.12,0.93
80846,0.17,-0.12,0.93
80855,0.17,-0.12,0.94
80865,0.17,-0.12,0.94
80875,0.18,-0.12,0.94
80884,0.18,-0.13,0.95
80894,0.18,-0.13,0.96
80903,0.17,-0.15,0.97
80913,0.16,-0.16,0.97
80923,0.17,-0.16,0.97
80932,0.17,-0.16,0.98
80942,0.17,-0.17,0.99
80951,0.17,-0.17,0.99
80961,0.18,-0.17,0.99
80971,0.20,-0.17,0.98
80980,0.22,-0.16,0.98
80990,0.22,-0.15,0.96
81000,0.23,-0.15,0.95
81009,0.23,-0.15,0.94
81019,0.23,-0.14,0.94
81028,0.23,-0.14,0.94
81038,0.23,-0.13,0.95
81048,0.22,-0.12,0.96
81057,0.22,-0.12,0.95
81067,0.22,-0.12,0.95
81076,0.22,-0.13,0.95
81086,0.23,-0.13,0.95
81096,0.23,-0.13,0.95
81105,0.22,-0.14,0.96
81115,0.22,-0.14,0.97
81125,0.22,-0.15,0.97
81134,0.21,-0.17,0.98
81144,0.20,-0.18,0.98
81153,0.19,-0.18,0.99
81163,0.19,-0.18,0.99
81173,0.19,-0.17,0.99
81182,0.19,-0.16,0.98
81192,0.20,-0.15,0.97
81201,0.21,-0.14,0.95
81211,0.23,-0.14,0.93
81221,0.24,-0.15,0.92
81230,0.25,-0.15,0.92
81240,0.25,-0.16,0.92
81250,0.25,-0.16,0.92
81259,0.25,-0.16,0.92
81269,0.25,-0.15,0.93
81278,0.25,-0.15,0.94
81288,0.25,-0.14,0.95
81298,0.25,-0.14,0.95
81307,0.26,-0.15,0.95
81317,0.25,-0.16,0.95
81326,0.25,-0.17,0.95
81336,0.24,-0.18,0.96
81346,0.23,-0.18,0.97
81355,0.23,-0.18,0.97
81365,0.23,-0.17,0.96
81375,0.24,-0.16,0.96
81384,0.24,-0.14,0.96
81394,0.25,-0.13,0.96
81403,0.25,-0.13,0.97
81413,0.25,-0.13,0.97
81423,0.24,-0.14,0.98
81432,0.24,-0.15,0.98
81442,0.24,-0.16,0.99
81451,0.23,-0.17,0.99
81461,0.23,-0.18,0.99
81471,0.23,-0.19,0.99
81480,0.23,-0.20,0.99
81490,0.23,-0.20,0.99
81500,0.22,-0.19,0.99
81509,0.21,-0.17,0.99
81519,0.22,-0.16,0.99
81528,0.23,-0.15,0.97
81538,0.24,-0.15,0.96
81548,0.25,-0.15,0.95
81557,0.25,-0.15,0.94
81567,0.25,-0.15,0.94
81576,0.25,-0.16,0.94
81586,0.25,-0.17,0.94
81596,0.26,-0.17,0.94
81605,0.26,-0.17,0.94
81615,0.26,-0.19,0.94
81625,0.24,-0.20,0.96
81634,0.23,-0.22,0.97
81644,0.23,-0.22,0.97
81653,0.22,-0.22,0.97
81663,0.23,-0.22,0.97
81673,0.22,-0.22,0.97
81682,0.22,-0.23,0.97
81692,0.20,-0.23,0.98
81701,0.18,-0.22,1.00
81711,0.17,-0.22,1.01
81721,0.17,-0.21,1.01
81730,0.17,-0.21,1.00
81740,0.18,-0.21,0.98
81750,0.18,-0.23,0.96
81759,0.18,-0.23,0.93
81769,0.19,-0.23,0.93
81778,0.21,-0.23,0.92
81788,0.22,-0.22,0.91
81798,0.22,-0.22,0.90
81807,0.22,-0.21,0.90
81817,0.23,-0.20,0.91
81826,0.23,-0.19,0.92
81836,0.23,-0.17,0.94
81846,0.24,-0.17,0.96
81855,0.23,-0.18,0.96
81865,0.22,-0.20,0.96
81875,0.22,-0.21,0.96
81884,0.23,-0.21,0.96
81894,0.23,-0.20,0.96
81903,0.22,-0.19,0.98
81913,0.23,-0.18,0.98
81923,0.22,-0.17,0.98
81932,0.22,-0.15,0.98
81942,0.22,-0.15,0.98
81951,0.21,-0.16,0.99
81961,0.19,-0.18,0.99
81971,0.18,-0.19,0.99
81980,0.18,-0.20,0.98
81990,0.18,-0.20,0.98
82000,0.17,-0.20,0.98
82009,0.15,-0.20,0.98
82019,0.15,-0.21,0.98
82028,0.14,-0.21,0.98
82038,0.13,-0.21,0.99
82048,0.13,-0.21,0.99
82057,0.13,-0.21,0.98
82067,0.13,-0.19,0.97
82076,0.14,-0.18,0.96
82086,0.15,-0.16,0.96
82096,0.16,-0.15,0.96
82105,0.16,-0.15,0.96
82115,0.16,-0.16,0.97
82125,0.15,-0.18,0.98
82134,0.15,-0.19,0.98
82144,0.17,-0.20,0.99
82153,0.18,-0.21,0.98
82163,0.19,-0.22,0.97
82173,0.20,-0.23,0.96
82182,0.21,-0.23,0.94
82192,0.20,-0.24,0.95
82201,0.19,-0.24,0.96
82211,0.21,-0.24,0.96
82221,0.22,-0.24,0.95
82230,0.21,-0.24,0.93
82240,0.21,-0.25,0.93
82250,0.21,-0.25,0.93
82259,0.22,-0.25,0.92
82269,0.23,-0.25,0.92
82278,0.23,-0.25,0.92
82288,0.22,-0.24,0.92
82298,0.22,-0.22,0.93
82307,0.23,-0.20,0.94
82317,0.23,-0.17,0.93
82326,0.24,-0.16,0.92
82336,0.24,-0.14,0.92
82346,0.24,-0.13,0.93
82355,0.23,-0.13,0.94
82365,0.23,-0.13,0.95
82375,0.23,-0.14,0.97
82384,0.23,-0.16,0.97
82394,0.22,-0.19,0.97
82403,0.20,-0.21,0.97
82413,0.20,-0.23,0.97
82423,0.20,-0.25,0.98
82432,0.19,-0.25,0.97
82442,0.19,-0.25,0.96
82451,0.19,-0.24,0.96
82461,0.20,-0.23,0.96
82471,0.20,-0.22,0.96
82480,0.20,-0.22,0.97
82490,0.20,-0.23,0.97
82500,0.19,-0.24,0.96
82509,0.19,-0.24,0.94
82519,0.19,-0.24,0.93
82528,0.18,-0.23,0.93
82538,0.18,-0.21,0.94
82548,0.19,-0.18,0.94
82557,0.20,-0.16,0.95
82567,0.19,-0.14,0.95
82576,0.18,-0.14,0.95
82586,0.18,-0.15,0.95
82596,0.18,-0.15,0.95
82605,0.18,-0.16,0.95
82615,0.18,-0.16,0.94
82625,0.19,-0.17,0.94
82634,0.19,-0.17,0.94
82644,0.20,-0.18,0.95
82653,0.20,-0.19,0.96
82663,0.19,-0.20,0.97
82673,0.19,-0.21,0.97
82682,0.19,-0.21,0.97
82692,0.20,-0.22,0.97
82701,0.21,-0.23,0.96
82711,0.21,-0.24,0.96
82721,0.21,-0.24,0.96
82730,0.20,-0.24,0.96
82740,0.20,-0.22,0.95
82750,0.20,-0.20,0.95
82759,0.20,-0.18,0.96
82769,0.20,-0.17,0.97
82778,0.19,-0.17,0.97
82788,0.18,-0.18,0.98
82798,0.17,-0.19,0.98
82807,0.17,-0.19,0.97
82817,0.18,-0.18,0.97
82826,0.18,-0.19,0.97
82836,0.17,-0.18,0.97
82846,0.18,-0.18,0.99
82855,0.18,-0.19,0.99
82865,0.18,-0.21,0.98
82875,0.18,-0.22,0.97
82884,0.19,-0.23,0.96
82894,0.20,-0.24,0.95
82903,0.20,-0.24,0.93
82913,0.20,-0.23,0.94
82923,0.21,-0.23,0.94
82932,0.22,-0.23,0.94
82942,0.23,-0.22,0.94
82951,0.23,-0.22,0.94
82961,0.24,-0.22,0.95
82971,0.24,-0.22,0.95
82980,0.23,-0.23,0.94
82990,0.23,-0.24,0.94
83000,0.24,-0.23,0.93
83009,0.23,-0.23,0.94
83019,0.22,-0.22,0.95
83028,0.21,-0.20,0.96
83038,0.20,-0.19,0.96
83048,0.19,-0.17,0.96
83057,0.19,-0.16,0.96
83067,0.19,-0.16,0.96
83076,0.18,-0.16,0.97
83086,0.18,-0.16,0.97
83096,0.17,-0.16,0.97
83105,0.17,-0.17,0.97
83115,0.17,-0.17,0.96
83125,0.16,-0.17,0.96
83134,0.16,-0.17,0.95
83144,0.17,-0.16,0.95
83153,0.17,-0.16,0.94
83163,0.17,-0.15,0.95
83173,0.17,-0.14,0.95
83182,0.18,-0.15,0.95
83192,0.17,-0.16,0.95
83201,0.17,-0.17,0.95
83211,0.18,-0.17,0.95
83221,0.18,-0.17,0.94
83230,0.18,-0.17,0.94
83240,0.19,-0.17,0.94
83250,0.18,-0.16,0.95
83259,0.17,-0.15,0.97
83269,0.16,-0.15,0.98
83278,0.16,-0.15,0.98
83288,0.16,-0.16,0.98
83298,0.16,-0.17,0.97
83307,0.16,-0.17,0.97
83317,0.15,-0.17,0.97
83326,0.15,-0.17,0.97
83336,0.15,-0.16,0.96
83346,0.16,-0.16,0.96
83355,0.16,-0.16,0.96
83365,0.16,-0.16,0.96
83375,0.16,-0.17,0.96
83384,0.16,-0.18,0.96
83394,0.16,-0.19,0.97
83403,0.16,-0.19,0.97
83413,0.16,-0.20,0.96
83423,0.16,-0.20,0.96
83432,0.16,-0.19,0.96
83442,0.16,-0.18,0.96
83451,0.16,-0.17,0.96
83461,0.16,-0.17,0.96
83471,0.16,-0.18,0.96
83480,0.15,-0.19,0.96
83490,0.14,-0.20,0.97
83500,0.13,-0.20,0.97
83509,0.13,-0.20,0.98
83519,0.13,-0.20,0.98
83528,0.14,-0.20,0.97
83538,0.15,-0.20,0.96
83548,0.15,-0.20,0.96
83557,0.15,-0.20,0.96
83567,0.15,-0.19,0.96
83576,0.14,-0.19,0.97
83586,0.14,-0.19,0.96
83596,0.14,-0.19,0.96
83605,0.14,-0.19,0.96
83615,0.14,-0.19,0.95
83625,0.13,-0.19,0.96
83634,0.12,-0.19,0.97
83644,0.11,-0.18,0.98
83653,0.11,-0.18,0.99
83663,0.11,-0.18,1.00
83673,0.11,-0.20,1.01
83682,0.11,-0.22,1.00
83692,0.11,-0.25,1.00
83701,0.10,-0.27,0.99
83711,0.11,-0.27,0.98
83721,0.12,-0.25,0.98
83730,0.11,-0.23,0.99
83740,0.10,-0.20,1.01
83750,0.09,-0.17,1.02
83759,0.09,-0.15,1.03
83769,0.10,-0.13,1.04
83778,0.10,-0.14,1.04
83788,0.09,-0.15,1.03
83798,0.09,-0.16,1.02
83807,0.08,-0.18,1.01
83817,0.07,-0.20,1.01
83826,0.07,-0.21,1.01
83836,0.07,-0.21,1.00
83846,0.08,-0.21,1.01
83855,0.08,-0.20,1.01
83865,0.07,-0.19,1.01
83875,0.07,-0.18,1.00
83884,0.07,-0.17,0.99
83894,0.08,-0.16,0.97
83903,0.09,-0.14,0.96
83913,0.09,-0.14,0.96
83923,0.09,-0.13,0.97
83932,0.08,-0.13,0.98
83942,0.07,-0.13,0.99
83951,0.07,-0.14,1.00
83961,0.06,-0.15,1.00
83971,0.06,-0.16,1.00
83980,0.06,-0.16,0.99
83990,0.07,-0.16,0.99
84000,0.07,-0.16,0.99
84009,0.08,-0.16,0.99
84019,0.08,-0.16,1.00
84028,0.08,-0.16,1.00
84038,0.09,-0.17,1.00
84048,0.10,-0.18,1.00
84057,0.10,-0.20,1.00
84067,0.10,-0.21,1.00
84076,0.09,-0.22,1.01
84086,0.09,-0.23,1.01
84096,0.09,-0.23,1.00
84105,0.09,-0.22,0.99
84115,0.10,-0.22,0.98
84125,0.10,-0.22,0.96
84134,0.10,-0.21,0.95
84144,0.11,-0.19,0.95
84153,0.12,-0.17,0.94
84163,0.12,-0.15,0.94
84173,0.12,-0.15,0.95
84182,0.11,-0.15,0.95
84192,0.10,-0.15,0.96
84201,0.09,-0.16,0.96
84211,0.08,-0.15,0.97
84221,0.08,-0.15,0.98
84230,0.08,-0.13,0.98
84240,0.09,-0.14,0.98
84250,0.10,-0.15,0.97
84259,0.11,-0.16,0.96
84269,0.12,-0.18,0.95
84278,0.12,-0.19,0.95
84288,0.11,-0.20,0.95
84298,0.11,-0.20,0.96
84307,0.11,-0.20,0.97
84317,0.11,-0.20,0.96
84326,0.11,-0.20,0.95
84336,0.12,-0.19,0.94
84346,0.13,-0.18,0.93
84355,0.14,-0.17,0.92
84365,0.15,-0.16,0.92
84375,0.14,-0.16,0.93
84384,0.14,-0.16,0.94
84394,0.14,-0.16,0.95
84403,0.13,-0.17,0.95
84413,0.13,-0.18,0.96
84423,0.12,-0.19,0.97
84432,0.11,-0.20,0.98
84442,0.11,-0.20,0.99
84451,0.11,-0.19,1.00
84461,0.10,-0.19,1.01
84471,0.11,-0.19,1.01
84480,0.11,-0.19,1.00
84490,0.11,-0.20,1.00
84500,0.11,-0.20,0.99
84509,0.11,-0.20,0.99
84519,0.11,-0.20,0.99
84528,0.11,-0.19,0.99
84538,0.11,-0.19,0.98
84548,0.12,-0.18,0.97
84557,0.13,-0.19,0.97
84567,0.14,-0.19,0.96
84576,0.15,-0.20,0.95
84586,0.14,-0.20,0.95
84596,0.15,-0.20,0.96
84605,0.15,-0.20,0.96
84615,0.16,-0.21,0.96
84625,0.16,-0.22,0.95
84634,0.17,-0.24,0.93
84644,0.18,-0.24,0.92
84653,0.19,-0.24,0.91
84663,0.20,-0.24,0.91
84673,0.20,-0.23,0.91
84682,0.20,-0.23,0.91
84692,0.20,-0.22,0.91
84701,0.20,-0.22,0.92
84711,0.20,-0.21,0.92
84721,0.20,-0.19,0.92
84730,0.19,-0.18,0.93
84740,0.19,-0.17,0.94
84750,0.19,-0.16,0.95
84759,0.17,-0.17,0.96
84769,0.16,-0.17,0.96
84778,0.15,-0.17,0.98
84788,0.15,-0.16,1.00
84798,0.16,-0.15,1.00
84807,0.18,-0.15,1.00
84817,0.19,-0.16,1.00
84826,0.21,-0.16,0.99
84836,0.21,-0.17,0.98
84846,0.20,-0.19,0.98
84855,0.19,-0.20,0.98
84865,0.18,-0.22,1.00
84875,0.17,-0.23,1.01
84884,0.15,-0.23,1.01
84894,0.14,-0.23,1.01
84903,0.15,-0.24,1.01
84913,0.17,-0.23,1.01
84923,0.16,-0.23,1.01
84932,0.15,-0.23,1.00
84942,0.14,-0.23,0.99
84951,0.14,-0.22,0.98
84961,0.15,-0.21,0.98
84971,0.15,-0.21,0.97
84980,0.15,-0.20,0.97
84990,0.15,-0.20,0.96
85000,0.15,-0.19,0.96
85009,0.15,-0.19,0.96
85019,0.16,-0.18,0.97
85028,0.16,-0.19,0.97
85038,0.17,-0.20,0.97
85048,0.17,-0.21,0.97
85057,0.18,-0.22,0.96
85067,0.18,-0.23,0.95
85076,0.17,-0.24,0.96
85086,0.18,-0.24,0.97
85096,0.17,-0.23,0.98
85105,0.17,-0.23,0.99
85115,0.17,-0.23,1.00
85125,0.17,-0.23,0.99
85134,0.17,-0.24,0.99
85144,0.18,-0.24,0.98
85153,0.17,-0.24,0.98
85163,0.16,-0.24,0.98
85173,0.16,-0.23,0.99
85182,0.15,-0.22,1.00
85192,0.14,-0.22,1.00
85201,0.13,-0.21,1.01
85211,0.13,-0.21,1.00
85221,0.13,-0.19,1.00
85230,0.13,-0.18,1.00
85240,0.14,-0.16,0.99
85250,0.15,-0.15,0.99
85259,0.14,-0.15,1.00
85269,0.12,-0.15,1.01
85278,0.12,-0.15,1.01
85288,0.12,-0.16,1.01
85298,0.12,-0.16,1.01
85307,0.12,-0.17,1.01
85317,0.13,-0.18,1.01
85326,0.13,-0.19,1.00
85336,0.13,-0.19,1.00
85346,0.13,-0.19,1.00
85355,0.13,-0.19,1.00
85365,0.13,-0.20,1.00
85375,0.13,-0.22,1.00
85384,0.12,-0.23,0.99
85394,0.11,-0.25,0.99
85403,0.10,-0.26,0.98
85413,0.09,-0.27,0.97
85423,0.09,-0.26,0.96
85432,0.09,-0.25,0.95
85442,0.09,-0.23,0.94
85451,0.10,-0.21,0.93
85461,0.11,-0.18,0.92
85471,0.13,-0.16,0.91
85480,0.15,-0.15,0.90
85490,0.15,-0.16,0.89
85500,0.14,-0.17,0.89
85509,0.15,-0.17,0.90
85519,0.15,-0.16,0.91
85528,0.16,-0.16,0.92
85538,0.15,-0.15,0.94
85548,0.15,-0.14,0.95
85557,0.16,-0.15,0.96
85567,0.16,-0.16,0.98
85576,0.16,-0.18,0.98
85586,0.16,-0.19,0.98
85596,0.16,-0.20,0.98
85605,0.16,-0.20,0.98
85615,0.17,-0.20,0.99
85625,0.18,-0.20,0.99
85634,0.17,-0.21,0.99
85644,0.17,-0.21,0.99
85653,0.16,-0.21,0.99
85663,0.16,-0.21,0.99
85673,0.17,-0.22,0.98
85682,0.17,-0.23,0.98
85692,0.16,-0.24,0.96
85701,0.17,-0.24,0.95
85711,0.17,-0.22,0.94
85721,0.18,-0.20,0.94
85730,0.19,-0.18,0.94
85740,0.20,-0.16,0.95
85750,0.20,-0.17,0.94
85759,0.19,-0.19,0.93
85769,0.20,-0.21,0.93
85778,0.18,-0.22,0.93
85788,0.16,-0.22,0.93
85798,0.13,-0.21,0.94
85807,0.12,-0.20,0.96
85817,0.13,-0.19,0.95
85826,0.14,-0.18,0.94
85836,0.15,-0.16,0.92
85846,0.15,-0.16,0.92
85855,0.15,-0.16,0.93
85865,0.14,-0.17,0.94
85875,0.12,-0.18,0.96
85884,0.12,-0.19,0.96
85894,0.11,-0.20,0.95
85903,0.11,-0.21,0.96
85913,0.11,-0.22,0.96
85923,0.10,-0.21,0.95
85932,0.10,-0.20,0.96
85942,0.10,-0.19,0.97
85951,0.10,-0.18,0.98
85961,0.09,-0.17,0.99
85971,0.09,-0.18,1.00
85980,0.08,-0.18,1.01
85990,0.07,-0.18,1.03
86000,0.07,-0.19,1.04
86009,0.07,-0.19,1.04
86019,0.08,-0.20,1.04
86028,0.09,-0.21,1.03
86038,0.11,-0.22,1.00
86048,0.11,-0.25,0.98
86057,0.10,-0.27,0.96
86067,0.10,-0.28,0.94
86076,0.10,-0.27,0.92
86086,0.10,-0.26,0.91
86096,0.10,-0.24,0.89
86105,0.09,-0.21,0.88
86115,0.09,-0.16,0.89
86125,0.09,-0.13,0.91
86134,0.08,-0.09,0.92
86144,0.08,-0.07,0.93
86153,0.09,-0.06,0.94
86163,0.09,-0.06,0.94
86173,0.09,-0.06,0.95
86182,0.09,-0.08,0.97
86192,0.10,-0.10,0.98
86201,0.10,-0.13,0.99
86211,0.11,-0.15,1.00
86221,0.11,-0.18,1.00
86230,0.12,-0.20,1.02
86240,0.12,-0.21,1.03
86250,0.12,-0.22,1.04
86259,0.12,-0.22,1.03
86269,0.12,-0.22,1.03
86278,0.12,-0.22,1.02
86288,0.12,-0.22,1.00
86298,0.12,-0.21,0.98
86307,0.12,-0.20,0.97
86317,0.12,-0.19,0.96
86326,0.12,-0.17,0.96
86336,0.11,-0.15,0.96
86346,0.11,-0.14,0.97
86355,0.11,-0.12,0.97
86365,0.11,-0.10,0.98
86375,0.11,-0.10,0.99
86384,0.11,-0.11,0.99
86394,0.12,-0.12,1.00
86403,0.12,-0.14,1.02
86413,0.12,-0.15,1.03
86423,0.11,-0.17,1.04
86432,0.11,-0.19,1.06
86442,0.11,-0.22,1.08
86451,0.10,-0.25,1.09
86461,0.09,-0.28,1.08
86471,0.08,-0.30,1.06
86480,0.10,-0.29,1.03
86490,0.10,-0.24,1.00
86500,0.13,-0.19,0.99
86509,0.14,-0.12,0.99
86519,0.14,-0.07,1.00
86528,0.14,-0.03,1.02
86538,0.14,-0.02,1.03
86548,0.13,-0.04,1.03
86557,0.13,-0.09,1.03
86567,0.12,-0.14,1.03
86576,0.12,-0.20,1.04
86586,0.12,-0.23,1.04
86596,0.13,-0.25,1.05
86605,0.14,-0.25,1.05
86615,0.14,-0.25,1.05
86625,0.15,-0.25,1.05
86634,0.15,-0.24,1.05
86644,0.14,-0.25,1.05
86653,0.13,-0.25,1.04
86663,0.11,-0.25,1.04
86673,0.09,-0.23,1.03
86682,0.08,-0.21,1.01
86692,0.09,-0.18,0.98
86701,0.08,-0.17,0.95
86711,0.08,-0.17,0.92
86721,0.09,-0.18,0.89
86730,0.10,-0.20,0.85
86740,0.12,-0.22,0.83
86750,0.14,-0.22,0.80
86759,0.15,-0.23,0.78
86769,0.18,-0.22,0.77
86778,0.21,-0.21,0.77
86788,0.22,-0.21,0.78
86798,0.23,-0.20,0.80
86807,0.22,-0.20,0.82
86817,0.22,-0.20,0.86
86826,0.22,-0.22,0.90
86836,0.21,-0.25,0.95
86846,0.20,-0.26,0.98
86855,0.16,-0.28,1.01
86865,0.11,-0.29,1.03
86875,0.10,-0.28,1.05
86884,0.08,-0.26,1.06
86894,0.07,-0.24,1.06
86903,0.06,-0.20,1.06
86913,0.05,-0.18,1.04
86923,0.05,-0.17,1.03
86932,0.06,-0.17,1.01
86942,0.07,-0.18,0.99
86951,0.08,-0.19,0.96
86961,0.10,-0.20,0.93
86971,0.12,-0.19,0.91
86980,0.14,-0.18,0.89
86990,0.15,-0.17,0.88
87000,0.16,-0.17,0.87
87009,0.17,-0.19,0.86
87019,0.17,-0.20,0.86
87028,0.17,-0.20,0.87
87038,0.16,-0.19,0.88
87048,0.16,-0.18,0.90
87057,0.16,-0.17,0.91
87067,0.16,-0.16,0.93
87076,0.16,-0.16,0.95
87086,0.15,-0.16,0.96
87096,0.14,-0.16,0.97
87105,0.14,-0.17,0.97
87115,0.14,-0.18,0.98
87125,0.14,-0.18,0.99
87134,0.14,-0.18,0.99
87144,0.14,-0.18,1.00
87153,0.14,-0.18,1.01
87163,0.14,-0.19,1.03
87173,0.15,-0.20,1.03
87182,0.15,-0.20,1.01
87192,0.16,-0.22,1.00
87201,0.17,-0.22,0.97
87211,0.18,-0.20,0.95
87221,0.19,-0.17,0.95
87230,0.19,-0.15,0.95
87240,0.18,-0.12,0.97
87250,0.18,-0.09,0.99
87259,0.16,-0.07,1.00
87269,0.15,-0.06,1.02
87278,0.14,-0.06,1.03
87288,0.14,-0.07,1.05
87298,0.15,-0.08,1.06
87307,0.16,-0.10,1.06
87317,0.17,-0.12,1.05
87326,0.18,-0.15,1.04
87336,0.19,-0.18,1.02
87346,0.19,-0.21,1.00
87355,0.18,-0.23,0.99
87365,0.17,-0.24,0.98
87375,0.16,-0.22,0.98
87384,0.15,-0.18,0.99
87394,0.15,-0.14,1.01
87403,0.14,-0.10,1.03
87413,0.13,-0.07,1.05
87423,0.11,-0.06,1.08
87432,0.09,-0.07,1.10
87442,0.07,-0.09,1.11
87451,0.05,-0.11,1.11
87461,0.05,-0.13,1.11
87471,0.07,-0.15,1.10
87480,0.10,-0.18,1.08
87490,0.11,-0.22,1.06
87500,0.11,-0.27,1.05
87509,0.09,-0.33,1.04
87519,0.07,-0.39,1.03
87528,0.04,-0.43,1.02
87538,0.01,-0.45,0.98
87548,-0.00,-0.45,0.94
87557,0.00,-0.42,0.89
87567,0.02,-0.37,0.85
87576,0.06,-0.30,0.81
87586,0.10,-0.23,0.77
87596,0.14,-0.14,0.76
87605,0.15,-0.07,0.76
87615,0.13,-0.02,0.78
87625,0.10,-0.01,0.81
87634,0.07,-0.02,0.85
87644,0.04,-0.05,0.90
87653,0.02,-0.08,0.95
87663,0.02,-0.11,0.98
87673,0.02,-0.13,0.99
87682,0.00,-0.17,1.01
87692,-0.00,-0.18,1.03
87701,0.04,-0.18,1.04
87711,0.06,-0.19,1.05
87721,0.07,-0.20,1.05
87730,0.08,-0.21,1.03
87740,0.08,-0.21,1.01
87750,0.08,-0.22,1.00
87759,0.08,-0.22,0.99
87769,0.08,-0.21,0.99
87778,0.07,-0.19,0.98
87788,0.07,-0.17,0.97
87798,0.08,-0.15,0.96
87807,0.09,-0.14,0.94
87817,0.10,-0.13,0.93
87826,0.11,-0.12,0.91
87836,0.12,-0.12,0.90
87846,0.13,-0.12,0.89
87855,0.13,-0.12,0.89
87865,0.13,-0.12,0.90
87875,0.14,-0.13,0.91
87884,0.13,-0.14,0.92
87894,0.12,-0.15,0.94
87903,0.11,-0.15,0.95
87913,0.09,-0.15,0.97
87923,0.09,-0.15,0.98
87932,0.08,-0.15,0.98
87942,0.09,-0.14,0.98
87951,0.09,-0.14,0.98
87961,0.09,-0.15,0.98
87971,0.08,-0.15,0.97
87980,0.08,-0.14,0.97
87990,0.09,-0.12,0.98
88000,0.10,-0.11,0.98
88009,0.11,-0.09,0.99
88019,0.12,-0.07,0.99
88028,0.12,-0.06,1.00
88038,0.12,-0.06,1.01
88048,0.12,-0.07,1.02
88057,0.11,-0.09,1.03
88067,0.11,-0.11,1.04
88076,0.11,-0.14,1.06
88086,0.10,-0.15,1.07
88096,0.09,-0.16,1.07
88105,0.09,-0.16,1.06
88115,0.10,-0.14,1.06
88125,0.11,-0.13,1.04
88134,0.12,-0.11,1.03
88144,0.12,-0.09,1.03
88153,0.12,-0.09,1.04
88163,0.12,-0.07,1.06
88173,0.10,-0.06,1.07
88182,0.10,-0.06,1.09
88192,0.09,-0.06,1.09
88201,0.10,-0.07,1.08
88211,0.10,-0.09,1.07
88221,0.10,-0.12,1.06
88230,0.11,-0.15,1.05
88240,0.11,-0.17,1.04
88250,0.11,-0.19,1.03
88259,0.10,-0.18,1.03
88269,0.10,-0.17,1.02
88278,0.12,-0.16,1.02
88288,0.13,-0.17,1.00
88298,0.14,-0.19,0.99
88307,0.14,-0.20,0.98
88317,0.15,-0.20,0.96
88326,0.16,-0.20,0.94
88336,0.17,-0.20,0.93
88346,0.17,-0.20,0.92
88355,0.17,-0.21,0.90
88365,0.18,-0.23,0.88
88375,0.18,-0.23,0.86
88384,0.21,-0.24,0.86
88394,0.24,-0.25,0.86
88403,0.25,-0.26,0.86
88413,0.27,-0.28,0.87
88423,0.28,-0.29,0.89
88432,0.27,-0.30,0.90
88442,0.24,-0.28,0.91
88451,0.22,-0.25,0.94
88461,0.21,-0.21,0.96
88471,0.18,-0.18,0.98
88480,0.14,-0.16,1.00
88490,0.13,-0.16,1.01
88500,0.12,-0.16,1.02
88509,0.11,-0.18,1.02
88519,0.12,-0.20,1.02
88528,0.12,-0.22,1.01
88538,0.14,-0.23,0.98
88548,0.15,-0.23,0.96
88557,0.17,-0.22,0.93
88567,0.19,-0.21,0.90
88576,0.20,-0.21,0.89
88586,0.22,-0.21,0.87
88596,0.24,-0.20,0.87
88605,0.25,-0.20,0.87
88615,0.18,-0.17,0.82
88625,-0.29,-0.09,1.02
88634,-0.31,0.00,1.31
88644,0.09,0.05,1.10
88653,0.27,-0.00,0.88
88663,0.22,-0.22,0.79
88673,0.20,-0.34,0.83
88682,0.37,-0.47,0.88
88692,0.35,-0.40,0.86
88701,0.41,-0.31,0.87
88711,0.44,-0.28,0.90
88721,0.44,-0.25,0.92
88730,0.39,-0.26,0.96
88740,0.32,-0.26,1.01
88750,0.24,-0.26,1.07
88759,0.23,-0.21,1.04
88769,0.19,-0.20,0.99
88778,0.16,-0.13,0.93
88788,0.11,-0.04,0.93
88798,0.06,0.05,0.94
88807,0.00,0.09,0.90
88817,0.00,0.06,0.88
88826,0.05,0.01,0.88
88836,0.12,-0.04,0.90
88846,0.16,-0.08,0.92
88855,0.20,-0.13,0.94
88865,0.23,-0.16,0.97
88875,0.24,-0.18,0.98
88884,0.22,-0.18,0.98
88894,0.20,-0.18,0.99
88903,0.18,-0.15,0.98
88913,0.13,-0.11,0.97
88923,0.08,-0.09,0.97
88932,0.20,-0.11,1.00
88942,0.13,-0.10,0.97
88951,0.12,-0.11,0.96
88961,0.13,-0.14,0.95
88971,0.15,-0.15,0.94
88980,0.18,-0.15,0.94
88990,0.21,-0.17,0.94
89000,0.24,-0.20,0.95
89009,0.27,-0.22,0.95
89019,0.30,-0.22,0.95
89028,0.32,-0.22,0.97
89038,0.32,-0.22,0.98
89048,0.31,-0.23,0.99
89057,0.29,-0.25,1.00
89067,0.27,-0.27,1.00
89076,0.26,-0.27,1.01
89086,0.25,-0.27,1.01
89096,0.24,-0.26,1.02
89105,0.21,-0.25,1.03
89115,0.19,-0.22,1.02
89125,0.19,-0.20,1.01
89134,0.18,-0.21,0.99
89144,0.18,-0.23,0.97
89153,0.18,-0.25,0.96
89163,0.17,-0.25,0.96
89173,0.16,-0.25,0.96
89182,0.16,-0.25,0.96
89192,0.17,-0.25,0.96
89201,0.20,-0.24,0.94
89211,0.24,-0.23,0.93
89221,0.25,-0.23,0.93
89230,0.26,-0.23,0.94
89240,0.25,-0.23,0.95
89250,0.23,-0.25,0.97
89259,0.21,-0.26,0.99
89269,0.18,-0.27,1.00
89278,0.17,-0.27,1.00
89288,0.16,-0.26,1.01
89298,0.17,-0.26,1.01
89307,0.18,-0.27,1.01
89317,0.15,-0.25,1.01
89326,0.15,-0.25,1.01
89336,0.15,-0.26,1.01
89346,0.16,-0.26,1.02
89355,0.15,-0.26,1.03
89365,0.15,-0.27,1.03
89375,0.15,-0.30,1.02
89384,0.17,-0.34,1.01
89394,0.18,-0.37,0.97
89403,0.21,-0.39,0.92
89413,0.24,-0.42,0.88
89423,0.26,-0.43,0.81
89432,0.22,-0.43,0.83
89442,0.26,-0.39,0.81
89451,0.24,-0.35,0.80
89461,0.21,-0.32,0.82
89471,0.19,-0.29,0.84
89480,0.17,-0.25,0.86
89490,0.16,-0.24,0.86
89500,0.13,-0.24,0.86
89509,0.11,-0.25,0.87
89519,0.10,-0.26,0.88
89528,0.08,-0.27,0.89
89538,0.08,-0.26,0.93
89548,0.05,-0.25,0.96
89557,0.08,-0.24,0.97
89567,0.09,-0.26,0.97
89576,0.10,-0.28,0.95
89586,0.13,-0.29,0.94
89596,0.15,-0.30,0.93
89605,0.15,-0.30,0.94
89615,0.14,-0.30,0.97
89625,0.13,-0.29,0.99
89634,0.13,-0.28,1.01
89644,0.13,-0.28,1.01
89653,0.12,-0.29,1.00
89663,0.12,-0.29,0.98
89673,0.12,-0.28,0.98
89682,0.11,-0.26,0.97
89692,0.12,-0.24,0.96
89701,0.13,-0.23,0.96
89711,0.15,-0.21,0.96
89721,0.17,-0.20,0.95
89730,0.18,-0.20,0.95
89740,0.19,-0.21,0.96
89750,0.20,-0.25,0.96
89759,0.20,-0.29,0.96
89769,0.22,-0.32,0.95
89778,0.24,-0.35,0.94
89788,0.27,-0.36,0.93
89798,0.28,-0.36,0.91
89807,0.28,-0.36,0.91
89817,0.27,-0.36,0.90
89826,0.26,-0.37,0.92
89836,0.23,-0.34,0.93
89846,0.20,-0.30,0.95
89855,0.18,-0.28,0.97
89865,0.15,-0.28,1.00
89875,0.12,-0.26,1.00
89884,0.11,-0.24,1.00
89894,0.11,-0.24,1.00
89903,0.13,-0.26,0.99
89913,0.14,-0.26,0.96
89923,0.15,-0.26,0.93
89932,0.16,-0.25,0.91
89942,0.16,-0.25,0.92
89951,0.15,-0.25,0.93
89961,0.13,-0.25,0.94
89971,0.12,-0.24,0.94
89980,0.11,-0.23,0.95
89990,0.11,-0.22,0.94
90000,0.10,-0.22,0.93
90009,0.10,-0.23,0.91
90019,0.12,-0.26,0.89
90028,0.13,-0.27,0.86
90038,0.13,-0.26,0.85
90048,0.12,-0.24,0.85
90057,0.11,-0.20,0.85
90067,0.11,-0.17,0.86
90076,0.11,-0.15,0.88
90086,0.12,-0.15,0.90
90096,0.13,-0.18,0.91
90105,0.15,-0.20,0.92
90115,0.17,-0.22,0.94
90125,0.15,-0.24,0.98
90134,0.14,-0.23,1.02
90144,0.13,-0.22,1.06
90153,0.12,-0.23,1.09
90163,0.11,-0.25,1.10
90173,0.10,-0.27,1.12
90182,0.08,-0.28,1.14
90192,0.07,-0.31,1.13
90201,0.07,-0.34,1.11
90211,0.07,-0.36,1.06
90221,0.11,-0.37,1.01
90230,0.16,-0.38,0.95
90240,0.21,-0.38,0.92
90250,0.24,-0.38,0.89
90259,0.26,-0.37,0.90
90269,0.23,-0.38,0.91
90278,0.18,-0.40,0.91
90288,0.12,-0.41,0.91
90298,0.09,-0.40,0.89
90307,0.08,-0.35,0.87
90317,0.09,-0.28,0.85
90326,0.10,-0.19,0.85
90336,0.12,-0.11,0.86
90346,0.14,-0.08,0.88
90355,0.16,-0.07,0.92
90365,0.17,-0.09,0.96
90375,0.19,-0.13,1.01
90384,0.20,-0.18,1.05
90394,0.19,-0.25,1.08
90403,0.17,-0.35,1.09
90413,0.17,-0.44,1.09
90423,0.14,-0.48,1.07
90432,0.11,-0.48,1.06
90442,0.09,-0.48,1.05
90451,0.10,-0.43,1.03
90461,0.14,-0.35,0.98
90471,0.16,-0.26,0.95
90480,0.16,-0.17,0.91
90490,0.17,-0.12,0.90
90500,0.17,-0.11,0.86
90509,0.16,-0.12,0.84
90519,0.16,-0.15,0.82
90528,0.16,-0.18,0.82
90538,0.17,-0.21,0.82
90548,0.19,-0.21,0.82
90557,0.21,-0.22,0.83
90567,0.22,-0.22,0.84
90576,0.21,-0.22,0.86
90586,0.20,-0.23,0.91
90596,0.20,-0.25,0.94
90605,0.20,-0.27,0.95
90615,0.19,-0.29,0.95
90625,0.18,-0.29,0.94
90634,0.19,-0.27,0.94
90644,0.19,-0.25,0.93
90653,0.18,-0.22,0.94
90663,0.18,-0.19,0.94
90673,0.16,-0.18,0.94
90682,0.15,-0.16,0.95
90692,0.14,-0.16,0.96
90701,0.15,-0.16,0.97
90711,0.16,-0.15,0.97
90721,0.16,-0.15,0.98
90730,0.16,-0.16,0.98
90740,0.17,-0.17,0.98
90750,0.17,-0.20,0.98
90759,0.18,-0.22,0.98
90769,0.18,-0.24,0.98
90778,0.18,-0.24,0.98
90788,0.17,-0.24,0.98
90798,0.17,-0.23,0.98
90807,0.18,-0.21,0.98
90817,0.18,-0.21,0.97
90826,0.18,-0.20,0.96
90836,0.18,-0.19,0.95
90846,0.18,-0.18,0.94
90855,0.17,-0.16,0.94
90865,0.17,-0.15,0.94
90875,0.16,-0.14,0.95
90884,0.15,-0.13,0.97
90894,0.16,-0.14,0.97
90903,0.16,-0.15,0.96
90913,0.16,-0.16,0.97
90923,0.16,-0.17,0.97
90932,0.15,-0.17,0.98
90942,0.15,-0.17,0.99
90951,0.16,-0.17,1.01
90961,0.16,-0.17,1.01
90971,0.15,-0.18,1.01
90980,0.15,-0.18,1.02
90990,0.15,-0.18,1.03
91000,0.16,-0.17,1.02
91009,0.15,-0.16,1.02
91019,0.15,-0.15,1.03
91028,0.15,-0.14,1.04
91038,0.15,-0.13,1.04
91048,0.15,-0.13,1.05
91057,0.15,-0.16,1.05
91067,0.15,-0.20,1.04
91076,0.15,-0.25,1.03
91086,0.15,-0.29,1.02
91096,0.16,-0.33,1.01
91105,0.15,-0.35,1.01
91115,0.14,-0.36,1.03
91125,0.13,-0.35,1.05
91134,0.12,-0.35,1.07
91144,0.11,-0.36,1.07
91153,0.09,-0.36,1.07
91163,0.09,-0.38,1.06
91173,0.09,-0.40,1.04
91182,0.09,-0.41,1.01
91192,0.09,-0.42,0.99
91201,0.09,-0.41,0.98
91211,0.08,-0.38,0.97
91221,0.07,-0.36,0.95
91230,0.07,-0.35,0.93
91240,0.05,-0.35,0.90
91250,0.03,-0.34,0.90
91259,0.01,-0.33,0.89
91269,0.01,-0.30,0.88
91278,0.02,-0.28,0.87
91288,0.03,-0.27,0.86
91298,0.05,-0.25,0.86
91307,0.07,-0.22,0.86
91317,0.09,-0.21,0.86
91326,0.11,-0.21,0.86
91336,0.12,-0.22,0.87
91346,0.11,-0.24,0.89
91355,0.11,-0.25,0.91
91365,0.10,-0.26,0.94
91375,0.08,-0.28,0.98
91384,0.07,-0.31,0.99
91394,0.05,-0.33,1.00
91403,0.04,-0.33,0.99
91413,0.05,-0.32,0.97
91423,0.07,-0.29,0.95
91432,0.09,-0.25,0.93
91442,0.11,-0.21,0.92
91451,0.13,-0.18,0.91
91461,0.14,-0.18,0.90
91471,0.14,-0.20,0.91
91480,0.13,-0.21,0.93
91490,0.13,-0.23,0.94
91500,0.12,-0.24,0.95
91509,0.11,-0.25,0.95
91519,0.10,-0.25,0.96
91528,0.10,-0.25,0.96
91538,0.10,-0.24,0.96
91548,0.12,-0.23,0.95
91557,0.13,-0.23,0.95
91567,0.14,-0.23,0.94
91576,0.13,-0.23,0.93
91586,0.13,-0.23,0.93
91596,0.12,-0.23,0.93
91605,0.11,-0.23,0.94
91615,0.11,-0.22,0.94
91625,0.11,-0.22,0.94
91634,0.12,-0.21,0.93
91644,0.12,-0.20,0.92
91653,0.12,-0.19,0.91
91663,0.12,-0.18,0.90
91673,0.12,-0.17,0.90
91682,0.11,-0.17,0.90
91692,0.11,-0.18,0.91
91701,0.11,-0.17,0.92
91711,0.11,-0.17,0.93
91721,0.11,-0.19,0.94
91730,0.10,-0.21,0.94
91740,0.09,-0.24,0.94
91750,0.07,-0.26,0.94
91759,0.08,-0.26,0.94
91769,0.08,-0.25,0.95
91778,0.06,-0.27,0.96
91788,0.09,-0.26,0.98
91798,0.08,-0.26,0.98
91807,0.07,-0.26,0.99
91817,0.05,-0.24,1.00
91826,0.04,-0.21,1.01
91836,0.05,-0.18,1.03
91846,0.05,-0.16,1.03
91855,0.05,-0.13,1.04
91865,0.05,-0.13,1.04
91875,0.06,-0.14,1.04
91884,0.06,-0.18,1.04
91894,0.05,-0.21,1.03
91903,0.03,-0.22,1.03
91913,0.01,-0.22,1.04
91923,0.02,-0.18,1.06
91932,0.03,-0.15,1.09
91942,0.04,-0.14,1.10
91951,0.04,-0.16,1.10
91961,0.04,-0.21,1.09
91971,0.06,-0.27,1.07
91980,0.08,-0.33,1.04
91990,0.10,-0.38,1.00
92000,0.12,-0.40,0.97
92009,0.14,-0.42,0.95
92019,0.13,-0.41,0.93
92028,0.13,-0.36,0.94
92038,0.12,-0.30,0.95
92048,0.11,-0.23,0.97
92057,0.11,-0.16,0.98
92067,0.11,-0.13,0.98
92076,0.11,-0.14,0.98
92086,0.11,-0.18,0.98
92096,0.09,-0.22,0.97
92105,0.10,-0.26,0.97
92115,0.16,-0.31,0.97
92125,0.16,-0.34,0.93
92134,0.17,-0.37,0.92
92144,0.21,-0.39,0.93
92153,0.24,-0.39,0.93
92163,0.25,-0.40,0.94
92173,0.23,-0.41,0.95
92182,0.21,-0.42,0.97
92192,0.20,-0.45,0.99
92201,0.18,-0.46,0.99
92211,0.16,-0.46,0.99
92221,0.13,-0.46,0.98
92230,0.12,-0.46,0.98
92240,0.10,-0.48,0.99
92250,0.13,-0.44,0.99
92259,0.09,-0.41,0.97
92269,0.06,-0.40,0.96
92278,0.04,-0.39,0.94
92288,0.05,-0.37,0.93
92298,0.08,-0.33,0.92
92307,0.10,-0.30,0.93
92317,0.10,-0.26,0.90
92326,0.11,-0.25,0.89
92336,0.11,-0.26,0.88
92346,0.11,-0.27,0.87
92355,0.09,-0.28,0.88
92365,0.07,-0.29,0.87
92375,0.06,-0.28,0.86
92384,0.06,-0.27,0.85
92394,0.08,-0.25,0.85
92403,0.10,-0.23,0.84
92413,0.11,-0.22,0.82
92423,0.13,-0.22,0.82
92432,0.14,-0.22,0.83
92442,0.14,-0.23,0.84
92451,0.14,-0.24,0.87
92461,0.13,-0.24,0.89
92471,0.13,-0.24,0.91
92480,0.13,-0.25,0.93
92490,0.13,-0.24,0.93
92500,0.14,-0.24,0.93
92509,0.14,-0.24,0.94
92519,0.13,-0.24,0.95
92528,0.13,-0.23,0.95
92538,0.14,-0.22,0.95
92548,0.14,-0.21,0.96
92557,0.13,-0.21,0.97
92567,0.12,-0.20,0.99
92576,0.12,-0.19,0.99
92586,0.13,-0.18,0.98
92596,0.14,-0.17,0.97
92605,0.15,-0.18,0.96
92615,0.16,-0.18,0.96
92625,0.17,-0.19,0.96
92634,0.17,-0.20,0.96
92644,0.17,-0.21,0.97
92653,0.17,-0.22,0.98
92663,0.18,-0.23,0.98
92673,0.18,-0.25,0.99
92682,0.18,-0.26,0.99
92692,0.17,-0.27,0.99
92701,0.17,-0.27,0.99
92711,0.16,-0.27,0.99
92721,0.14,-0.26,0.99
92730,0.15,-0.24,0.99
92740,0.16,-0.22,0.98
92750,0.17,-0.21,0.98
92759,0.18,-0.21,0.97
92769,0.18,-0.21,0.96
92778,0.17,-0.22,0.96
92788,0.15,-0.21,0.98
92798,0.13,-0.20,1.01
92807,0.12,-0.17,1.04
92817,0.11,-0.13,1.08
92826,0.09,-0.10,1.11
92836,0.08,-0.08,1.13
92846,0.06,-0.09,1.14
92855,0.06,-0.10,1.16
92865,0.04,-0.13,1.16
92875,0.04,-0.17,1.15
92884,0.05,-0.21,1.13
92894,0.07,-0.25,1.11
92903,0.09,-0.28,1.09
92913,0.11,-0.30,1.07
92923,0.13,-0.33,1.06
92932,0.13,-0.38,1.05
92942,0.12,-0.43,1.03
92951,0.10,-0.48,1.02
92961,0.08,-0.52,0.99
92971,0.06,-0.52,0.95
92980,0.05,-0.50,0.91
92990,0.05,-0.44,0.87
93000,0.08,-0.33,0.83
93009,0.11,-0.21,0.80
93019,0.12,-0.11,0.79
93028,0.11,-0.07,0.79
93038,0.09,-0.06,0.80
93048,0.07,-0.10,0.83
93057,0.06,-0.15,0.86
93067,0.05,-0.19,0.89
93076,0.04,-0.21,0.93
93086,0.04,-0.24,0.97
93096,0.05,-0.26,1.00
93105,0.05,-0.27,1.01
93115,0.07,-0.28,1.00
93125,0.09,-0.28,0.98
93134,0.11,-0.27,0.95
93144,0.13,-0.25,0.93
93153,0.14,-0.24,0.91
93163,0.11,-0.22,0.87
93173,0.11,-0.19,0.86
93182,0.12,-0.17,0.85
93192,0.12,-0.15,0.85
93201,0.11,-0.14,0.86
93211,0.10,-0.13,0.86
93221,0.09,-0.12,0.87
93230,0.09,-0.12,0.88
93240,0.09,-0.12,0.89
93250,0.09,-0.13,0.91
93259,0.09,-0.14,0.92
93269,0.09,-0.15,0.93
93278,0.08,-0.16,0.94
93288,0.08,-0.17,0.96
93298,0.07,-0.19,0.98
93307,0.06,-0.20,0.99
93317,0.06,-0.22,1.00
93326,0.07,-0.24,1.00
93336,0.07,-0.25,0.98
93346,0.08,-0.26,0.96
93355,0.09,-0.25,0.95
93365,0.11,-0.24,0.94
93375,0.11,-0.22,0.93
93384,0.11,-0.20,0.94
93394,0.13,-0.17,0.94
93403,0.14,-0.16,0.95
93413,0.14,-0.15,0.95
93423,0.14,-0.13,0.96
93432,0.14,-0.12,0.97
93442,0.13,-0.12,0.99
93451,0.12,-0.14,1.01
93461,0.10,-0.15,1.03
93471,0.08,-0.16,1.05
93480,0.07,-0.17,1.06
93490,0.06,-0.16,1.09
93500,0.06,-0.15,1.11
93509,0.06,-0.14,1.13
93519,0.07,-0.14,1.14
93528,0.07,-0.14,1.15
93538,0.07,-0.14,1.15
93548,0.07,-0.15,1.15
93557,0.06,-0.15,1.16
93567,0.06,-0.14,1.16
93576,0.06,-0.13,1.15
93586,0.07,-0.14,1.13
93596,0.08,-0.17,1.09
93605,0.10,-0.21,1.06
93615,0.13,-0.25,1.03
93625,0.15,-0.28,1.00
93634,0.16,-0.31,0.97
93644,0.16,-0.33,0.94
93653,0.17,-0.32,0.91
93663,0.19,-0.32,0.89
93673,0.19,-0.30,0.86
93682,0.19,-0.28,0.83
93692,0.19,-0.26,0.81
93701,0.20,-0.24,0.80
93711,0.20,-0.21,0.78
93721,0.20,-0.18,0.77
93730,0.21,-0.15,0.77
93740,0.21,-0.14,0.79
93750,0.21,-0.13,0.81
93759,0.20,-0.13,0.85
93769,0.20,-0.14,0.89
93778,0.19,-0.16,0.93
93788,0.18,-0.19,0.96
93798,0.15,-0.22,0.99
93807,0.11,-0.26,1.04
93817,0.08,-0.28,1.06
93826,0.07,-0.29,1.08
93836,0.06,-0.30,1.09
93846,0.05,-0.30,1.08
93855,0.05,-0.29,1.04
93865,0.06,-0.25,0.98
93875,0.08,-0.21,0.94
93884,0.10,-0.15,0.91
93894,0.12,-0.10,0.89
93903,0.13,-0.08,0.88
93913,0.12,-0.09,0.87
93923,0.13,-0.12,0.87
93932,0.13,-0.16,0.87
93942,0.14,-0.18,0.88
93951,0.14,-0.21,0.90
93961,0.15,-0.22,0.90
93971,0.17,-0.24,0.92
93980,0.17,-0.25,0.93
93990,0.17,-0.26,0.93
94000,0.17,-0.26,0.95
94009,0.17,-0.26,0.97
94019,0.16,-0.26,0.98
94028,0.14,-0.26,0.99
94038,0.13,-0.24,0.99
94048,0.12,-0.22,0.99
94057,0.12,-0.20,0.99
94067,0.12,-0.16,0.99
94076,0.13,-0.14,0.98
94086,0.13,-0.13,0.97
94096,0.12,-0.12,0.97
94105,0.13,-0.13,0.97
94115,0.13,-0.14,0.97
94125,0.13,-0.15,0.98
94134,0.13,-0.16,0.99
94144,0.13,-0.17,0.99
94153,0.13,-0.18,0.99
94163,0.14,-0.19,0.99
94173,0.15,-0.19,0.99
94182,0.15,-0.20,0.99
94192,0.15,-0.20,0.99
94201,0.15,-0.20,0.99
94211,0.15,-0.19,1.00
94221,0.15,-0.19,1.00
94230,0.15,-0.20,1.00
94240,0.14,-0.20,0.99
94250,0.14,-0.20,1.00
94259,0.13,-0.19,1.02
94269,0.12,-0.17,1.03
94278,0.10,-0.13,1.05
94288,0.09,-0.10,1.06
94298,0.08,-0.08,1.07
94307,0.07,-0.06,1.08
94317,0.07,-0.06,1.08
94326,0.07,-0.08,1.08
94336,0.08,-0.10,1.08
94346,0.08,-0.13,1.08
94355,0.09,-0.17,1.10
94365,0.10,-0.21,1.11
94375,0.13,-0.25,1.12
94384,0.15,-0.30,1.12
94394,0.16,-0.35,1.10
94403,0.16,-0.39,1.08
94413,0.15,-0.44,1.06
94423,0.12,-0.48,1.03
94432,0.10,-0.49,0.98
94442,0.08,-0.48,0.94
94451,0.08,-0.42,0.89
94461,0.10,-0.32,0.85
94471,0.14,-0.20,0.81
94480,0.14,-0.11,0.78
94490,0.12,-0.07,0.76
94500,0.09,-0.09,0.75
94509,0.08,-0.13,0.77
94519,0.08,-0.19,0.80
94528,0.07,-0.24,0.84
94538,0.06,-0.28,0.88
94548,0.05,-0.30,0.91
94557,0.03,-0.32,0.96
94567,0.04,-0.31,0.99
94576,0.06,-0.33,1.03
94586,0.06,-0.35,1.05
94596,0.06,-0.37,1.05
94605,0.05,-0.38,1.03
94615,0.05,-0.38,1.02
94625,0.04,-0.36,1.00
94634,0.05,-0.31,0.99
94644,0.07,-0.26,0.97
94653,0.07,-0.22,0.93
94663,0.09,-0.23,0.89
94673,0.06,-0.19,0.85
94682,0.11,-0.18,0.84
94692,0.13,-0.17,0.84
94701,0.12,-0.17,0.85
94711,0.10,-0.18,0.87
94721,0.10,-0.21,0.89
94730,0.10,-0.23,0.91
94740,0.10,-0.25,0.92
94750,0.09,-0.27,0.94
94759,0.08,-0.27,0.96
94769,0.06,-0.28,0.97
94778,0.06,-0.29,0.98
94788,0.05,-0.29,0.97
94798,0.05,-0.28,0.98
94807,0.04,-0.26,0.98
94817,0.03,-0.24,0.98
94826,0.04,-0.21,0.97
94836,0.04,-0.19,0.96
94846,0.04,-0.17,0.94
94855,0.04,-0.16,0.93
94865,0.05,-0.15,0.92
94875,0.05,-0.15,0.91
94884,0.06,-0.15,0.90
94894,0.06,-0.15,0.90
94903,0.07,-0.15,0.90
94913,0.08,-0.15,0.91
94923,0.08,-0.15,0.92
94932,0.09,-0.16,0.93
94942,0.09,-0.17,0.95
94951,0.08,-0.18,0.97
94961,0.08,-0.17,0.99
94971,0.07,-0.17,1.01
94980,0.07,-0.16,1.02
94990,0.07,-0.15,1.04
95000,0.07,-0.15,1.05
95009,0.07,-0.16,1.05
95019,0.07,-0.16,1.06
95028,0.07,-0.16,1.05
95038,0.07,-0.16,1.04
95048,0.07,-0.17,1.04
95057,0.07,-0.17,1.03
95067,0.08,-0.18,1.00
95076,0.09,-0.20,0.99
95086,0.10,-0.23,0.97
95096,0.10,-0.26,0.96
95105,0.09,-0.28,0.97
95115,0.07,-0.27,1.01
95125,0.06,-0.24,1.05
95134,0.02,-0.22,1.10
95144,0.00,-0.17,1.12
95153,0.01,-0.14,1.15
95163,0.04,-0.14,1.15
95173,0.06,-0.14,1.12
95182,0.09,-0.17,1.08
95192,0.12,-0.22,1.06
95201,0.15,-0.27,1.03
95211,0.16,-0.32,1.01
95221,0.17,-0.35,1.01
95230,0.18,-0.36,1.01
95240,0.17,-0.37,1.01
95250,0.16,-0.39,1.00
95259,0.16,-0.40,0.98
95269,0.17,-0.40,0.95
95278,0.18,-0.38,0.91
95288,0.18,-0.35,0.87
95298,0.18,-0.30,0.85
95307,0.15,-0.24,0.85
95317,0.14,-0.19,0.86
95326,0.13,-0.15,0.89
95336,0.11,-0.13,0.91
95346,0.09,-0.15,0.94
95355,0.09,-0.19,0.96
95365,0.08,-0.25,0.97
95375,0.06,-0.31,0.99
95384,0.06,-0.37,0.99
95394,0.09,-0.39,0.99
95403,0.07,-0.41,0.96
95413,0.06,-0.43,0.93
95423,0.07,-0.42,0.90
95432,0.08,-0.38,0.89
95442,0.10,-0.34,0.88
95451,0.12,-0.28,0.88
95461,0.12,-0.23,0.88
95471,0.12,-0.19,0.88
95480,0.11,-0.16,0.89
95490,0.09,-0.13,0.91
95500,0.08,-0.11,0.92
95509,0.07,-0.11,0.93
95519,0.06,-0.11,0.94
95528,0.07,-0.12,0.94
95538,0.08,-0.14,0.93
95548,0.10,-0.15,0.92
95557,0.11,-0.16,0.90
95567,0.13,-0.17,0.90
95576,0.14,-0.18,0.90
95586,0.15,-0.18,0.90
95596,0.15,-0.19,0.91
95605,0.16,-0.21,0.91
95615,0.15,-0.23,0.92
95625,0.16,-0.24,0.93
95634,0.16,-0.24,0.94
95644,0.16,-0.25,0.94
95653,0.16,-0.25,0.94
95663,0.16,-0.25,0.94
95673,0.15,-0.26,0.94
95682,0.14,-0.25,0.95
95692,0.13,-0.23,0.96
95701,0.12,-0.22,0.98
95711,0.12,-0.19,0.98
95721,0.12,-0.19,0.99
95730,0.13,-0.18,0.98
95740,0.13,-0.20,0.98
95750,0.12,-0.20,0.97
95759,0.12,-0.21,0.98
95769,0.12,-0.21,0.99
95778,0.13,-0.22,1.01
95788,0.14,-0.23,1.02
95798,0.14,-0.24,1.03
95807,0.13,-0.26,1.03
95817,0.14,-0.29,1.03
95826,0.14,-0.30,1.01
95836,0.15,-0.30,1.00
95846,0.16,-0.28,0.99
95855,0.16,-0.25,1.00
95865,0.15,-0.23,1.02
95875,0.13,-0.22,1.04
95884,0.10,-0.22,1.06
95894,0.08,-0.23,1.08
95903,0.06,-0.26,1.10
95913,0.06,-0.28,1.10
95923,0.06,-0.31,1.11
95932,0.07,-0.33,1.10
95942,0.03,-0.38,1.06
95951,0.01,-0.40,1.00
95961,0.03,-0.38,0.96
95971,0.08,-0.33,0.92
95980,0.11,-0.27,0.89
95990,0.13,-0.22,0.88
96000,0.15,-0.20,0.88
96009,0.15,-0.22,0.87
96019,0.14,-0.25,0.86
96028,0.14,-0.28,0.86
96038,0.16,-0.31,0.86
96048,0.16,-0.33,0.86
96057,0.16,-0.34,0.87
96067,0.15,-0.33,0.88
96076,0.13,-0.32,0.89
96086,0.12,-0.31,0.90
96096,0.12,-0.31,0.92
96105,0.12,-0.31,0.93
96115,0.11,-0.32,0.93
96125,0.10,-0.33,0.94
96134,0.10,-0.35,0.94
96144,0.10,-0.35,0.94
96153,0.09,-0.34,0.93
96163,0.09,-0.33,0.92
96173,0.09,-0.31,0.93
96182,0.08,-0.30,0.94
96192,0.08,-0.29,0.95
96201,0.08,-0.29,0.96
96211,0.09,-0.29,0.96
96221,0.09,-0.29,0.97
96230,0.11,-0.30,0.96
96240,0.12,-0.30,0.97
96250,0.13,-0.31,0.97
96259,0.13,-0.32,0.98
96269,0.14,-0.33,0.99
96278,0.13,-0.35,0.99
96288,0.12,-0.36,0.99
96298,0.11,-0.35,0.98
96307,0.11,-0.35,0.96
96317,0.11,-0.33,0.94
96326,0.12,-0.31,0.93
96336,0.13,-0.29,0.92
96346,0.13,-0.27,0.92
96355,0.14,-0.26,0.92
96365,0.15,-0.26,0.92
96375,0.16,-0.27,0.92
96384,0.16,-0.28,0.92
96394,0.15,-0.29,0.92
96403,0.14,-0.30,0.93
96413,0.13,-0.29,0.94
96423,0.11,-0.28,0.95
96432,0.11,-0.28,0.97
96442,0.11,-0.29,0.98
96451,0.11,-0.30,0.98
96461,0.12,-0.30,0.97
96471,0.12,-0.29,0.96
96480,0.12,-0.29,0.96
96490,0.12,-0.27,0.96
96500,0.12,-0.26,0.96
96509,0.11,-0.25,0.96
96519,0.09,-0.24,0.97
96528,0.09,-0.22,0.98
96538,0.10,-0.22,1.00
96548,0.10,-0.24,1.00
96557,0.09,-0.24,0.99
96567,0.08,-0.24,0.98
96576,0.08,-0.23,0.97
96586,0.09,-0.22,0.95
96596,0.06,-0.19,0.92
96605,0.08,-0.16,0.91
96615,0.10,-0.15,0.91
96625,0.11,-0.16,0.92
96634,0.10,-0.18,0.93
96644,0.10,-0.20,0.94
96653,0.09,-0.23,0.96
96663,0.07,-0.24,0.98
96673,0.05,-0.24,0.99
96682,0.04,-0.22,1.01
96692,0.03,-0.18,1.02
96701,0.03,-0.14,1.02
96711,0.05,-0.11,1.03
96721,0.05,-0.10,1.02
96730,0.05,-0.12,1.01
96740,0.06,-0.14,0.99
96750,0.07,-0.15,0.99
96759,0.08,-0.15,0.99
96769,0.10,-0.13,1.02
96778,0.13,-0.13,1.06
96788,0.17,-0.14,1.07
96798,0.19,-0.17,1.06
96807,0.19,-0.22,1.07
96817,0.15,-0.27,1.06
96826,0.10,-0.28,1.05
96836,0.07,-0.27,1.05
96846,0.05,-0.25,1.06
96855,0.05,-0.25,1.08
96865,0.06,-0.25,1.09
96875,0.07,-0.27,1.08
96884,0.10,-0.28,1.05
96894,0.11,-0.29,1.02
96903,0.11,-0.29,0.99
96913,0.10,-0.28,0.96
96923,0.08,-0.24,0.94
96932,0.05,-0.19,0.92
96942,0.04,-0.18,0.91
96951,0.04,-0.18,0.88
96961,0.05,-0.22,0.84
96971,0.11,-0.26,0.80
96980,0.18,-0.32,0.77
96990,0.20,-0.31,0.76
97000,0.23,-0.33,0.81
97009,0.24,-0.32,0.86
97019,0.24,-0.33,0.90
97028,0.24,-0.35,0.92
97038,0.23,-0.36,0.96
97048,0.21,-0.39,0.97
97057,0.21,-0.41,0.98
97067,0.21,-0.41,0.98
97076,0.20,-0.41,0.97
97086,0.18,-0.39,0.95
97096,0.17,-0.36,0.95
97105,0.15,-0.31,0.96
97115,0.13,-0.25,0.97
97125,0.12,-0.20,0.96
97134,0.11,-0.16,0.96
97144,0.10,-0.16,0.94
97153,0.11,-0.17,0.93
97163,0.13,-0.20,0.91
97173,0.15,-0.24,0.89
97182,0.16,-0.29,0.87
97192,0.17,-0.31,0.84
97201,0.18,-0.31,0.83
97211,0.19,-0.31,0.85
97221,0.19,-0.30,0.86
97230,0.19,-0.28,0.87
97240,0.18,-0.25,0.89
97250,0.16,-0.23,0.91
97259,0.14,-0.21,0.93
97269,0.13,-0.19,0.94
97278,0.12,-0.18,0.94
97288,0.11,-0.17,0.94
97298,0.11,-0.16,0.94
97307,0.10,-0.15,0.94
97317,0.10,-0.14,0.95
97326,0.09,-0.13,0.97
97336,0.09,-0.13,0.99
97346,0.11,-0.16,1.00
97355,0.12,-0.19,0.99
97365,0.12,-0.22,0.99
97375,0.12,-0.25,0.99
97384,0.11,-0.26,0.98
97394,0.11,-0.26,0.99
97403,0.12,-0.26,0.99
97413,0.15,-0.27,1.00
97423,0.18,-0.26,1.00
97432,0.19,-0.26,0.99
97442,0.19,-0.29,0.98
97451,0.20,-0.30,0.98
97461,0.19,-0.29,0.99
97471,0.16,-0.29,1.00
97480,0.15,-0.28,1.01
97490,0.16,-0.26,1.01
97500,0.16,-0.25,1.01
97509,0.15,-0.24,1.00
97519,0.16,-0.21,1.01
97528,0.16,-0.18,1.03
97538,0.16,-0.15,1.05
97548,0.13,-0.13,1.08
97557,0.09,-0.12,1.11
97567,0.02,-0.13,1.16
97576,0.02,-0.13,1.18
97586,0.00,-0.16,1.18
97596,-0.00,-0.21,1.17
97605,0.00,-0.26,1.16
97615,-0.00,-0.30,1.13
97625,0.00,-0.33,1.10
97634,0.01,-0.36,1.06
97644,0.02,-0.39,1.03
97653,0.00,-0.42,0.99
97663,-0.01,-0.42,0.95
97673,-0.01,-0.42,0.91
97682,0.00,-0.41,0.88
97692,0.02,-0.40,0.85
97701,0.03,-0.38,0.81
97711,0.03,-0.37,0.78
97721,0.03,-0.33,0.75
97730,0.05,-0.28,0.76
97740,0.08,-0.24,0.78
97750,0.09,-0.20,0.79
97759,0.08,-0.16,0.82
97769,0.07,-0.14,0.87
97778,0.05,-0.13,0.93
97788,0.02,-0.14,0.99
97798,0.00,-0.17,1.03
97807,-0.00,-0.20,1.05
97817,-0.01,-0.22,1.05
97826,-0.01,-0.25,1.05
97836,-0.01,-0.27,1.04
97846,0.01,-0.29,1.03
97855,0.03,-0.31,1.01
97865,0.04,-0.32,0.99
97875,0.05,-0.32,0.96
97884,0.05,-0.30,0.92
97894,0.07,-0.28,0.89
97903,0.10,-0.25,0.86
97913,0.12,-0.21,0.82
97923,0.14,-0.18,0.80
97932,0.15,-0.15,0.80
97942,0.14,-0.14,0.80
97951,0.12,-0.13,0.82
97961,0.11,-0.12,0.85
97971,0.10,-0.12,0.86
97980,0.10,-0.13,0.88
97990,0.11,-0.15,0.90
98000,0.10,-0.17,0.91
98009,0.09,-0.19,0.93
98019,0.06,-0.20,0.96
98028,-0.01,-0.23,1.04
98038,0.01,-0.23,1.03
98048,-0.01,-0.25,1.06
98057,-0.01,-0.28,1.05
98067,-0.01,-0.29,1.04
98076,-0.02,-0.28,1.02
98086,-0.01,-0.27,1.00
98096,0.02,-0.26,0.97
98105,0.06,-0.22,0.95
98115,0.09,-0.22,0.95
98125,0.13,-0.22,0.94
98134,0.15,-0.22,0.93
98144,0.16,-0.20,0.92
98153,0.16,-0.19,0.93
98163,0.15,-0.17,0.95
98173,0.14,-0.15,0.96
98182,0.13,-0.15,0.98
98192,0.12,-0.15,0.99
98201,0.10,-0.16,1.01
98211,0.08,-0.17,1.02
98221,0.06,-0.16,1.06
98230,0.04,-0.14,1.08
98240,0.03,-0.12,1.12
98250,0.03,-0.11,1.15
98259,0.04,-0.11,1.17
98269,0.05,-0.13,1.17
98278,0.06,-0.17,1.18
98288,0.09,-0.22,1.16
98298,0.11,-0.27,1.13
98307,0.13,-0.31,1.09
98317,0.14,-0.34,1.04
98326,0.16,-0.35,1.00
98336,0.18,-0.35,0.97
98346,0.19,-0.34,0.96
98355,0.18,-0.32,0.95
98365,0.17,-0.31,0.95
98375,0.16,-0.30,0.94
98384,0.16,-0.29,0.92
98394,0.14,-0.29,0.91
98403,0.12,-0.28,0.89
98413,0.11,-0.27,0.88
98423,0.11,-0.25,0.87
98432,0.10,-0.24,0.86
98442,0.11,-0.22,0.86
98451,0.12,-0.21,0.87
98461,0.13,-0.21,0.88
98471,0.15,-0.23,0.88
98480,0.17,-0.26,0.87
98490,0.18,-0.28,0.87
98500,0.19,-0.32,0.87
98509,0.18,-0.34,0.88
98519,0.18,-0.35,0.89
98528,0.17,-0.34,0.91
98538,0.16,-0.32,0.93
98548,0.14,-0.30,0.95
98557,0.13,-0.27,0.96
98567,0.10,-0.25,0.99
98576,0.07,-0.22,1.01
98586,0.04,-0.19,1.01
98596,0.03,-0.18,1.00
98605,0.03,-0.18,0.98
98615,0.03,-0.18,0.96
98625,0.05,-0.18,0.92
98634,0.08,-0.19,0.89
98644,0.11,-0.20,0.87
98653,0.13,-0.20,0.85
98663,0.16,-0.20,0.85
98673,0.17,-0.22,0.85
98682,0.18,-0.23,0.84
98692,0.19,-0.25,0.85
98701,0.18,-0.26,0.85
98711,0.17,-0.26,0.85
98721,0.16,-0.26,0.86
98730,0.16,-0.24,0.88
98740,0.15,-0.22,0.91
98750,0.13,-0.20,0.94
98759,0.12,-0.18,0.96
98769,0.11,-0.18,0.98
98778,0.10,-0.18,0.99
98788,0.09,-0.18,1.00
98798,0.09,-0.19,0.99
98807,0.09,-0.18,0.99
98817,0.11,-0.17,1.00
98826,0.12,-0.16,1.00
98836,0.13,-0.15,1.00
98846,0.14,-0.16,1.01
98855,0.15,-0.17,1.03
98865,0.15,-0.18,1.04
98875,0.14,-0.20,1.03
98884,0.12,-0.21,1.03
98894,0.12,-0.22,1.03
98903,0.12,-0.23,1.03
98913,0.13,-0.24,1.02
98923,0.14,-0.25,1.01
98932,0.15,-0.27,1.00
98942,0.15,-0.27,0.98
98951,0.16,-0.27,0.98
98961,0.16,-0.25,0.97
98971,0.16,-0.23,0.98
98980,0.16,-0.21,0.99
98990,0.16,-0.20,1.00
99000,0.15,-0.19,1.01
99009,0.14,-0.16,1.02
99019,0.16,-0.12,1.04
99028,0.17,-0.08,1.05
99038,0.18,-0.04,1.07
99048,0.17,-0.04,1.10
99057,0.14,-0.08,1.12
99067,0.12,-0.13,1.14
99076,0.10,-0.19,1.14
99086,0.10,-0.24,1.15
99096,0.10,-0.28,1.15
99105,0.10,-0.31,1.14
99115,0.09,-0.33,1.13
99125,0.09,-0.36,1.11
99134,0.08,-0.40,1.09
99144,0.06,-0.43,1.05
99153,0.06,-0.45,1.00
99163,0.06,-0.45,0.95
99173,0.07,-0.45,0.91
99182,0.08,-0.42,0.86
99192,0.08,-0.38,0.80
99201,0.11,-0.33,0.75
99211,0.16,-0.25,0.70
99221,0.22,-0.15,0.67
99230,0.22,-0.11,0.70
99240,0.20,-0.08,0.75
99250,0.17,-0.09,0.81
99259,0.13,-0.13,0.88
99269,0.11,-0.16,0.91
99278,0.11,-0.18,0.95
99288,0.10,-0.19,0.98
99298,0.09,-0.21,1.01
99307,0.07,-0.22,1.03
99317,0.06,-0.24,1.04
99326,0.07,-0.26,1.04
99336,0.07,-0.29,1.03
99346,0.08,-0.29,1.00
99355,0.08,-0.28,0.98
99365,0.08,-0.26,0.96
99375,0.10,-0.24,0.94
99384,0.11,-0.21,0.91
99394,0.12,-0.19,0.88
99403,0.12,-0.17,0.85
99413,0.14,-0.14,0.84
99423,0.15,-0.13,0.84
99432,0.15,-0.12,0.84
99442,0.14,-0.12,0.85
99451,0.13,-0.13,0.87
99461,0.13,-0.14,0.89
99471,0.12,-0.15,0.91
99480,0.11,-0.16,0.92
99490,0.10,-0.17,0.94
99500,0.10,-0.18,0.95
99509,0.10,-0.18,0.95
99519,0.10,-0.18,0.96
99528,0.10,-0.18,0.97
99538,0.09,-0.18,0.98
99548,0.08,-0.18,0.98
99557,0.08,-0.18,0.99
99567,0.08,-0.17,0.99
99576,0.09,-0.16,0.99
99586,0.10,-0.15,0.99
99596,0.11,-0.15,0.99
99605,0.13,-0.15,0.99
99615,0.14,-0.15,0.99
99625,0.16,-0.16,0.99
99634,0.17,-0.16,0.99
99644,0.19,-0.17,1.00
99653,0.19,-0.18,1.00
99663,0.19,-0.19,1.02
99673,0.18,-0.21,1.04
99682,0.18,-0.22,1.05
99692,0.16,-0.23,1.07
99701,0.12,-0.25,1.09
99711,0.09,-0.26,1.10
99721,0.07,-0.27,1.11
99730,0.08,-0.26,1.12
99740,0.11,-0.23,1.12
99750,0.15,-0.19,1.11
99759,0.16,-0.16,1.10
99769,0.16,-0.15,1.10
99778,0.15,-0.13,1.10
99788,0.14,-0.13,1.11
99798,0.11,-0.16,1.12
99807,0.08,-0.19,1.12
99817,0.07,-0.22,1.10
99826,0.07,-0.24,1.08
99836,0.09,-0.26,1.05
99846,0.12,-0.28,1.03
99855,0.14,-0.30,0.99
99865,0.13,-0.32,0.95
99875,0.12,-0.34,0.92
99884,0.11,-0.33,0.91
99894,0.09,-0.31,0.88
99903,0.08,-0.28,0.85
99913,0.10,-0.24,0.82
99923,0.14,-0.19,0.79
99932,0.17,-0.16,0.75
99942,0.18,-0.14,0.74
99951,0.19,-0.12,0.72
99961,0.19,-0.10,0.74
99971,0.19,-0.10,0.78
99980,0.19,-0.11,0.83
99990,0.19,-0.13,0.86
100000,0.18,-0.16,0.88
100009,0.17,-0.20,0.91
100019,0.15,-0.24,0.93
100028,0.13,-0.27,0.97
100038,0.10,-0.28,1.00
100048,0.08,-0.29,1.03
100057,0.06,-0.31,1.06
100067,0.05,-0.33,1.06
100076,0.03,-0.34,1.06
100086,0.03,-0.33,1.05
100096,0.03,-0.31,1.02
100105,0.04,-0.28,0.99
100115,0.06,-0.24,0.96
100125,0.08,-0.20,0.93
100134,0.11,-0.16,0.91
100144,0.13,-0.14,0.89
100153,0.14,-0.13,0.87
100163,0.16,-0.14,0.85
100173,0.16,-0.16,0.85
100182,0.17,-0.17,0.84
100192,0.17,-0.19,0.85
100201,0.17,-0.21,0.86
100211,0.16,-0.22,0.87
100221,0.16,-0.23,0.89
100230,0.16,-0.23,0.90
100240,0.16,-0.23,0.92
100250,0.16,-0.22,0.94
100259,0.15,-0.21,0.97
100269,0.14,-0.21,0.99
100278,0.12,-0.21,1.00
100288,0.11,-0.21,1.00
100298,0.12,-0.21,1.00
100307,0.12,-0.19,1.00
100317,0.14,-0.18,1.01
100326,0.14,-0.18,1.01
100336,0.15,-0.18,1.01
100346,0.16,-0.18,1.00
100355,0.17,-0.19,1.01
100365,0.16,-0.20,1.02
100375,0.17,-0.22,1.02
100384,0.17,-0.24,1.01
100394,0.17,-0.26,1.01
100403,0.17,-0.27,1.01
100413,0.17,-0.28,1.01
100423,0.16,-0.28,1.02
100432,0.16,-0.28,1.02
100442,0.15,-0.28,1.03
100451,0.13,-0.27,1.04
100461,0.12,-0.25,1.04
100471,0.11,-0.22,1.04
100480,0.12,-0.17,1.04
100490,0.13,-0.13,1.05
100500,0.14,-0.10,1.06
100509,0.13,-0.09,1.06
100519,0.11,-0.10,1.07
100528,0.10,-0.13,1.09
100538,0.09,-0.16,1.11
100548,0.08,-0.20,1.12
100557,0.08,-0.25,1.11
100567,0.10,-0.30,1.09
100576,0.13,-0.35,1.06
100586,0.16,-0.39,1.02
100596,0.18,-0.42,1.00
100605,0.18,-0.44,0.97
100615,0.18,-0.46,0.94
100625,0.15,-0.47,0.92
100634,0.12,-0.47,0.92
100644,0.09,-0.45,0.92
100653,0.08,-0.40,0.92
100663,0.06,-0.34,0.92
100673,0.04,-0.28,0.92
100682,0.03,-0.24,0.92
100692,0.03,-0.20,0.92
100701,0.03,-0.18,0.91
100711,0.05,-0.17,0.89
100721,0.06,-0.17,0.87
100730,0.05,-0.19,0.86
100740,0.06,-0.20,0.86
100750,0.06,-0.21,0.88
100759,0.06,-0.22,0.91
100769,0.06,-0.23,0.93
100778,0.06,-0.24,0.95
100788,0.05,-0.27,0.97
100798,0.06,-0.30,0.98
100807,0.07,-0.33,0.98
100817,0.07,-0.35,0.98
100826,0.06,-0.37,0.97
100836,0.06,-0.38,0.96
100846,0.05,-0.37,0.94
100855,0.05,-0.35,0.91
100865,0.07,-0.31,0.87
100875,0.08,-0.28,0.86
100884,0.09,-0.23,0.83
100894,0.10,-0.19,0.82
100903,0.10,-0.14,0.82
100913,0.10,-0.10,0.82
100923,0.11,-0.08,0.83
100932,0.10,-0.08,0.85
100942,0.10,-0.09,0.86
100951,0.09,-0.11,0.87
100961,0.09,-0.13,0.89
100971,0.10,-0.15,0.90
100980,0.10,-0.17,0.92
100990,0.10,-0.18,0.93
101000,0.10,-0.18,0.96
101009,0.09,-0.19,0.98
101019,0.09,-0.21,1.01
101028,0.09,-0.23,1.02
101038,0.08,-0.26,1.02
101048,0.07,-0.27,1.02
101057,0.05,-0.27,1.01
101067,0.04,-0.25,1.01
101076,0.06,-0.23,1.00
101086,0.07,-0.20,0.98
101096,0.09,-0.19,0.96
101105,0.10,-0.19,0.95
101115,0.11,-0.21,0.94
101125,0.11,-0.22,0.94
101134,0.11,-0.23,0.94
101144,0.10,-0.23,0.95
101153,0.10,-0.23,0.98
101163,0.10,-0.22,1.00
101173,0.09,-0.22,1.01
101182,0.07,-0.22,1.03
101192,0.03,-0.21,1.07
101201,0.03,-0.18,1.09
101211,0.02,-0.16,1.12
101221,0.03,-0.15,1.13
101230,0.04,-0.16,1.14
101240,0.04,-0.17,1.13
101250,0.05,-0.19,1.13
101259,0.05,-0.22,1.13
101269,0.05,-0.25,1.13
101278,0.06,-0.27,1.12
101288,0.06,-0.30,1.11
101298,0.08,-0.34,1.08
101307,0.10,-0.37,1.02
101317,0.13,-0.37,0.98
101326,0.15,-0.36,0.94
101336,0.15,-0.37,0.91
101346,0.16,-0.40,0.90
101355,0.15,-0.43,0.89
101365,0.13,-0.46,0.88
101375,0.13,-0.49,0.87
101384,0.13,-0.47,0.82
101394,0.13,-0.42,0.80
101403,0.14,-0.36,0.80
101413,0.16,-0.29,0.80
101423,0.19,-0.22,0.80
101432,0.20,-0.18,0.80
101442,0.21,-0.16,0.83
101451,0.21,-0.17,0.85
101461,0.20,-0.20,0.87
101471,0.16,-0.26,0.90
101480,0.14,-0.30,0.91
101490,0.12,-0.35,0.94
101500,0.10,-0.38,0.97
101509,0.09,-0.39,0.99
101519,0.09,-0.39,1.01
101528,0.08,-0.38,1.02
101538,0.08,-0.36,1.00
101548,0.09,-0.33,0.99
101557,0.10,-0.29,0.96
101567,0.11,-0.26,0.94
101576,0.12,-0.23,0.91
101586,0.14,-0.20,0.89
101596,0.15,-0.18,0.87
101605,0.15,-0.17,0.87
101615,0.16,-0.16,0.87
101625,0.18,-0.17,0.87
101634,0.18,-0.20,0.87
101644,0.19,-0.23,0.88
101653,0.19,-0.26,0.88
101663,0.19,-0.28,0.88
101673,0.18,-0.30,0.89
101682,0.17,-0.30,0.90
101692,0.16,-0.29,0.92
101701,0.16,-0.28,0.93
101711,0.15,-0.26,0.95
101721,0.14,-0.26,0.96
101730,0.13,-0.25,0.96
101740,0.13,-0.25,0.97
101750,0.13,-0.24,0.96
101759,0.13,-0.23,0.96
101769,0.13,-0.23,0.96
101778,0.13,-0.23,0.95
101788,0.13,-0.22,0.95
101798,0.14,-0.21,0.94
101807,0.14,-0.20,0.94
101817,0.14,-0.19,0.95
101826,0.15,-0.18,0.95
101836,0.15,-0.17,0.95
101846,0.16,-0.18,0.95
101855,0.17,-0.19,0.96
101865,0.17,-0.21,0.96
101875,0.17,-0.23,0.97
101884,0.17,-0.25,0.97
101894,0.16,-0.27,0.97
101903,0.16,-0.27,0.98
101913,0.16,-0.27,0.98
101923,0.15,-0.27,0.99
101932,0.15,-0.25,1.00
101942,0.15,-0.22,1.01
101951,0.14,-0.19,1.03
101961,0.14,-0.16,1.05
101971,0.15,-0.13,1.07
101980,0.14,-0.11,1.10
101990,0.13,-0.12,1.12
102000,0.11,-0.16,1.14
102009,0.09,-0.21,1.15
102019,0.07,-0.27,1.16
102028,0.06,-0.33,1.16
102038,0.04,-0.38,1.15
102048,0.03,-0.42,1.13
102057,0.03,-0.44,1.10
102067,0.05,-0.43,1.08
102076,0.07,-0.42,1.05
102086,0.08,-0.43,1.03
102096,0.08,-0.44,0.99
102105,0.08,-0.45,0.95
102115,0.07,-0.46,0.92
102125,0.06,-0.45,0.89
102134,0.07,-0.44,0.86
102144,0.07,-0.40,0.84
102153,0.07,-0.37,0.82
102163,0.09,-0.32,0.80
102173,0.11,-0.27,0.79
102182,0.12,-0.24,0.78
102192,0.13,-0.23,0.80
102201,0.12,-0.24,0.83
102211,0.07,-0.24,0.87
102221,0.02,-0.24,0.91
102230,-0.00,-0.23,0.95
102240,-0.00,-0.22,0.97
102250,0.01,-0.23,0.99
102259,0.02,-0.25,1.01
102269,0.03,-0.26,1.01
102278,0.02,-0.28,1.00
102288,0.03,-0.30,0.99
102298,0.05,-0.32,0.99
102307,0.07,-0.35,0.98
102317,0.07,-0.37,0.97
102326,0.06,-0.36,0.96
102336,0.07,-0.32,0.94
102346,0.08,-0.28,0.92
102355,0.12,-0.24,0.86
102365,0.13,-0.22,0.84
102375,0.15,-0.20,0.81
102384,0.16,-0.18,0.79
102394,0.16,-0.17,0.79
102403,0.15,-0.17,0.80
102413,0.14,-0.16,0.83
102423,0.13,-0.16,0.85
102432,0.13,-0.16,0.87
102442,0.13,-0.18,0.89
102451,0.13,-0.20,0.91
102461,0.12,-0.22,0.92
102471,0.12,-0.23,0.94
102480,0.11,-0.25,0.96
102490,0.10,-0.26,0.97
102500,0.08,-0.26,0.99
102509,0.08,-0.26,1.01
102519,0.08,-0.26,1.02
102528,0.07,-0.27,1.02
102538,0.06,-0.28,1.02
102548,0.05,-0.27,1.00
102557,0.06,-0.25,0.98
102567,0.08,-0.23,0.96
102576,0.09,-0.20,0.95
102586,0.11,-0.17,0.95
102596,0.12,-0.16,0.94
102605,0.12,-0.16,0.93
102615,0.12,-0.16,0.94
102625,0.11,-0.17,0.95
102634,0.11,-0.18,0.96
102644,0.11,-0.19,0.97
102653,0.11,-0.20,0.97
102663,0.11,-0.21,0.99
102673,0.12,-0.23,0.99
102682,0.13,-0.24,1.01
102692,0.12,-0.25,1.02
102701,0.12,-0.25,1.05
102711,0.11,-0.25,1.07
102721,0.10,-0.25,1.08
102730,0.09,-0.26,1.08
102740,0.09,-0.26,1.08
102750,0.10,-0.23,1.08
102759,0.11,-0.20,1.08
102769,0.11,-0.18,1.09
102778,0.11,-0.18,1.11
102788,0.10,-0.19,1.12
102798,0.11,-0.21,1.12
102807,0.12,-0.24,1.13
102817,0.12,-0.28,1.15
102826,0.12,-0.34,1.14
102836,0.13,-0.40,1.12
102846,0.13,-0.47,1.09
102855,0.12,-0.51,1.04
102865,0.11,-0.54,1.00
102875,0.16,-0.49,0.89
102884,0.14,-0.47,0.88
102894,0.14,-0.41,0.84
102903,0.15,-0.34,0.81
102913,0.17,-0.29,0.77
102923,0.19,-0.25,0.74
102932,0.21,-0.22,0.72
102942,0.23,-0.18,0.71
102951,0.27,-0.15,0.73
102961,0.27,-0.16,0.78
102971,0.26,-0.18,0.81
102980,0.24,-0.21,0.86
102990,0.21,-0.24,0.91
103000,0.18,-0.28,0.94
103009,0.17,-0.31,0.96
103019,0.16,-0.34,0.97
103028,0.15,-0.36,0.97
103038,0.14,-0.39,0.98
103048,0.13,-0.41,0.98
103057,0.12,-0.42,0.98
103067,0.12,-0.41,0.97
103076,0.11,-0.39,0.96
103086,0.12,-0.35,0.95
103096,0.13,-0.32,0.93
103105,0.14,-0.30,0.91
103115,0.14,-0.27,0.89
103125,0.15,-0.25,0.88
103134,0.15,-0.23,0.86
103144,0.16,-0.20,0.84
103153,0.17,-0.18,0.83
103163,0.18,-0.16,0.83
103173,0.18,-0.13,0.83
103182,0.19,-0.11,0.84
103192,0.20,-0.11,0.86
103201,0.21,-0.13,0.87
103211,0.21,-0.17,0.88
103221,0.20,-0.21,0.89
103230,0.19,-0.25,0.90
103240,0.18,-0.27,0.92
103250,0.18,-0.29,0.94
103259,0.18,-0.30,0.95
103269,0.17,-0.30,0.96
103278,0.17,-0.30,0.96
103288,0.17,-0.29,0.97
103298,0.18,-0.27,0.98
103307,0.18,-0.25,0.99
103317,0.18,-0.24,1.00
103326,0.16,-0.22,1.00
103336,0.16,-0.21,1.00
103346,0.16,-0.20,1.00
103355,0.16,-0.20,0.99
103365,0.17,-0.20,0.99
103375,0.18,-0.22,0.99
103384,0.18,-0.24,0.99
103394,0.18,-0.26,0.99
103403,0.17,-0.28,0.99
103413,0.18,-0.29,1.00
103423,0.19,-0.30,1.01
103432,0.19,-0.30,1.01
103442,0.18,-0.31,1.01
103451,0.19,-0.30,1.01
103461,0.21,-0.29,1.01
103471,0.21,-0.28,1.02
103480,0.20,-0.27,1.02
103490,0.19,-0.25,1.05
103500,0.16,-0.23,1.08
103509,0.12,-0.22,1.12
103519,0.08,-0.21,1.15
103528,0.05,-0.21,1.17
103538,0.02,-0.21,1.19
103548,0.01,-0.21,1.20
103557,0.02,-0.22,1.18
103567,0.04,-0.26,1.13
103576,0.06,-0.31,1.08
103586,0.08,-0.36,1.02
103596,0.11,-0.38,0.97
103605,0.13,-0.40,0.92
103615,0.17,-0.39,0.88
103625,0.18,-0.39,0.85
103634,0.15,-0.40,0.85
103644,0.15,-0.39,0.82
103653,0.13,-0.39,0.80
103663,0.12,-0.38,0.78
103673,0.13,-0.35,0.77
103682,0.15,-0.32,0.76
103692,0.16,-0.30,0.76
103701,0.18,-0.29,0.77
103711,0.18,-0.28,0.79
103721,0.16,-0.26,0.82
103730,0.15,-0.25,0.86
103740,0.14,-0.24,0.91
103750,0.10,-0.23,0.96
103759,0.06,-0.24,1.01
103769,0.02,-0.24,1.05
103778,-0.00,-0.25,1.08
103788,-0.01,-0.26,1.09
103798,-0.01,-0.28,1.09
103807,-0.01,-0.29,1.09
103817,0.00,-0.31,1.07
103826,0.02,-0.32,1.03
103836,0.04,-0.33,0.99
103846,0.07,-0.33,0.94
103855,0.10,-0.32,0.90
103865,0.14,-0.31,0.86
103875,0.16,-0.30,0.83
103884,0.18,-0.29,0.81
103894,0.20,-0.28,0.80
103903,0.20,-0.27,0.79
103913,0.21,-0.25,0.79
103923,0.21,-0.23,0.80
103932,0.20,-0.20,0.83
103942,0.19,-0.18,0.86
103951,0.17,-0.15,0.90
103961,0.14,-0.14,0.94
103971,0.12,-0.13,0.97
103980,0.11,-0.13,1.01
103990,0.07,-0.15,1.03
104000,0.04,-0.17,1.04
104009,0.03,-0.17,1.04
104019,0.03,-0.18,1.04
104028,0.03,-0.20,1.03
104038,0.05,-0.21,1.02
104048,0.06,-0.22,1.01
104057,0.06,-0.22,0.99
104067,0.07,-0.22,0.98
104076,0.09,-0.22,0.96
104086,0.10,-0.21,0.95
104096,0.11,-0.20,0.94
104105,0.12,-0.18,0.94
104115,0.14,-0.16,0.94
104125,0.15,-0.16,0.94
104134,0.16,-0.18,0.94
104144,0.16,-0.19,0.95
104153,0.16,-0.20,0.96
104163,0.16,-0.21,0.96
104173,0.16,-0.21,0.98
104182,0.15,-0.22,0.99
104192,0.14,-0.23,1.00
104201,0.13,-0.25,1.00
104211,0.12,-0.25,1.00
104221,0.10,-0.24,1.01
104230,0.08,-0.21,1.02
104240,0.07,-0.17,1.05
104250,0.06,-0.13,1.07
104259,0.07,-0.09,1.08
104269,0.07,-0.09,1.07
104278,0.07,-0.12,1.06
104288,0.08,-0.16,1.04
104298,0.09,-0.21,1.02
104307,0.09,-0.24,1.00
104317,0.10,-0.25,0.98
104326,0.11,-0.24,0.97
104336,0.12,-0.22,0.96
104346,0.14,-0.22,0.95
104355,0.19,-0.24,0.96
104365,0.19,-0.27,0.96
104375,0.20,-0.30,0.95
104384,0.19,-0.34,0.95
104394,0.20,-0.38,0.95
104403,0.18,-0.41,0.96
104413,0.14,-0.43,0.98
104423,0.08,-0.44,0.99
104432,0.05,-0.43,0.96
104442,0.05,-0.41,0.93
104451,0.08,-0.36,0.90
104461,0.13,-0.29,0.86
104471,0.17,-0.22,0.82
104480,0.21,-0.18,0.82
104490,0.23,-0.16,0.84
104500,0.21,-0.17,0.88
104509,0.20,-0.20,0.92
104519,0.16,-0.24,0.95
104528,0.13,-0.29,0.97
104538,0.12,-0.32,0.99
104548,0.09,-0.34,0.99
104557,0.11,-0.34,0.99
104567,0.10,-0.36,1.00
104576,0.10,-0.38,0.97
104586,0.11,-0.39,0.97
104596,0.09,-0.38,0.96
104605,0.07,-0.37,0.97
104615,0.05,-0.34,0.98
104625,0.02,-0.31,0.99
104634,0.01,-0.27,0.99
104644,0.01,-0.22,0.98
104653,0.03,-0.17,0.95
104663,0.06,-0.14,0.92
104673,0.09,-0.14,0.90
104682,0.14,-0.14,0.84
104692,0.13,-0.19,0.86
104701,0.15,-0.21,0.87
104711,0.16,-0.22,0.86
104721,0.17,-0.24,0.86
104730,0.17,-0.26,0.85
104740,0.18,-0.26,0.85
104750,0.18,-0.26,0.87
104759,0.17,-0.27,0.89
104769,0.18,-0.26,0.90
104778,0.18,-0.26,0.93
104788,0.17,-0.26,0.93
104798,0.15,-0.26,0.94
104807,0.13,-0.25,0.96
104817,0.12,-0.24,0.97
104826,0.10,-0.22,0.98
104836,0.10,-0.20,0.99
104846,0.09,-0.17,0.99
104855,0.09,-0.16,0.98
104865,0.09,-0.15,0.98
104875,0.10,-0.15,0.97
104884,0.12,-0.16,0.96
104894,0.13,-0.18,0.95
104903,0.15,-0.20,0.95
104913,0.16,-0.22,0.94
104923,0.17,-0.23,0.93
104932,0.17,-0.24,0.94
104942,0.17,-0.26,0.94
104951,0.15,-0.27,0.95
104961,0.14,-0.29,0.97
104971,0.13,-0.30,0.98
104980,0.12,-0.32,0.99
104990,0.11,-0.33,0.99
105000,0.11,-0.32,1.00
105009,0.11,-0.31,1.00
105019,0.10,-0.27,1.01
105028,0.11,-0.24,1.02
105038,0.12,-0.20,1.03
105048,0.13,-0.17,1.04
105057,0.13,-0.15,1.07
105067,0.10,-0.15,1.08
105076,0.07,-0.18,1.10
105086,0.06,-0.22,1.11
105096,0.05,-0.26,1.11
105105,0.03,-0.29,1.10
105115,0.02,-0.32,1.09
105125,0.04,-0.32,1.07
105134,0.05,-0.33,1.08
105144,0.07,-0.33,1.07
105153,0.09,-0.34,1.05
105163,0.11,-0.35,1.01
105173,0.08,-0.38,0.99
105182,0.08,-0.38,0.96
105192,0.09,-0.38,0.93
105201,0.10,-0.38,0.91
105211,0.11,-0.37,0.89
105221,0.11,-0.35,0.88
105230,0.09,-0.34,0.88
105240,0.07,-0.33,0.88
105250,0.06,-0.31,0.88
105259,0.04,-0.30,0.87
105269,0.03,-0.29,0.86
105278,0.02,-0.28,0.87
105288,0.01,-0.26,0.87
105298,0.01,-0.25,0.87
105307,0.01,-0.24,0.87
105317,0.02,-0.22,0.89
105326,0.03,-0.21,0.91
105336,0.04,-0.21,0.92
105346,0.03,-0.22,0.94
105355,0.01,-0.25,0.94
105365,0.00,-0.27,0.96
105375,0.00,-0.29,0.97
105384,0.00,-0.29,0.98
105394,0.01,-0.29,0.99
105403,0.02,-0.28,0.99
105413,0.02,-0.28,0.98
105423,0.03,-0.27,0.97
105432,0.05,-0.26,0.95
105442,0.07,-0.25,0.93
105451,0.07,-0.24,0.92
105461,0.07,-0.23,0.90
105471,0.08,-0.21,0.90
105480,0.09,-0.19,0.89
105490,0.10,-0.17,0.89
105500,0.10,-0.16,0.89
105509,0.10,-0.17,0.90
105519,0.08,-0.18,0.90
105528,0.06,-0.19,0.91
105538,0.06,-0.19,0.92
105548,0.06,-0.20,0.93
105557,0.05,-0.21,0.94
105567,0.03,-0.21,0.93
105576,0.02,-0.21,0.95
105586,0.02,-0.20,0.98
105596,0.02,-0.20,0.99
105605,0.02,-0.21,0.99
105615,0.02,-0.23,0.98
105625,0.03,-0.23,0.96
105634,0.04,-0.23,0.95
105644,0.06,-0.23,0.95
105653,0.08,-0.23,0.94
105663,0.09,-0.23,0.92
105673,0.09,-0.24,0.90
105682,0.11,-0.24,0.90
105692,0.12,-0.24,0.90
105701,0.11,-0.23,0.92
105711,0.10,-0.23,0.95
105721,0.09,-0.22,0.97
105730,0.08,-0.22,0.98
105740,0.07,-0.21,0.99
105750,0.08,-0.20,1.01
105759,0.08,-0.19,1.03
105769,0.08,-0.19,1.03
105778,0.06,-0.20,1.04
105788,0.05,-0.21,1.04
105798,0.04,-0.22,1.05
105807,0.04,-0.22,1.05
105817,0.05,-0.22,1.04
105826,0.06,-0.22,1.02
105836,0.07,-0.22,1.00
105846,0.09,-0.23,0.98
105855,0.09,-0.24,0.98
105865,0.09,-0.26,0.98
105875,0.08,-0.28,0.98
105884,0.07,-0.29,0.98
105894,0.08,-0.29,0.98
105903,0.09,-0.28,0.98
105913,0.11,-0.25,0.98
105923,0.14,-0.24,0.98
105932,0.15,-0.24,0.97
105942,0.15,-0.26,0.97
105951,0.13,-0.30,0.96
105961,0.11,-0.34,0.96
105971,0.08,-0.37,0.96
105980,0.06,-0.39,0.97
105990,0.04,-0.39,0.97
106000,0.04,-0.37,0.97
106009,0.04,-0.34,0.96
106019,0.04,-0.32,0.96
106028,0.04,-0.31,0.97
106038,0.03,-0.30,0.97
106048,0.01,-0.30,0.97
106057,-0.00,-0.30,0.97
106067,-0.01,-0.29,0.96
106076,-0.01,-0.28,0.95
106086,-0.00,-0.28,0.95
106096,0.00,-0.26,0.94
106105,0.01,-0.24,0.94
106115,0.02,-0.23,0.94
106125,0.04,-0.22,0.94
106134,0.04,-0.23,0.94
106144,0.05,-0.24,0.93
106153,0.06,-0.26,0.94
106163,0.07,-0.28,0.95
106173,0.08,-0.29,0.95
106182,0.08,-0.31,0.95
106192,0.09,-0.33,0.94
106201,0.10,-0.35,0.93
106211,0.11,-0.36,0.92
106221,0.12,-0.37,0.91
106230,0.13,-0.38,0.90
106240,0.14,-0.37,0.89
106250,0.15,-0.37,0.88
106259,0.16,-0.35,0.88
106269,0.17,-0.33,0.88
106278,0.17,-0.31,0.90
106288,0.17,-0.29,0.92
106298,0.16,-0.28,0.95
106307,0.15,-0.27,0.96
106317,0.14,-0.28,0.98
106326,0.13,-0.29,0.99
106336,0.13,-0.31,1.00
106346,0.12,-0.32,0.99
106355,0.11,-0.32,1.00
106365,0.10,-0.31,1.00
106375,0.10,-0.29,1.01
106384,0.10,-0.28,1.01
106394,0.11,-0.27,1.00
106403,0.11,-0.27,0.99
106413,0.10,-0.27,0.98
106423,0.11,-0.27,0.96
106432,0.11,-0.26,0.95
106442,0.11,-0.26,0.93
106451,0.11,-0.25,0.91
106461,0.12,-0.24,0.89
106471,0.14,-0.23,0.87
106480,0.16,-0.22,0.86
106490,0.18,-0.21,0.86
106500,0.19,-0.23,0.86
106509,0.19,-0.24,0.87
106519,0.19,-0.26,0.89
106528,0.18,-0.28,0.90
106538,0.17,-0.29,0.92
106548,0.16,-0.29,0.93
106557,0.16,-0.29,0.94
106567,0.17,-0.29,0.94
106576,0.17,-0.28,0.95
106586,0.17,-0.27,0.96
106596,0.16,-0.26,0.96
106605,0.17,-0.25,0.96
106615,0.17,-0.25,0.96
106625,0.17,-0.25,0.96
106634,0.17,-0.25,0.95
106644,0.17,-0.24,0.95
106653,0.18,-0.23,0.96
106663,0.18,-0.24,0.96
106673,0.18,-0.25,0.96
106682,0.17,-0.26,0.96
106692,0.17,-0.26,0.96
106701,0.18,-0.26,0.96
106711,0.18,-0.25,0.97
106721,0.18,-0.25,0.97
106730,0.19,-0.26,0.97
106740,0.19,-0.27,0.96
106750,0.19,-0.28,0.96
106759,0.19,-0.29,0.96
106769,0.19,-0.30,0.95
106778,0.19,-0.30,0.95
106788,0.19,-0.29,0.94
106798,0.19,-0.29,0.94
106807,0.20,-0.28,0.93
106817,0.20,-0.28,0.92
106826,0.20,-0.27,0.92
106836,0.20,-0.25,0.92
106846,0.20,-0.25,0.93
106855,0.19,-0.25,0.94
106865,0.18,-0.25,0.94
106875,0.17,-0.24,0.94
106884,0.17,-0.24,0.95
106894,0.17,-0.24,0.95
106903,0.17,-0.25,0.95
106913,0.16,-0.27,0.96
106923,0.15,-0.27,0.96
106932,0.15,-0.27,0.97
106942,0.15,-0.26,0.97
106951,0.15,-0.25,0.98
106961,0.15,-0.24,0.97
106971,0.15,-0.24,0.96
106980,0.17,-0.24,0.96
106990,0.18,-0.24,0.96
107000,0.20,-0.25,0.97
107009,0.21,-0.27,0.96
107019,0.22,-0.30,0.95
107028,0.22,-0.32,0.94
107038,0.22,-0.34,0.94
107048,0.20,-0.34,0.95
107057,0.19,-0.33,0.96
107067,0.18,-0.31,0.97
107076,0.17,-0.30,0.97
107086,0.17,-0.28,0.97
107096,0.16,-0.26,0.97
107105,0.16,-0.25,0.99
107115,0.14,-0.25,1.00
107125,0.13,-0.26,1.01
107134,0.11,-0.27,1.02
107144,0.10,-0.29,1.02
107153,0.10,-0.30,1.02
107163,0.09,-0.31,1.01
107173,0.09,-0.31,1.00
107182,0.09,-0.32,0.99
107192,0.09,-0.32,0.99
107201,0.09,-0.33,0.99
107211,0.08,-0.35,0.98
107221,0.08,-0.37,0.96
107230,0.09,-0.37,0.95
107240,0.09,-0.37,0.93
107250,0.10,-0.36,0.92
107259,0.10,-0.35,0.91
107269,0.10,-0.34,0.90
107278,0.10,-0.33,0.90
107288,0.09,-0.33,0.90
107298,0.08,-0.32,0.90
107307,0.07,-0.31,0.91
107317,0.06,-0.31,0.92
107326,0.05,-0.30,0.92
107336,0.04,-0.30,0.93
107346,0.04,-0.30,0.93
107355,0.03,-0.30,0.93
107365,0.03,-0.30,0.93
107375,0.03,-0.30,0.93
107384,0.03,-0.30,0.93
107394,0.04,-0.31,0.93
107403,0.04,-0.31,0.93
107413,0.04,-0.32,0.93
107423,0.04,-0.33,0.92
107432,0.05,-0.34,0.92
107442,0.06,-0.34,0.92
107451,0.07,-0.34,0.91
107461,0.07,-0.34,0.91
107471,0.07,-0.33,0.91
107480,0.07,-0.32,0.91
107490,0.08,-0.32,0.91
107500,0.08,-0.32,0.90
107509,0.09,-0.32,0.90
107519,0.08,-0.32,0.91
107528,0.08,-0.33,0.92
107538,0.07,-0.34,0.93
107548,0.06,-0.35,0.95
107557,0.04,-0.35,0.96
107567,0.03,-0.34,0.97
107576,0.02,-0.33,0.98
107586,0.02,-0.32,0.98
107596,0.03,-0.31,0.99
107605,0.03,-0.32,0.98
107615,0.02,-0.32,0.97
107625,0.02,-0.33,0.97
107634,0.02,-0.33,0.96
107644,0.03,-0.34,0.96
107653,0.03,-0.33,0.96
107663,0.03,-0.32,0.96
107673,0.04,-0.32,0.95
107682,0.04,-0.31,0.95
107692,0.03,-0.30,0.95
107701,0.03,-0.29,0.95
107711,0.04,-0.29,0.95
107721,0.05,-0.29,0.95
107730,0.05,-0.30,0.95
107740,0.05,-0.32,0.96
107750,0.04,-0.33,0.96
107759,0.03,-0.34,0.97
107769,0.02,-0.34,0.98
107778,0.02,-0.33,0.99
107788,0.01,-0.32,0.99
107798,0.00,-0.31,0.99
107807,-0.00,-0.31,0.98
107817,-0.00,-0.30,0.97
107826,-0.01,-0.30,0.96
107836,-0.01,-0.29,0.95
107846,-0.00,-0.28,0.95
107855,-0.00,-0.28,0.95
107865,-0.00,-0.29,0.96
107875,-0.01,-0.30,0.96
107884,-0.02,-0.31,0.96
107894,-0.02,-0.31,0.96
107903,-0.02,-0.32,0.96
107913,-0.02,-0.31,0.96
107923,-0.02,-0.30,0.96
107932,-0.02,-0.30,0.96
107942,-0.01,-0.28,0.97
107951,-0.01,-0.28,0.96
107961,-0.02,-0.29,0.96
107971,-0.02,-0.30,0.95
107980,-0.01,-0.30,0.94
107990,-0.01,-0.30,0.93
108000,-0.01,-0.29,0.93
108009,0.00,-0.28,0.92
108019,0.01,-0.28,0.92
108028,0.01,-0.27,0.92
108038,0.01,-0.26,0.92
108048,0.01,-0.25,0.93
108057,0.02,-0.24,0.95
108067,0.02,-0.23,0.97
108076,0.02,-0.24,0.98
108086,0.01,-0.26,0.99
108096,0.01,-0.29,0.99
108105,0.01,-0.32,0.99
108115,0.01,-0.34,0.98
108125,0.02,-0.35,0.98
108134,0.03,-0.34,0.97
108144,0.05,-0.33,0.96
108153,0.06,-0.31,0.95
108163,0.08,-0.30,0.93
108173,0.08,-0.29,0.93
108182,0.08,-0.28,0.94
108192,0.07,-0.28,0.95
108201,0.07,-0.29,0.95
108211,0.06,-0.30,0.94
108221,0.07,-0.30,0.93
108230,0.08,-0.30,0.93
108240,0.08,-0.30,0.93
108250,0.08,-0.31,0.93
108259,0.07,-0.31,0.93
108269,0.07,-0.31,0.94
108278,0.05,-0.30,0.95
108288,0.04,-0.30,0.96
108298,0.03,-0.30,0.97
108307,0.03,-0.30,0.96
108317,0.03,-0.30,0.96
108326,0.03,-0.30,0.95
108336,0.03,-0.30,0.95
108346,0.03,-0.29,0.94
108355,0.03,-0.28,0.94
108365,0.04,-0.27,0.94
108375,0.05,-0.27,0.93
108384,0.05,-0.27,0.92
108394,0.06,-0.28,0.91
108403,0.08,-0.28,0.92
108413,0.08,-0.30,0.92
108423,0.08,-0.31,0.93
108432,0.07,-0.31,0.94
108442,0.07,-0.32,0.95
108451,0.06,-0.32,0.95
108461,0.07,-0.31,0.95
108471,0.07,-0.31,0.95
108480,0.08,-0.32,0.95
108490,0.09,-0.32,0.95
108500,0.09,-0.34,0.95
108509,0.09,-0.35,0.94
108519,0.09,-0.36,0.93
108528,0.09,-0.35,0.93
108538,0.10,-0.34,0.93
108548,0.10,-0.33,0.93
108557,0.11,-0.31,0.93
108567,0.13,-0.30,0.93
108576,0.13,-0.30,0.93
108586,0.14,-0.29,0.93
108596,0.14,-0.29,0.94
108605,0.14,-0.29,0.95
108615,0.15,-0.31,0.96
108625,0.14,-0.34,0.96
108634,0.13,-0.38,0.96
108644,0.12,-0.40,0.96
108653,0.13,-0.42,0.96
108663,0.12,-0.42,0.97
108673,0.11,-0.42,0.98
108682,0.11,-0.42,0.99
108692,0.10,-0.42,0.98
108701,0.09,-0.41,0.97
108711,0.10,-0.40,0.95
108721,0.10,-0.38,0.92
108730,0.13,-0.34,0.89
108740,0.13,-0.31,0.88
108750,0.14,-0.27,0.87
108759,0.14,-0.25,0.88
108769,0.14,-0.24,0.89
108778,0.13,-0.23,0.90
108788,0.11,-0.23,0.92
108798,0.09,-0.25,0.94
108807,0.08,-0.26,0.95
108817,0.07,-0.28,0.96
108826,0.07,-0.29,0.96
108836,0.08,-0.29,0.95
108846,0.08,-0.30,0.95
108855,0.09,-0.30,0.95
108865,0.09,-0.31,0.94
108875,0.09,-0.31,0.94
108884,0.09,-0.31,0.94
108894,0.09,-0.30,0.95
108903,0.09,-0.29,0.95
108913,0.09,-0.28,0.95
108923,0.10,-0.28,0.95
108932,0.10,-0.28,0.94
108942,0.10,-0.29,0.94
108951,0.11,-0.29,0.93
108961,0.12,-0.30,0.92
108971,0.13,-0.30,0.91
108980,0.14,-0.30,0.91
108990,0.14,-0.29,0.91
109000,0.14,-0.29,0.93
109009,0.13,-0.28,0.96
109019,0.12,-0.26,0.98
109028,0.12,-0.25,0.99
109038,0.12,-0.25,0.99
109048,0.12,-0.24,0.98
109057,0.13,-0.25,0.96
109067,0.16,-0.25,0.95
109076,0.19,-0.25,0.94
109086,0.19,-0.26,0.94
109096,0.19,-0.27,0.93
109105,0.19,-0.27,0.94
109115,0.21,-0.28,0.93
109125,0.22,-0.30,0.93
109134,0.21,-0.31,0.93
109144,0.21,-0.32,0.94
109153,0.21,-0.32,0.95
109163,0.20,-0.33,0.95
109173,0.21,-0.33,0.96
109182,0.19,-0.34,0.96
109192,0.16,-0.34,0.97
109201,0.15,-0.32,0.98
109211,0.14,-0.30,0.99
109221,0.13,-0.26,1.01
109230,0.13,-0.22,1.03
109240,0.13,-0.18,1.04
109250,0.13,-0.16,1.06
109259,0.13,-0.16,1.07
109269,0.12,-0.18,1.07
109278,0.12,-0.20,1.06
109288,0.11,-0.24,1.06
109298,0.11,-0.27,1.05
109307,0.12,-0.30,1.04
109317,0.13,-0.32,1.03
109326,0.14,-0.34,1.04
109336,0.14,-0.35,1.06
109346,0.13,-0.38,1.08
109355,0.12,-0.40,1.07
109365,0.09,-0.45,1.09
109375,0.04,-0.48,1.08
109384,0.00,-0.51,1.07
109394,-0.02,-0.54,1.05
109403,-0.02,-0.55,1.00
109413,-0.02,-0.53,0.94
109423,-0.01,-0.49,0.87
109432,0.01,-0.44,0.81
109442,0.03,-0.39,0.76
109451,0.05,-0.35,0.71
109461,0.11,-0.29,0.69
109471,0.13,-0.25,0.68
109480,0.16,-0.22,0.67
109490,0.18,-0.21,0.71
109500,0.16,-0.21,0.74
109509,0.14,-0.20,0.78
109519,0.13,-0.22,0.82
109528,0.12,-0.26,0.86
109538,0.09,-0.31,0.89
109548,0.01,-0.36,0.91
109557,-0.02,-0.41,0.93
109567,-0.02,-0.43,0.94
109576,-0.02,-0.43,0.95
109586,-0.01,-0.42,0.95
109596,0.01,-0.40,0.95
109605,0.03,-0.38,0.94
109615,0.06,-0.34,0.93
109625,0.10,-0.30,0.92
109634,0.13,-0.27,0.91
109644,0.15,-0.24,0.90
109653,0.16,-0.23,0.90
109663,0.15,-0.24,0.90
109673,0.14,-0.25,0.90
109682,0.12,-0.27,0.91
109692,0.11,-0.27,0.91
109701,0.11,-0.27,0.91
109711,0.13,-0.26,0.92
109721,0.13,-0.26,0.92
109730,0.13,-0.26,0.93
109740,0.12,-0.28,0.94
109750,0.11,-0.29,0.95
109759,0.08,-0.30,0.95
109769,0.08,-0.29,0.96
109778,0.08,-0.29,0.97
109788,0.07,-0.29,0.98
109798,0.06,-0.30,0.98
109807,0.06,-0.29,0.97
109817,0.07,-0.29,0.97
109826,0.08,-0.28,0.96
109836,0.09,-0.27,0.95
109846,0.09,-0.27,0.94
109855,0.09,-0.27,0.93
109865,0.09,-0.27,0.92
109875,0.09,-0.27,0.92
109884,0.08,-0.26,0.91
109894,0.08,-0.25,0.91
109903,0.08,-0.23,0.91
109913,0.09,-0.21,0.92
109923,0.10,-0.18,0.94
109932,0.11,-0.16,0.95
109942,0.11,-0.16,0.96
109951,0.12,-0.16,0.98
109961,0.11,-0.18,0.99
109971,0.11,-0.21,1.00
109980,0.11,-0.23,1.00
109990,0.12,-0.26,0.99
110000,0.12,-0.29,0.99
110009,0.12,-0.31,0.99
110019,0.13,-0.31,0.99
110028,0.14,-0.32,0.99
110038,0.15,-0.32,1.00
110048,0.15,-0.31,1.00
110057,0.14,-0.30,1.02
110067,0.13,-0.29,1.03
110076,0.13,-0.27,1.04
110086,0.13,-0.25,1.05
110096,0.13,-0.21,1.07
110105,0.14,-0.18,1.07
110115,0.13,-0.17,1.08
110125,0.11,-0.18,1.09
110134,0.10,-0.19,1.10
110144,0.09,-0.20,1.11
110153,0.09,-0.24,1.12
110163,0.09,-0.28,1.11
110173,0.08,-0.34,1.09
110182,0.08,-0.40,1.06
110192,0.08,-0.44,1.04
110201,0.07,-0.47,1.02
110211,0.06,-0.49,1.00
110221,0.05,-0.49,0.98
110230,0.04,-0.48,0.96
110240,0.04,-0.46,0.93
110250,0.03,-0.42,0.91
110259,0.04,-0.38,0.86
110269,0.06,-0.34,0.82
110278,0.08,-0.30,0.79
110288,0.10,-0.26,0.75
110298,0.12,-0.23,0.74
110307,0.14,-0.21,0.72
110317,0.16,-0.19,0.73
110326,0.17,-0.19,0.74
110336,0.18,-0.19,0.76
110346,0.19,-0.20,0.78
110355,0.19,-0.22,0.81
110365,0.19,-0.25,0.83
110375,0.19,-0.29,0.86
110384,0.16,-0.33,0.89
110394,0.15,-0.36,0.91
110403,0.14,-0.39,0.93
110413,0.12,-0.43,0.94
110423,0.12,-0.44,0.98
110432,0.10,-0.44,1.01
110442,0.06,-0.43,1.05
110451,0.01,-0.41,1.08
110461,-0.03,-0.39,1.10
110471,-0.06,-0.37,1.10
110480,-0.07,-0.33,1.08
110490,-0.05,-0.28,1.05
110500,-0.02,-0.24,1.01
110509,0.01,-0.21,0.97
110519,0.04,-0.21,0.93
110528,0.07,-0.22,0.89
110538,0.09,-0.24,0.86
110548,0.10,-0.27,0.83
110557,0.11,-0.29,0.81
110567,0.12,-0.30,0.80
110576,0.13,-0.30,0.81
110586,0.14,-0.30,0.83
110596,0.13,-0.31,0.85
110605,0.12,-0.33,0.88
110615,0.12,-0.33,0.90
110625,0.11,-0.33,0.92
110634,0.10,-0.33,0.94
110644,0.10,-0.33,0.96
110653,0.09,-0.33,0.98
110663,0.07,-0.33,0.99
110673,0.06,-0.31,1.00
110682,0.04,-0.30,1.01
110692,0.03,-0.29,1.03
110701,0.03,-0.28,1.04
110711,0.02,-0.28,1.04
110721,0.01,-0.28,1.03
110730,0.01,-0.29,1.01
110740,0.01,-0.30,0.99
110750,0.02,-0.30,0.98
110759,0.02,-0.31,0.96
110769,0.03,-0.32,0.94
110778,0.04,-0.32,0.93
110788,0.06,-0.33,0.92
110798,0.06,-0.33,0.91
110807,0.07,-0.34,0.91
110817,0.08,-0.33,0.90
110826,0.09,-0.32,0.91
110836,0.10,-0.30,0.91
110846,0.11,-0.30,0.92
110855,0.11,-0.31,0.92
110865,0.10,-0.34,0.92
110875,0.10,-0.35,0.93
110884,0.10,-0.36,0.93
110894,0.10,-0.37,0.95
110903,0.10,-0.37,0.97
110913,0.09,-0.37,0.99
110923,0.09,-0.37,1.01
110932,0.07,-0.37,1.03
110942,0.06,-0.37,1.05
110951,0.05,-0.38,1.07
110961,0.01,-0.39,1.09
110971,0.02,-0.39,1.07
110980,0.01,-0.41,1.08
110990,0.01,-0.42,1.06
111000,0.01,-0.45,1.04
111009,0.01,-0.47,1.01
111019,0.02,-0.50,0.97
111028,0.03,-0.51,0.95
111038,0.04,-0.53,0.91
111048,0.05,-0.53,0.88
111057,0.06,-0.51,0.86
111067,0.08,-0.50,0.84
111076,0.06,-0.47,0.84
111086,0.06,-0.44,0.82
111096,0.04,-0.42,0.80
111105,0.03,-0.39,0.78
111115,0.03,-0.34,0.75
111125,0.03,-0.29,0.73
111134,0.05,-0.24,0.73
111144,0.07,-0.18,0.71
111153,0.05,-0.16,0.73
111163,0.06,-0.16,0.75
111173,0.05,-0.19,0.78
111182,0.05,-0.22,0.81
111192,0.05,-0.25,0.84
111201,0.04,-0.27,0.88
111211,0.04,-0.28,0.92
111221,0.03,-0.30,0.95
111230,0.02,-0.32,0.99
111240,-0.00,-0.34,1.03
111250,-0.01,-0.35,1.05
111259,-0.04,-0.37,1.06
111269,-0.06,-0.40,1.08
111278,-0.07,-0.43,1.08
111288,-0.07,-0.43,1.07
111298,-0.06,-0.43,1.05
111307,-0.05,-0.42,1.02
111317,-0.02,-0.40,0.98
111326,0.01,-0.39,0.95
111336,0.03,-0.37,0.92
111346,0.05,-0.36,0.91
111355,0.07,-0.35,0.90
111365,0.06,-0.33,0.89
111375,0.04,-0.32,0.89
111384,0.03,-0.30,0.90
111394,0.02,-0.28,0.92
111403,0.01,-0.27,0.93
111413,0.01,-0.27,0.93
111423,0.01,-0.29,0.93
111432,0.02,-0.30,0.93
111442,0.02,-0.32,0.93
111451,0.01,-0.33,0.93
111461,0.01,-0.34,0.93
111471,0.01,-0.34,0.93
111480,0.02,-0.35,0.94
111490,0.03,-0.35,0.94
111500,0.03,-0.35,0.96
111509,0.03,-0.36,0.97
111519,0.02,-0.37,0.98
111528,0.01,-0.38,0.98
111538,0.01,-0.38,0.99
111548,0.01,-0.37,0.99
111557,0.01,-0.36,0.99
111567,0.02,-0.36,0.99
111576,0.02,-0.36,0.98
111586,0.02,-0.35,0.97
111596,0.02,-0.34,0.96
111605,0.02,-0.33,0.96
111615,0.03,-0.31,0.95
111625,0.03,-0.29,0.95
111634,0.03,-0.28,0.96
111644,0.03,-0.28,0.96
111653,0.02,-0.29,0.97
111663,0.02,-0.31,0.97
111673,0.00,-0.34,0.96
111682,-0.01,-0.37,0.95
111692,-0.02,-0.39,0.95
111701,-0.01,-0.40,0.94
111711,-0.01,-0.40,0.93
111721,-0.00,-0.39,0.92
111730,0.00,-0.39,0.91
111740,0.00,-0.38,0.91
111750,-0.00,-0.37,0.91
111759,-0.02,-0.34,0.92
111769,-0.02,-0.32,0.93
111778,-0.01,-0.31,0.93
111788,-0.02,-0.31,0.94
111798,-0.02,-0.30,0.94
111807,-0.03,-0.30,0.94
111817,-0.02,-0.30,0.95
111826,-0.01,-0.30,0.95
111836,-0.01,-0.31,0.94
111846,-0.01,-0.33,0.93
111855,-0.00,-0.33,0.92
111865,0.01,-0.34,0.91
111875,0.02,-0.33,0.90
111884,0.03,-0.33,0.90
111894,0.04,-0.32,0.90
111903,0.05,-0.30,0.91
111913,0.06,-0.28,0.92
111923,0.07,-0.26,0.94
111932,0.07,-0.25,0.96
111942,0.06,-0.25,0.97
111951,0.06,-0.26,0.98
111961,0.06,-0.26,0.98
111971,0.07,-0.27,0.97
111980,0.07,-0.27,0.96
111990,0.08,-0.28,0.95
112000,0.10,-0.29,0.94
112009,0.11,-0.29,0.94
112019,0.12,-0.29,0.93
112028,0.13,-0.29,0.93
112038,0.12,-0.30,0.94
112048,0.11,-0.31,0.95
112057,0.10,-0.31,0.95
112067,0.08,-0.31,0.96
112076,0.07,-0.32,0.96
112086,0.06,-0.32,0.97
112096,0.06,-0.33,0.97
112105,0.05,-0.33,0.96
112115,0.05,-0.32,0.96
112125,0.06,-0.32,0.96
112134,0.07,-0.31,0.95
112144,0.08,-0.30,0.94
112153,0.09,-0.30,0.94
112163,0.09,-0.30,0.94
112173,0.09,-0.31,0.93
112182,0.10,-0.32,0.93
112192,0.10,-0.32,0.93
112201,0.10,-0.32,0.93
112211,0.10,-0.32,0.93
112221,0.10,-0.32,0.92
112230,0.10,-0.32,0.90
112240,0.10,-0.32,0.89
112250,0.11,-0.31,0.88
112259,0.13,-0.31,0.87
112269,0.15,-0.31,0.87
112278,0.17,-0.31,0.86
112288,0.18,-0.32,0.86
112298,0.20,-0.32,0.86
112307,0.22,-0.32,0.86
112317,0.23,-0.33,0.87
112326,0.23,-0.33,0.88
112336,0.22,-0.34,0.89
112346,0.21,-0.34,0.89
112355,0.22,-0.34,0.91
112365,0.22,-0.34,0.92
112375,0.21,-0.34,0.93
112384,0.22,-0.33,0.96
112394,0.20,-0.33,0.97
112403,0.17,-0.34,0.97
112413,0.16,-0.35,0.97
112423,0.17,-0.36,0.96
112432,0.19,-0.36,0.96
112442,0.20,-0.36,0.95
112451,0.20,-0.35,0.93
112461,0.21,-0.35,0.92
112471,0.20,-0.35,0.92
112480,0.22,-0.34,0.90
112490,0.22,-0.34,0.90
112500,0.20,-0.34,0.90
112509,0.18,-0.35,0.91
112519,0.16,-0.34,0.92
112528,0.14,-0.33,0.93
112538,0.14,-0.31,0.94
112548,0.14,-0.30,0.94
112557,0.14,-0.28,0.93
112567,0.14,-0.27,0.92
112576,0.13,-0.25,0.91
112586,0.13,-0.24,0.91
112596,0.13,-0.24,0.91
112605,0.12,-0.24,0.92
112615,0.12,-0.25,0.93
112625,0.12,-0.26,0.93
112634,0.12,-0.27,0.93
112644,0.12,-0.27,0.93
112653,0.13,-0.27,0.93
112663,0.14,-0.28,0.92
112673,0.15,-0.28,0.92
112682,0.16,-0.28,0.92
112692,0.16,-0.28,0.92
112701,0.17,-0.28,0.91
112711,0.17,-0.29,0.91
112721,0.18,-0.29,0.92
112730,0.17,-0.30,0.93
112740,0.16,-0.30,0.94
112750,0.16,-0.28,0.94
112759,0.16,-0.28,0.95
112769,0.17,-0.27,0.95
112778,0.17,-0.28,0.95
112788,0.17,-0.28,0.96
112798,0.17,-0.29,0.97
112807,0.16,-0.30,0.98
112817,0.16,-0.30,0.99
112826,0.16,-0.31,0.99
112836,0.15,-0.32,1.00
112846,0.14,-0.31,1.01
112855,0.13,-0.30,1.03
112865,0.11,-0.29,1.06
112875,0.10,-0.28,1.07
112884,0.10,-0.28,1.09
112894,0.10,-0.28,1.09
112903,0.11,-0.28,1.09
112913,0.11,-0.29,1.09
112923,0.10,-0.29,1.10
112932,0.10,-0.29,1.10
112942,0.09,-0.30,1.09
112951,0.08,-0.31,1.08
112961,0.08,-0.32,1.07
112971,0.08,-0.32,1.05
112980,0.09,-0.33,1.03
112990,0.10,-0.34,0.99
113000,0.12,-0.35,0.96
113009,0.12,-0.36,0.94
113019,0.11,-0.37,0.94
113028,0.13,-0.38,0.94
113038,0.14,-0.39,0.93
113048,0.15,-0.40,0.91
113057,0.14,-0.43,0.89
113067,0.13,-0.44,0.88
113076,0.12,-0.46,0.88
113086,0.09,-0.48,0.87
113096,0.07,-0.48,0.87
113105,0.05,-0.47,0.86
113115,0.03,-0.46,0.86
113125,0.02,-0.44,0.84
113134,0.01,-0.42,0.82
113144,0.03,-0.39,0.81
113153,0.05,-0.35,0.81
113163,0.06,-0.32,0.82
113173,0.06,-0.30,0.83
113182,0.05,-0.30,0.84
113192,0.04,-0.29,0.87
113201,0.03,-0.29,0.89
113211,0.02,-0.29,0.92
113221,0.01,-0.29,0.96
113230,-0.00,-0.30,0.98
113240,-0.01,-0.32,1.00
113250,0.00,-0.33,1.01
113259,0.01,-0.35,1.00
113269,0.02,-0.37,0.98
113278,0.03,-0.38,0.96
113288,0.04,-0.38,0.94
113298,0.06,-0.37,0.91
113307,0.08,-0.36,0.89
113317,0.10,-0.35,0.86
113326,0.11,-0.34,0.84
113336,0.11,-0.32,0.83
113346,0.11,-0.30,0.82
113355,0.11,-0.27,0.81
113365,0.11,-0.25,0.81
113375,0.11,-0.23,0.82
113384,0.11,-0.22,0.82
113394,0.10,-0.22,0.84
113403,0.09,-0.23,0.86
113413,0.09,-0.24,0.88
113423,0.09,-0.25,0.90
113432,0.08,-0.26,0.91
113442,0.08,-0.26,0.92
113451,0.07,-0.25,0.94
113461,0.05,-0.25,0.96
113471,0.04,-0.24,0.98
113480,0.04,-0.23,1.00
113490,0.04,-0.23,1.01
113500,0.05,-0.24,1.00
113509,0.06,-0.27,0.99
113519,0.07,-0.29,0.98
113528,0.08,-0.30,0.95
113538,0.10,-0.30,0.94
113548,0.12,-0.30,0.93
113557,0.15,-0.29,0.93
113567,0.16,-0.28,0.93
113576,0.17,-0.28,0.94
113586,0.16,-0.28,0.95
113596,0.16,-0.28,0.97
113605,0.15,-0.28,0.99
113615,0.13,-0.29,1.00
113625,0.12,-0.30,1.01
113634,0.11,-0.31,1.02
113644,0.11,-0.31,1.03
113653,0.11,-0.30,1.04
113663,0.12,-0.29,1.05
113673,0.13,-0.29,1.06
113682,0.13,-0.30,1.07
113692,0.13,-0.30,1.08
113701,0.12,-0.31,1.09
113711,0.11,-0.31,1.10
113721,0.09,-0.33,1.10
113730,0.08,-0.36,1.10
113740,0.09,-0.39,1.09
113750,0.10,-0.42,1.07
113759,0.12,-0.44,1.04
113769,0.12,-0.46,1.02
113778,0.14,-0.48,0.99
113788,0.15,-0.50,0.96
113798,0.16,-0.51,0.93
113807,0.14,-0.50,0.91
113817,0.13,-0.49,0.89
113826,0.13,-0.46,0.87
113836,0.15,-0.42,0.85
113846,0.17,-0.39,0.82
113855,0.17,-0.38,0.81
113865,0.21,-0.36,0.80
113875,0.24,-0.35,0.79
113884,0.26,-0.34,0.77
113894,0.26,-0.35,0.77
113903,0.25,-0.35,0.77
113913,0.23,-0.36,0.78
113923,0.20,-0.37,0.82
113932,0.18,-0.37,0.85
113942,0.16,-0.38,0.89
113951,0.13,-0.38,0.91
113961,0.10,-0.37,0.93
113971,0.08,-0.36,0.94
113980,0.06,-0.35,0.94
113990,0.05,-0.32,0.94
114000,0.05,-0.28,0.94
114009,0.06,-0.25,0.93
114019,0.08,-0.25,0.91
114028,0.11,-0.27,0.88
114038,0.14,-0.29,0.85
114048,0.16,-0.31,0.83
114057,0.19,-0.32,0.80
114067,0.21,-0.34,0.78
114076,0.23,-0.36,0.77
114086,0.23,-0.36,0.77
114096,0.23,-0.35,0.78
114105,0.22,-0.33,0.80
114115,0.22,-0.30,0.83
114125,0.21,-0.30,0.87
114134,0.19,-0.30,0.89
114144,0.17,-0.30,0.91
114153,0.16,-0.31,0.93
114163,0.15,-0.32,0.95
114173,0.13,-0.32,0.96
114182,0.12,-0.32,0.98
114192,0.11,-0.32,0.99
114201,0.11,-0.33,1.00
114211,0.11,-0.33,0.99
114221,0.12,-0.33,0.99
114230,0.12,-0.32,0.99
114240,0.12,-0.32,0.98
114250,0.13,-0.32,0.97
114259,0.13,-0.32,0.96
114269,0.13,-0.31,0.95
114278,0.13,-0.31,0.95
114288,0.13,-0.30,0.95
114298,0.13,-0.30,0.94
114307,0.15,-0.30,0.92
114317,0.16,-0.31,0.91
114326,0.17,-0.31,0.90
114336,0.18,-0.30,0.90
114346,0.18,-0.30,0.90
114355,0.18,-0.29,0.91
114365,0.17,-0.27,0.93
114375,0.17,-0.26,0.94
114384,0.16,-0.26,0.96
114394,0.16,-0.26,0.97
114403,0.16,-0.26,0.97
114413,0.16,-0.26,0.98
114423,0.16,-0.27,0.98
114432,0.16,-0.28,0.98
114442,0.15,-0.28,0.99
114451,0.14,-0.28,1.00
114461,0.14,-0.28,1.01
114471,0.13,-0.27,1.02
114480,0.14,-0.26,1.03
114490,0.16,-0.26,1.03
114500,0.16,-0.28,1.04
114509,0.16,-0.31,1.03
114519,0.15,-0.34,1.04
114528,0.15,-0.37,1.05
114538,0.15,-0.39,1.06
114548,0.14,-0.43,1.06
114557,0.12,-0.46,1.07
114567,0.13,-0.48,1.05
114576,0.12,-0.51,1.06
114586,0.09,-0.52,1.06
114596,0.06,-0.52,1.06
114605,0.04,-0.51,1.06
114615,0.02,-0.49,1.05
114625,0.02,-0.47,1.04
114634,0.02,-0.45,1.02
114644,0.03,-0.43,1.00
114653,0.04,-0.41,0.98
114663,0.05,-0.40,0.95
114673,0.05,-0.40,0.92
114682,0.04,-0.41,0.89
114692,0.03,-0.41,0.86
114701,0.02,-0.42,0.83
114711,0.01,-0.43,0.79
114721,0.01,-0.42,0.77
114730,0.02,-0.39,0.76
114740,0.05,-0.35,0.76
114750,0.05,-0.32,0.78
114759,0.04,-0.30,0.80
114769,0.04,-0.28,0.82
114778,0.04,-0.27,0.84
114788,0.04,-0.27,0.87
114798,0.04,-0.27,0.89
114807,0.04,-0.30,0.90
114817,0.05,-0.33,0.90
114826,0.06,-0.35,0.90
114836,0.06,-0.37,0.90
114846,0.06,-0.38,0.89
114855,0.07,-0.37,0.89
114865,0.08,-0.35,0.88
114875,0.08,-0.32,0.87
114884,0.09,-0.28,0.87
114894,0.09,-0.25,0.87
114903,0.08,-0.22,0.88
114913,0.07,-0.21,0.90
114923,0.07,-0.21,0.91
114932,0.06,-0.22,0.92
114942,0.06,-0.23,0.93
114951,0.05,-0.25,0.94
114961,0.06,-0.26,0.95
114971,0.05,-0.28,0.96
114980,0.05,-0.31,0.97
114990,0.06,-0.33,0.97
115000,0.06,-0.36,0.97
115009,0.07,-0.38,0.96
115019,0.07,-0.39,0.95
115028,0.08,-0.38,0.93
115038,0.09,-0.36,0.92
115048,0.09,-0.32,0.91
115057,0.09,-0.29,0.91
115067,0.10,-0.26,0.91
115076,0.09,-0.23,0.91
115086,0.08,-0.22,0.90
115096,0.08,-0.22,0.90
115105,0.07,-0.21,0.90
115115,0.07,-0.22,0.90
115125,0.07,-0.23,0.91
115134,0.07,-0.24,0.92
115144,0.06,-0.25,0.93
115153,0.06,-0.26,0.93
115163,0.06,-0.27,0.94
115173,0.07,-0.28,0.94
115182,0.06,-0.28,0.95
115192,0.06,-0.28,0.96
115201,0.06,-0.28,0.96
115211,0.06,-0.27,0.96
115221,0.07,-0.26,0.97
115230,0.07,-0.25,0.97
115240,0.06,-0.23,0.98
115250,0.06,-0.22,0.99
115259,0.07,-0.22,1.02
115269,0.07,-0.24,1.03
115278,0.06,-0.27,1.03
115288,0.05,-0.29,1.03
115298,0.06,-0.31,1.03
115307,0.05,-0.33,1.04
115317,0.05,-0.33,1.04
115326,0.05,-0.32,1.05
115336,0.06,-0.30,1.05
115346,0.06,-0.27,1.05
115355,0.06,-0.26,1.05
115365,0.06,-0.26,1.05
115375,0.03,-0.27,1.05
115384,0.01,-0.27,1.05
115394,0.01,-0.28,1.05
115403,0.01,-0.29,1.03
115413,0.02,-0.29,1.01
115423,0.04,-0.29,0.99
115432,0.07,-0.28,0.97
115442,0.08,-0.27,0.96
115451,0.10,-0.26,0.96
115461,0.11,-0.26,0.97
115471,0.11,-0.29,0.98
115480,0.11,-0.33,0.99
115490,0.11,-0.37,1.01
115500,0.10,-0.41,1.02
115509,0.08,-0.45,1.02
115519,0.07,-0.50,1.00
115528,0.06,-0.53,0.98
115538,0.05,-0.55,0.96
115548,0.05,-0.55,0.93
115557,0.06,-0.53,0.89
115567,0.08,-0.48,0.85
115576,0.12,-0.42,0.80
115586,0.15,-0.34,0.80
115596,0.18,-0.28,0.79
115605,0.20,-0.24,0.79
115615,0.21,-0.23,0.80
115625,0.21,-0.24,0.82
115634,0.19,-0.26,0.84
115644,0.18,-0.30,0.86
115653,0.15,-0.33,0.89
115663,0.11,-0.37,0.92
115673,0.08,-0.39,0.95
115682,0.05,-0.41,0.97
115692,0.03,-0.42,0.99
115701,0.02,-0.41,1.00
115711,0.02,-0.40,1.00
115721,0.00,-0.38,1.01
115730,-0.01,-0.37,0.99
115740,-0.01,-0.35,0.97
115750,-0.01,-0.33,0.94
115759,0.01,-0.31,0.91
115769,0.04,-0.29,0.87
115778,0.07,-0.26,0.84
115788,0.10,-0.23,0.82
115798,0.11,-0.21,0.81
115807,0.12,-0.21,0.81
115817,0.12,-0.21,0.81
115826,0.12,-0.23,0.83
115836,0.13,-0.24,0.84
115846,0.13,-0.27,0.83
115855,0.14,-0.29,0.82
115865,0.15,-0.32,0.81
115875,0.15,-0.34,0.83
115884,0.15,-0.34,0.85
115894,0.14,-0.31,0.90
115903,0.13,-0.29,0.94
115913,0.11,-0.27,0.98
115923,0.08,-0.27,0.99
115932,0.07,-0.29,1.00
115942,0.08,-0.33,1.00
115951,0.08,-0.40,0.99
115961,0.07,-0.45,0.98
115971,0.05,-0.46,0.97
115980,0.04,-0.42,0.96
115990,0.04,-0.35,0.96
116000,0.06,-0.26,0.97
116009,0.09,-0.21,0.96
116019,0.12,-0.20,0.94
116028,0.13,-0.23,0.92
116038,0.13,-0.27,0.92
116048,0.14,-0.30,0.92
116057,0.13,-0.33,0.93
116067,0.13,-0.35,0.94
116076,0.14,-0.35,0.95
116086,0.13,-0.36,0.96
116096,0.14,-0.37,0.97
116105,0.15,-0.38,0.98
116115,0.14,-0.39,0.98
116125,0.14,-0.40,0.97
116134,0.14,-0.39,0.96
116144,0.13,-0.37,0.95
116153,0.10,-0.34,0.95
116163,0.08,-0.29,0.96
116173,0.06,-0.24,0.97
116182,0.05,-0.21,0.99
116192,0.07,-0.19,1.00
116201,0.08,-0.19,1.01
116211,0.09,-0.22,1.01
116221,0.10,-0.27,1.00
116230,0.10,-0.31,1.00
116240,0.09,-0.36,1.02
116250,0.08,-0.40,1.03
116259,0.06,-0.43,1.05
116269,0.05,-0.45,1.06
116278,0.04,-0.46,1.07
116288,0.03,-0.47,1.06
116298,0.03,-0.49,1.05
116307,0.04,-0.50,1.02
116317,0.03,-0.52,0.99
116326,0.03,-0.54,0.96
116336,0.03,-0.55,0.93
116346,0.03,-0.55,0.89
116355,0.03,-0.55,0.87
116365,0.04,-0.54,0.84
116375,0.05,-0.52,0.80
116384,0.06,-0.49,0.78
116394,0.07,-0.46,0.77
116403,0.07,-0.42,0.77
116413,0.08,-0.37,0.78
116423,0.08,-0.34,0.79
116432,0.08,-0.32,0.80
116442,0.09,-0.29,0.81
116451,0.09,-0.28,0.84
116461,0.09,-0.28,0.87
116471,0.09,-0.30,0.90
116480,0.07,-0.34,0.92
116490,0.06,-0.39,0.94
116500,0.04,-0.44,0.95
116509,0.03,-0.47,0.96
116519,0.02,-0.49,0.97
116528,0.01,-0.50,0.97
116538,0.02,-0.49,0.97
116548,0.03,-0.46,0.97
116557,0.03,-0.43,0.96
116567,0.05,-0.39,0.95
116576,0.06,-0.35,0.93
116586,0.07,-0.32,0.90
116596,0.08,-0.29,0.89
116605,0.08,-0.26,0.86
116615,0.08,-0.24,0.86
116625,0.08,-0.22,0.85
116634,0.08,-0.21,0.85
116644,0.09,-0.21,0.87
116653,0.09,-0.23,0.88
116663,0.09,-0.25,0.90
116673,0.08,-0.28,0.92
116682,0.07,-0.31,0.93
116692,0.06,-0.33,0.94
116701,0.05,-0.35,0.95
116711,0.04,-0.36,0.95
116721,0.04,-0.37,0.95
116730,0.04,-0.37,0.95
116740,0.04,-0.37,0.95
116750,0.04,-0.36,0.95
116759,0.04,-0.35,0.95
116769,0.05,-0.33,0.94
116778,0.05,-0.32,0.93
116788,0.05,-0.30,0.93
116798,0.05,-0.27,0.93
116807,0.06,-0.25,0.93
116817,0.06,-0.23,0.94
116826,0.06,-0.21,0.94
116836,0.06,-0.19,0.95
116846,0.06,-0.18,0.97
116855,0.05,-0.18,0.98
116865,0.06,-0.20,1.00
116875,0.06,-0.24,1.00
116884,0.06,-0.27,0.99
116894,0.07,-0.30,0.99
116903,0.07,-0.33,0.98
116913,0.07,-0.34,0.98
116923,0.08,-0.35,0.98
116932,0.08,-0.34,0.98
116942,0.08,-0.33,0.98
116951,0.09,-0.31,0.99
116961,0.09,-0.29,0.99
116971,0.10,-0.26,0.98
116980,0.11,-0.23,0.99
116990,0.13,-0.21,0.99
117000,0.13,-0.21,1.01
117009,0.13,-0.23,1.02
117019,0.12,-0.25,1.04
117028,0.11,-0.29,1.05
117038,0.10,-0.34,1.06
117048,0.09,-0.40,1.05
117057,0.07,-0.45,1.02
117067,0.06,-0.49,1.00
117076,0.05,-0.52,0.98
117086,0.04,-0.52,0.96
117096,0.03,-0.50,0.93
117105,0.02,-0.46,0.92
117115,0.04,-0.40,0.90
117125,0.05,-0.34,0.88
117134,0.05,-0.29,0.87
117144,0.06,-0.25,0.87
117153,0.06,-0.23,0.87
117163,0.06,-0.23,0.84
117173,0.07,-0.23,0.82
117182,0.08,-0.23,0.80
117192,0.11,-0.23,0.79
117201,0.14,-0.23,0.81
117211,0.16,-0.23,0.83
117221,0.16,-0.24,0.86
117230,0.15,-0.28,0.89
117240,0.13,-0.32,0.90
117250,0.12,-0.37,0.93
117259,0.11,-0.41,0.94
117269,0.09,-0.44,0.95
117278,0.07,-0.46,0.98
117288,0.05,-0.46,0.99
117298,0.03,-0.44,1.01
117307,0.01,-0.41,1.03
117317,0.00,-0.38,1.03
117326,0.00,-0.33,1.02
117336,0.00,-0.29,1.02
117346,0.00,-0.26,1.01
117355,0.00,-0.24,1.00
117365,0.01,-0.23,0.98
117375,0.03,-0.24,0.95
117384,0.05,-0.26,0.92
117394,0.08,-0.29,0.89
117403,0.10,-0.31,0.86
117413,0.14,-0.33,0.83
117423,0.15,-0.35,0.82
117432,0.16,-0.35,0.82
117442,0.16,-0.34,0.84
117451,0.15,-0.34,0.85
117461,0.15,-0.33,0.86
117471,0.14,-0.33,0.88
117480,0.13,-0.32,0.89
117490,0.12,-0.31,0.91
117500,0.10,-0.30,0.93
117509,0.08,-0.30,0.95
117519,0.06,-0.29,0.98
117528,0.05,-0.29,1.00
117538,0.04,-0.30,1.00
117548,0.03,-0.32,1.00
117557,0.04,-0.34,0.98
117567,0.04,-0.35,0.97
117576,0.05,-0.36,0.96
117586,0.05,-0.36,0.94
117596,0.06,-0.37,0.94
117605,0.06,-0.36,0.94
117615,0.07,-0.35,0.94
117625,0.08,-0.35,0.94
117634,0.08,-0.36,0.93
117644,0.08,-0.37,0.92
117653,0.08,-0.39,0.91
117663,0.10,-0.40,0.91
117673,0.10,-0.39,0.90
117682,0.11,-0.40,0.90
117692,0.11,-0.41,0.91
117701,0.09,-0.41,0.93
117711,0.07,-0.41,0.94
117721,0.05,-0.40,0.96
117730,0.03,-0.38,0.97
117740,0.02,-0.37,0.97
117750,0.03,-0.36,0.96
117759,0.04,-0.35,0.94
117769,0.05,-0.36,0.92
117778,0.06,-0.38,0.90
117788,0.07,-0.40,0.89
117798,0.06,-0.41,0.88
117807,0.06,-0.41,0.88
117817,0.06,-0.42,0.87
117826,0.07,-0.41,0.86
117836,0.09,-0.42,0.85
117846,0.11,-0.43,0.84
117855,0.12,-0.43,0.83
117865,0.12,-0.42,0.84
117875,0.10,-0.40,0.86
117884,0.08,-0.38,0.88
117894,0.07,-0.36,0.91
117903,0.04,-0.35,0.93
117913,0.03,-0.34,0.95
117923,0.01,-0.34,0.95
117932,0.01,-0.34,0.94
117942,0.01,-0.35,0.94
117951,0.01,-0.36,0.92
117961,0.01,-0.36,0.90
117971,0.02,-0.36,0.89
117980,0.04,-0.36,0.88
117990,0.06,-0.35,0.87
118000,0.08,-0.34,0.86
118009,0.09,-0.34,0.87
118019,0.10,-0.33,0.89
118028,0.09,-0.35,0.90
118038,0.08,-0.36,0.93
118048,0.06,-0.38,0.94
118057,0.04,-0.40,0.96
118067,0.01,-0.41,0.98
118076,-0.01,-0.42,1.00
118086,-0.03,-0.43,1.01
118096,-0.05,-0.43,1.00
118105,-0.05,-0.43,0.99
118115,-0.03,-0.43,0.97
118125,-0.01,-0.41,0.94
118134,0.02,-0.40,0.91
118144,0.04,-0.38,0.89
118153,0.06,-0.36,0.89
118163,0.07,-0.34,0.90
118173,0.07,-0.33,0.92
118182,0.06,-0.32,0.94
118192,0.04,-0.32,0.96
118201,0.03,-0.32,0.98
118211,0.01,-0.33,1.00
118221,-0.00,-0.33,1.01
118230,-0.02,-0.33,1.02
118240,-0.04,-0.33,1.02
118250,-0.04,-0.35,1.02
118259,-0.03,-0.36,1.02
118269,-0.02,-0.38,1.01
118278,-0.02,-0.39,1.01
118288,-0.03,-0.40,1.00
118298,-0.03,-0.40,0.99
118307,-0.02,-0.40,0.98
118317,-0.02,-0.40,0.96
118326,-0.02,-0.40,0.95
118336,-0.01,-0.39,0.95
118346,-0.01,-0.38,0.94
118355,0.00,-0.36,0.93
118365,0.02,-0.35,0.92
118375,0.03,-0.34,0.89
118384,0.04,-0.34,0.88
118394,0.05,-0.33,0.87
118403,0.06,-0.32,0.87
118413,0.06,-0.31,0.87
118423,0.06,-0.31,0.89
118432,0.06,-0.30,0.91
118442,0.06,-0.30,0.93
118451,0.06,-0.31,0.94
118461,0.06,-0.32,0.94
118471,0.07,-0.34,0.94
118480,0.08,-0.35,0.94
118490,0.08,-0.36,0.93
118500,0.08,-0.37,0.94
118509,0.08,-0.38,0.94
118519,0.08,-0.38,0.93
118528,0.07,-0.38,0.93
118538,0.06,-0.37,0.93
118548,0.06,-0.35,0.93
118557,0.07,-0.32,0.92
118567,0.07,-0.30,0.90
118576,0.08,-0.29,0.89
118586,0.09,-0.28,0.89
118596,0.09,-0.28,0.89
118605,0.10,-0.29,0.91
118615,0.10,-0.31,0.92
118625,0.10,-0.32,0.93
118634,0.11,-0.34,0.94
118644,0.11,-0.35,0.95
118653,0.11,-0.37,0.96
118663,0.12,-0.39,0.97
118673,0.12,-0.41,0.97
118682,0.12,-0.43,0.97
118692,0.12,-0.44,0.97
118701,0.12,-0.44,0.97
118711,0.11,-0.44,0.97
118721,0.10,-0.43,0.97
118730,0.08,-0.42,0.97
118740,0.06,-0.40,0.96
118750,0.06,-0.38,0.95
118759,0.07,-0.37,0.93
118769,0.08,-0.36,0.90
118778,0.10,-0.35,0.87
118788,0.12,-0.34,0.85
118798,0.13,-0.33,0.83
118807,0.15,-0.32,0.82
118817,0.17,-0.33,0.82
118826,0.18,-0.34,0.82
118836,0.18,-0.34,0.83
118846,0.18,-0.35,0.85
118855,0.17,-0.36,0.87
118865,0.16,-0.36,0.90
118875,0.15,-0.38,0.92
118884,0.14,-0.39,0.94
118894,0.12,-0.39,0.95
118903,0.11,-0.38,0.96
118913,0.10,-0.37,0.98
118923,0.09,-0.35,0.99
118932,0.08,-0.33,0.99
118942,0.07,-0.32,0.99
118951,0.08,-0.31,0.98
118961,0.08,-0.31,0.97
118971,0.08,-0.31,0.96
118980,0.10,-0.31,0.94
118990,0.11,-0.33,0.92
119000,0.13,-0.35,0.91
119009,0.14,-0.36,0.89
119019,0.16,-0.37,0.88
119028,0.17,-0.38,0.88
119038,0.16,-0.38,0.88
119048,0.15,-0.37,0.88
119057,0.14,-0.35,0.89
119067,0.13,-0.33,0.91
119076,0.12,-0.31,0.92
119086,0.11,-0.29,0.93
119096,0.10,-0.29,0.93
119105,0.09,-0.28,0.94
119115,0.09,-0.29,0.94
119125,0.08,-0.29,0.95
119134,0.08,-0.30,0.95
119144,0.07,-0.30,0.95
119153,0.07,-0.31,0.95
119163,0.08,-0.32,0.94
119173,0.08,-0.32,0.93
119182,0.09,-0.32,0.92
119192,0.09,-0.31,0.92
119201,0.09,-0.31,0.91
119211,0.08,-0.30,0.92
119221,0.08,-0.29,0.92
119230,0.08,-0.28,0.92
119240,0.08,-0.28,0.92
119250,0.09,-0.28,0.91
119259,0.09,-0.28,0.91
119269,0.10,-0.28,0.91
119278,0.10,-0.28,0.91
119288,0.11,-0.28,0.90
119298,0.12,-0.27,0.90
119307,0.13,-0.27,0.90
119317,0.14,-0.28,0.91
119326,0.15,-0.27,0.92
119336,0.16,-0.28,0.93
119346,0.16,-0.29,0.94
119355,0.15,-0.30,0.95
119365,0.15,-0.31,0.96
119375,0.15,-0.32,0.97
119384,0.15,-0.33,0.96
119394,0.15,-0.33,0.96
119403,0.16,-0.33,0.95
119413,0.17,-0.32,0.95
119423,0.17,-0.31,0.95
119432,0.17,-0.30,0.95
119442,0.17,-0.29,0.96
119451,0.15,-0.27,0.97
119461,0.14,-0.26,0.98
119471,0.13,-0.26,0.99
119480,0.12,-0.27,0.99
119490,0.12,-0.27,1.00
119500,0.12,-0.28,1.01
119509,0.12,-0.29,1.02
119519,0.11,-0.30,1.04
119528,0.10,-0.31,1.05
119538,0.07,-0.32,1.06
119548,0.05,-0.32,1.06
119557,0.04,-0.32,1.07
119567,0.03,-0.31,1.06
119576,0.02,-0.31,1.05
119586,0.02,-0.29,1.03
119596,0.03,-0.27,1.00
119605,0.05,-0.25,0.97
119615,0.06,-0.25,0.95
119625,0.09,-0.25,0.92
119634,0.12,-0.26,0.89
119644,0.15,-0.27,0.87
119653,0.17,-0.28,0.86
119663,0.18,-0.28,0.87
119673,0.17,-0.29,0.91
119682,0.16,-0.30,0.94
119692,0.15,-0.32,0.98
119701,0.12,-0.33,1.01
119711,0.07,-0.34,1.04
119721,0.04,-0.34,1.07
119730,0.01,-0.35,1.10
119740,-0.01,-0.35,1.10
119750,-0.02,-0.36,1.09
119759,-0.01,-0.37,1.07
119769,-0.01,-0.39,1.04
119778,0.01,-0.40,1.00
119788,0.02,-0.40,0.95
119798,0.04,-0.40,0.91
119807,0.06,-0.40,0.87
119817,0.09,-0.39,0.84
119826,0.10,-0.38,0.80
119836,0.10,-0.37,0.78
119846,0.10,-0.35,0.76
119855,0.11,-0.34,0.75
119865,0.12,-0.32,0.74
119875,0.13,-0.31,0.74
119884,0.14,-0.30,0.75
119894,0.13,-0.30,0.78
119903,0.12,-0.30,0.80
119913,0.10,-0.29,0.84
119923,0.08,-0.28,0.89
119932,0.07,-0.28,0.92
119942,0.05,-0.28,0.97
119951,0.03,-0.29,0.99
119961,0.02,-0.29,1.02
119971,0.01,-0.30,1.02
119980,0.01,-0.32,1.02
119990,0.02,-0.34,1.00
120000,0.04,-0.36,1.00
120009,0.06,-0.37,0.99
120019,0.07,-0.38,0.98
120028,0.07,-0.38,0.97
120038,0.06,-0.38,0.96
120048,0.07,-0.37,0.94
120057,0.08,-0.35,0.92
120067,0.10,-0.33,0.89
120076,0.11,-0.32,0.87
120086,0.13,-0.31,0.86
120096,0.13,-0.30,0.85
120105,0.13,-0.29,0.86
120115,0.12,-0.29,0.87
120125,0.10,-0.28,0.89
120134,0.09,-0.28,0.90
120144,0.07,-0.28,0.92
120153,0.06,-0.29,0.93
120163,0.05,-0.30,0.95
120173,0.04,-0.30,0.97
120182,0.03,-0.30,0.98
120192,0.02,-0.30,0.99
120201,0.01,-0.29,0.99
120211,0.01,-0.29,0.98
120221,0.02,-0.28,0.98
120230,0.02,-0.28,0.97
120240,0.02,-0.28,0.96
120250,0.03,-0.28,0.96
120259,0.03,-0.28,0.95
120269,0.03,-0.29,0.94
120278,0.03,-0.28,0.94
120288,0.03,-0.27,0.94
120298,0.03,-0.26,0.93
120307,0.04,-0.24,0.93
120317,0.05,-0.22,0.93
120326,0.06,-0.21,0.93
120336,0.07,-0.21,0.93
120346,0.07,-0.21,0.93
120355,0.08,-0.21,0.94
120365,0.08,-0.22,0.95
120375,0.07,-0.23,0.97
120384,0.07,-0.25,0.98
120394,0.07,-0.26,0.99
120403,0.06,-0.27,1.00
120413,0.07,-0.28,1.00
120423,0.07,-0.29,1.00
120432,0.07,-0.30,0.99
120442,0.08,-0.31,0.98
120451,0.09,-0.31,0.98
120461,0.10,-0.30,0.98
120471,0.09,-0.29,0.98
120480,0.08,-0.28,0.97
120490,0.07,-0.25,0.97
120500,0.08,-0.23,0.97
120509,0.08,-0.21,0.98
120519,0.08,-0.19,0.99
120528,0.07,-0.19,1.00
120538,0.06,-0.19,1.00
120548,0.05,-0.20,1.01
120557,0.05,-0.21,1.02
120567,0.05,-0.21,1.01
120576,0.06,-0.21,1.01
120586,0.08,-0.21,1.00
120596,0.09,-0.21,1.00
120605,0.10,-0.22,1.00
120615,0.09,-0.24,1.00
120625,0.09,-0.27,1.01
120634,0.08,-0.30,1.01
120644,0.08,-0.33,1.01
120653,0.08,-0.35,1.00
120663,0.08,-0.37,1.00
120673,0.08,-0.37,0.99
120682,0.07,-0.36,1.00
120692,0.07,-0.35,1.00
120701,0.07,-0.34,1.00
120711,0.07,-0.34,1.00
120721,0.08,-0.34,0.99
120730,0.09,-0.33,0.98
120740,0.08,-0.33,0.98
120750,0.08,-0.33,0.97
120759,0.07,-0.33,0.98
120769,0.07,-0.34,0.99
120778,0.07,-0.34,0.98
120788,0.07,-0.35,0.98
120798,0.07,-0.37,0.96
120807,0.09,-0.37,0.94
120817,0.11,-0.38,0.90
120826,0.13,-0.37,0.89
120836,0.15,-0.37,0.85
120846,0.18,-0.37,0.82
120855,0.22,-0.36,0.77
120865,0.22,-0.37,0.76
120875,0.24,-0.35,0.74
120884,0.26,-0.33,0.75
120894,0.26,-0.31,0.77
120903,0.24,-0.28,0.82
120913,0.24,-0.24,0.87
120923,0.22,-0.22,0.92
120932,0.21,-0.23,0.97
120942,0.18,-0.27,1.02
120951,0.14,-0.32,1.06
120961,0.12,-0.37,1.07
120971,0.12,-0.44,1.06
120980,0.12,-0.51,1.04
120990,0.10,-0.54,1.01
121000,0.07,-0.54,0.98
121009,0.05,-0.50,0.97
121019,0.07,-0.43,0.93
121028,0.08,-0.36,0.92
121038,0.13,-0.30,0.88
121048,0.19,-0.24,0.82
121057,0.18,-0.22,0.81
121067,0.19,-0.20,0.77
121076,0.20,-0.19,0.76
121086,0.21,-0.20,0.75
121096,0.22,-0.22,0.74
121105,0.22,-0.25,0.75
121115,0.22,-0.28,0.77
121125,0.21,-0.30,0.80
121134,0.19,-0.31,0.83
121144,0.19,-0.31,0.86
121153,0.18,-0.30,0.88
121163,0.18,-0.28,0.90
121173,0.19,-0.28,0.92
121182,0.18,-0.27,0.94
121192,0.18,-0.28,0.95
121201,0.17,-0.30,0.97
121211,0.16,-0.31,0.98
121221,0.16,-0.33,0.99
121230,0.16,-0.35,0.99
121240,0.16,-0.36,0.99
121250,0.16,-0.36,0.98
121259,0.15,-0.35,0.98
121269,0.16,-0.33,0.98
121278,0.16,-0.31,0.97
121288,0.16,-0.29,0.96
121298,0.16,-0.27,0.95
121307,0.17,-0.26,0.94
121317,0.17,-0.26,0.93
121326,0.18,-0.26,0.92
121336,0.18,-0.26,0.92
121346,0.18,-0.26,0.92
121355,0.19,-0.27,0.92
121365,0.19,-0.27,0.92
121375,0.20,-0.28,0.93
121384,0.20,-0.28,0.93
121394,0.18,-0.28,0.95
121403,0.17,-0.28,0.98
121413,0.16,-0.29,1.00
121423,0.15,-0.30,1.02
121432,0.14,-0.31,1.04
121442,0.14,-0.32,1.05
121451,0.13,-0.33,1.06
121461,0.13,-0.32,1.07
121471,0.14,-0.32,1.08
121480,0.13,-0.32,1.10
121490,0.11,-0.34,1.11
121500,0.09,-0.37,1.11
121509,0.08,-0.40,1.11
121519,0.06,-0.42,1.11
121528,0.04,-0.44,1.11
121538,0.03,-0.45,1.11
121548,0.02,-0.45,1.09
121557,0.01,-0.43,1.06
121567,0.02,-0.40,1.03
121576,0.03,-0.37,0.99
121586,0.05,-0.33,0.98
121596,0.08,-0.30,0.95
121605,0.09,-0.29,0.94
121615,0.10,-0.31,0.92
121625,0.09,-0.35,0.91
121634,0.08,-0.40,0.90
121644,0.06,-0.45,0.89
121653,0.04,-0.50,0.89
121663,0.02,-0.54,0.88
121673,0.00,-0.57,0.87
121682,-0.01,-0.56,0.86
121692,-0.01,-0.54,0.85
121701,0.01,-0.50,0.85
121711,0.01,-0.44,0.86
121721,0.01,-0.40,0.85
121730,0.00,-0.36,0.85
121740,0.02,-0.33,0.86
121750,0.03,-0.31,0.88
121759,0.04,-0.31,0.90
121769,0.04,-0.33,0.92
121778,0.04,-0.35,0.92
121788,0.04,-0.39,0.92
121798,0.05,-0.43,0.91
121807,0.07,-0.45,0.89
121817,0.08,-0.47,0.86
121826,0.08,-0.48,0.84
121836,0.09,-0.48,0.81
121846,0.10,-0.45,0.79
121855,0.11,-0.41,0.78
121865,0.12,-0.36,0.78
121875,0.12,-0.31,0.79
121884,0.12,-0.27,0.80
121894,0.11,-0.24,0.82
121903,0.10,-0.23,0.84
121913,0.10,-0.24,0.86
121923,0.09,-0.25,0.88
121932,0.08,-0.27,0.89
121942,0.08,-0.29,0.91
121951,0.08,-0.31,0.91
121961,0.08,-0.32,0.92
121971,0.07,-0.33,0.93
121980,0.08,-0.33,0.95
121990,0.08,-0.32,0.96
122000,0.09,-0.32,0.96
122009,0.09,-0.33,0.95
122019,0.09,-0.33,0.93
122028,0.10,-0.32,0.92
122038,0.11,-0.31,0.90
122048,0.11,-0.29,0.90
122057,0.11,-0.26,0.90
122067,0.11,-0.24,0.90
122076,0.10,-0.24,0.91
122086,0.09,-0.23,0.92
122096,0.09,-0.23,0.92
122105,0.08,-0.24,0.93
122115,0.07,-0.24,0.94
122125,0.07,-0.25,0.94
122134,0.06,-0.26,0.95
122144,0.05,-0.26,0.95
122153,0.05,-0.25,0.94
122163,0.07,-0.25,0.94
122173,0.08,-0.25,0.94
122182,0.09,-0.24,0.93
122192,0.10,-0.24,0.94
122201,0.10,-0.25,0.95
122211,0.11,-0.26,0.96
122221,0.12,-0.27,0.97
122230,0.12,-0.29,0.97
122240,0.11,-0.31,0.98
122250,0.10,-0.32,1.00
122259,0.09,-0.31,1.02
122269,0.09,-0.30,1.05
122278,0.09,-0.28,1.09
122288,0.09,-0.26,1.12
122298,0.08,-0.25,1.14
122307,0.08,-0.26,1.15
122317,0.09,-0.31,1.15
122326,0.07,-0.36,1.14
122336,0.08,-0.41,1.13
122346,0.12,-0.44,1.11
122355,0.15,-0.49,1.09
122365,0.16,-0.53,1.09
122375,0.13,-0.56,1.06
122384,0.10,-0.59,1.03
122394,0.06,-0.62,1.00
122403,0.05,-0.63,0.95
122413,0.05,-0.62,0.91
122423,0.07,-0.59,0.86
122432,0.09,-0.53,0.82
122442,0.10,-0.45,0.79
122451,0.13,-0.36,0.76
122461,0.16,-0.26,0.75
122471,0.21,-0.18,0.74
122480,0.25,-0.14,0.74
122490,0.25,-0.15,0.75
122500,0.21,-0.20,0.78
122509,0.18,-0.27,0.82
122519,0.13,-0.36,0.86
122528,0.07,-0.43,0.90
122538,0.03,-0.48,0.92
122548,0.01,-0.50,0.93
122557,0.00,-0.49,0.95
122567,0.00,-0.47,0.96
122576,-0.00,-0.44,0.97
122586,-0.01,-0.40,0.97
122596,-0.01,-0.36,0.97
122605,-0.00,-0.33,0.96
122615,0.01,-0.30,0.93
122625,0.03,-0.28,0.91
122634,0.04,-0.27,0.88
122644,0.04,-0.26,0.83
122653,0.07,-0.26,0.80
122663,0.10,-0.25,0.78
122673,0.12,-0.24,0.77
122682,0.16,-0.23,0.77
122692,0.17,-0.24,0.78
122701,0.19,-0.26,0.80
122711,0.18,-0.29,0.81
122721,0.17,-0.32,0.83
122730,0.15,-0.34,0.85
122740,0.14,-0.35,0.87
122750,0.13,-0.34,0.90
122759,0.12,-0.33,0.92
122769,0.12,-0.32,0.94
122778,0.11,-0.32,0.96
122788,0.10,-0.31,0.96
122798,0.09,-0.30,0.96
122807,0.10,-0.28,0.97
122817,0.09,-0.26,0.98
122826,0.08,-0.25,0.98
122836,0.08,-0.24,0.98
122846,0.09,-0.24,0.99
122855,0.10,-0.24,0.99
122865,0.11,-0.25,0.98
122875,0.12,-0.27,0.97
122884,0.13,-0.31,0.96
122894,0.14,-0.33,0.94
122903,0.15,-0.35,0.92
122913,0.16,-0.35,0.90
122923,0.17,-0.35,0.89
122932,0.18,-0.34,0.89
122942,0.18,-0.33,0.90
122951,0.18,-0.33,0.92
122961,0.18,-0.32,0.93
122971,0.18,-0.31,0.94
122980,0.18,-0.31,0.95
122990,0.16,-0.30,0.96
123000,0.16,-0.29,0.98
123009,0.15,-0.26,1.00
123019,0.15,-0.24,1.03
123028,0.13,-0.22,1.06
123038,0.11,-0.20,1.10
123048,0.09,-0.21,1.15
123057,0.06,-0.25,1.17
123067,0.02,-0.30,1.18
123076,-0.01,-0.37,1.18
123086,-0.05,-0.44,1.13
123096,-0.02,-0.48,1.12
123105,0.02,-0.48,1.10
123115,0.03,-0.47,1.08
123125,0.03,-0.46,1.06
123134,0.03,-0.46,1.05
123144,0.03,-0.46,1.02
123153,0.04,-0.48,1.00
123163,0.05,-0.49,0.96
123173,0.03,-0.52,0.95
123182,0.01,-0.54,0.91
123192,-0.01,-0.55,0.86
123201,-0.02,-0.54,0.82
123211,-0.01,-0.51,0.78
123221,-0.00,-0.46,0.75
123230,0.01,-0.41,0.72
123240,0.05,-0.36,0.71
123250,0.07,-0.30,0.70
123259,0.08,-0.25,0.70
123269,0.09,-0.21,0.75
123278,0.09,-0.18,0.79
123288,0.08,-0.17,0.85
123298,0.06,-0.21,0.88
123307,0.04,-0.27,0.91
123317,0.02,-0.32,0.93
123326,0.01,-0.37,0.94
123336,0.01,-0.41,0.96
123346,0.02,-0.44,0.97
123355,0.02,-0.47,0.98
123365,0.02,-0.49,0.98
123375,0.03,-0.50,0.96
123384,0.04,-0.49,0.94
123394,0.06,-0.47,0.90
123403,0.08,-0.43,0.88
123413,0.11,-0.39,0.86
123423,0.13,-0.35,0.85
123432,0.14,-0.31,0.83
123442,0.14,-0.29,0.83
123451,0.14,-0.27,0.83
123461,0.13,-0.26,0.83
123471,0.13,-0.25,0.85
123480,0.12,-0.25,0.87
123490,0.09,-0.26,0.90
123500,0.08,-0.26,0.92
123509,0.07,-0.27,0.94
123519,0.07,-0.29,0.95
123528,0.05,-0.30,0.96
123538,0.05,-0.31,0.97
123548,0.05,-0.32,0.96
123557,0.05,-0.32,0.96
123567,0.06,-0.31,0.96
123576,0.06,-0.30,0.96
123586,0.07,-0.27,0.95
123596,0.08,-0.25,0.95
123605,0.09,-0.23,0.94
123615,0.09,-0.22,0.95
123625,0.09,-0.22,0.95
123634,0.10,-0.21,0.95
123644,0.11,-0.21,0.94
123653,0.13,-0.21,0.94
123663,0.14,-0.22,0.94
123673,0.14,-0.24,0.94
123682,0.15,-0.26,0.94
123692,0.15,-0.28,0.95
123701,0.15,-0.30,0.95
123711,0.14,-0.33,0.97
123721,0.14,-0.35,0.98
123730,0.13,-0.37,0.99
123740,0.12,-0.37,1.00
123750,0.11,-0.37,1.00
123759,0.10,-0.35,1.01
123769,0.10,-0.32,1.02
123778,0.11,-0.27,1.03
123788,0.12,-0.22,1.04
123798,0.12,-0.18,1.05
123807,0.12,-0.16,1.06
123817,0.11,-0.16,1.07
123826,0.10,-0.17,1.08
123836,0.09,-0.20,1.08
123846,0.09,-0.25,1.09
123855,0.09,-0.29,1.09
123865,0.08,-0.33,1.08
123875,0.08,-0.36,1.07
123884,0.07,-0.39,1.08
123894,0.06,-0.42,1.08
123903,0.04,-0.45,1.07
123913,0.03,-0.47,1.05
123923,0.02,-0.49,1.01
123932,0.03,-0.49,0.97
123942,0.05,-0.48,0.91
123951,0.09,-0.45,0.87
123961,0.12,-0.41,0.83
123971,0.13,-0.37,0.80
123980,0.12,-0.32,0.79
123990,0.13,-0.27,0.78
124000,0.14,-0.24,0.77
124009,0.16,-0.22,0.78
124019,0.16,-0.21,0.80
124028,0.15,-0.23,0.83
124038,0.14,-0.26,0.85
124048,0.12,-0.30,0.87
124057,0.11,-0.33,0.87
124067,0.10,-0.36,0.88
124076,0.09,-0.37,0.88
124086,0.09,-0.37,0.88
124096,0.09,-0.36,0.88
124105,0.08,-0.34,0.90
124115,0.08,-0.31,0.91
124125,0.06,-0.28,0.93
124134,0.04,-0.26,0.95
124144,0.03,-0.25,0.96
124153,0.02,-0.24,0.97
124163,0.01,-0.23,0.97
124173,0.01,-0.23,0.97
124182,0.02,-0.24,0.96
124192,0.03,-0.26,0.94
124201,0.04,-0.27,0.92
124211,0.06,-0.28,0.90
124221,0.07,-0.28,0.90
124230,0.08,-0.29,0.90
124240,0.09,-0.30,0.90
124250,0.09,-0.31,0.90
124259,0.08,-0.31,0.91
124269,0.08,-0.32,0.91
124278,0.08,-0.31,0.92
124288,0.07,-0.29,0.92
124298,0.09,-0.27,0.92
124307,0.09,-0.26,0.92
124317,0.09,-0.25,0.93
124326,0.09,-0.25,0.94
124336,0.08,-0.24,0.95
124346,0.07,-0.24,0.96
124355,0.06,-0.24,0.97
124365,0.04,-0.25,0.98
124375,0.02,-0.24,1.00
124384,0.02,-0.23,1.00
124394,0.02,-0.24,1.00
124403,0.03,-0.24,0.99
124413,0.04,-0.25,0.98
124423,0.05,-0.26,0.97
124432,0.07,-0.26,0.96
124442,0.09,-0.27,0.95
124451,0.10,-0.28,0.94
124461,0.11,-0.29,0.93
124471,0.13,-0.31,0.93
124480,0.14,-0.32,0.93
124490,0.14,-0.33,0.94
124500,0.15,-0.33,0.95
124509,0.16,-0.32,0.96
124519,0.17,-0.32,0.96
124528,0.17,-0.31,0.97
124538,0.17,-0.30,0.98
124548,0.16,-0.28,0.99
124557,0.15,-0.26,1.01
124567,0.13,-0.24,1.03
124576,0.13,-0.23,1.04
124586,0.12,-0.24,1.05
124596,0.12,-0.24,1.05
124605,0.11,-0.25,1.05
124615,0.10,-0.25,1.05
124625,0.08,-0.26,1.06
124634,0.06,-0.27,1.07
124644,0.02,-0.27,1.09
124653,0.01,-0.27,1.10
124663,-0.02,-0.30,1.12
124673,-0.02,-0.32,1.12
124682,-0.02,-0.34,1.13
124692,0.00,-0.37,1.13
124701,0.03,-0.40,1.12
124711,0.04,-0.44,1.10
124721,0.04,-0.48,1.07
124730,0.02,-0.50,1.05
124740,0.01,-0.51,1.04
124750,-0.02,-0.52,1.01
124759,-0.03,-0.51,0.96
124769,-0.03,-0.47,0.91
124778,-0.03,-0.42,0.85
124788,-0.01,-0.36,0.79
124798,0.03,-0.29,0.74
124807,0.05,-0.25,0.69
124817,0.08,-0.23,0.64
124826,0.09,-0.24,0.63
124836,0.11,-0.25,0.63
124846,0.13,-0.26,0.65
124855,0.13,-0.27,0.69
124865,0.12,-0.28,0.74
124875,0.10,-0.28,0.79
124884,0.08,-0.28,0.84
124894,0.05,-0.30,0.91
124903,0.01,-0.30,0.98
124913,-0.02,-0.31,1.02
124923,-0.03,-0.32,1.04
124932,-0.04,-0.33,1.06
124942,-0.05,-0.34,1.06
124951,-0.03,-0.34,1.06
124961,-0.03,-0.34,1.04
124971,-0.02,-0.33,1.01
124980,-0.00,-0.31,0.98
124990,0.02,-0.30,0.94
125000,0.04,-0.29,0.91
125009,0.06,-0.29,0.89
125019,0.09,-0.28,0.87
125028,0.10,-0.28,0.86
125038,0.11,-0.27,0.85
125048,0.11,-0.27,0.84
125057,0.11,-0.26,0.84
125067,0.12,-0.26,0.85
125076,0.12,-0.25,0.86
125086,0.11,-0.26,0.88
125096,0.09,-0.28,0.90
125105,0.06,-0.29,0.91
125115,0.04,-0.29,0.93
125125,0.03,-0.29,0.96
125134,0.02,-0.29,0.98
125144,0.01,-0.29,1.00
125153,-0.01,-0.28,1.00
125163,-0.01,-0.27,1.00
125173,-0.01,-0.27,1.01
125182,-0.02,-0.27,1.00
125192,-0.01,-0.26,0.99
125201,-0.01,-0.26,0.98
125211,-0.00,-0.26,0.97
125221,0.01,-0.24,0.95
125230,0.02,-0.23,0.95
125240,0.03,-0.20,0.94
125250,0.04,-0.19,0.93
125259,0.05,-0.18,0.92
125269,0.07,-0.20,0.93
125278,0.08,-0.22,0.93
125288,0.07,-0.24,0.93
125298,0.07,-0.27,0.94
125307,0.07,-0.29,0.95
125317,0.07,-0.31,0.95
125326,0.08,-0.33,0.96
125336,0.08,-0.34,0.97
125346,0.09,-0.35,0.98
125355,0.09,-0.35,0.99
125365,0.08,-0.36,0.99
125375,0.08,-0.35,1.00
125384,0.09,-0.33,1.00
125394,0.11,-0.29,1.01
125403,0.12,-0.25,1.04
125413,0.13,-0.21,1.07
125423,0.14,-0.19,1.11
125432,0.14,-0.18,1.13
125442,0.11,-0.21,1.15
125451,0.10,-0.26,1.15
125461,0.08,-0.32,1.14
125471,0.07,-0.40,1.10
125480,0.07,-0.47,1.06
125490,0.08,-0.53,1.03
125500,0.07,-0.56,1.00
125509,0.06,-0.57,0.98
125519,0.06,-0.54,0.95
125528,0.06,-0.50,0.93
125538,0.08,-0.46,0.89
125548,0.09,-0.42,0.87
125557,0.09,-0.37,0.85
125567,0.09,-0.33,0.83
125576,0.09,-0.30,0.81
125586,0.12,-0.26,0.78
125596,0.13,-0.23,0.78
125605,0.15,-0.20,0.77
125615,0.17,-0.19,0.79
125625,0.18,-0.19,0.81
125634,0.18,-0.21,0.83
125644,0.18,-0.24,0.85
125653,0.17,-0.27,0.87
125663,0.16,-0.30,0.89
125673,0.13,-0.34,0.92
125682,0.09,-0.36,0.95
125692,0.05,-0.36,0.99
125701,0.03,-0.36,1.02
125711,0.01,-0.36,1.04
125721,-0.01,-0.33,1.05
125730,-0.02,-0.31,1.06
125740,-0.03,-0.28,1.05
125750,-0.02,-0.27,1.02
125759,0.01,-0.28,0.98
125769,0.02,-0.29,0.94
125778,0.05,-0.30,0.90
125788,0.06,-0.31,0.86
125798,0.08,-0.33,0.83
125807,0.11,-0.33,0.81
125817,0.14,-0.32,0.80
125826,0.15,-0.32,0.79
125836,0.16,-0.32,0.79
125846,0.16,-0.32,0.79
125855,0.16,-0.30,0.81
125865,0.15,-0.28,0.83
125875,0.14,-0.25,0.85
125884,0.14,-0.22,0.88
125894,0.14,-0.20,0.90
125903,0.11,-0.20,0.93
125913,0.10,-0.20,0.96
125923,0.07,-0.21,0.99
125932,0.05,-0.22,1.02
125942,0.02,-0.23,1.04
125951,0.02,-0.23,1.05
125961,0.02,-0.23,1.07
125971,0.03,-0.24,1.06
125980,0.04,-0.26,1.04
125990,0.04,-0.28,1.02
126000,0.05,-0.31,0.98
126009,0.06,-0.33,0.96
126019,0.09,-0.33,0.94
126028,0.10,-0.34,0.93
126038,0.12,-0.35,0.92
126048,0.13,-0.36,0.92
126057,0.14,-0.37,0.91
126067,0.14,-0.36,0.91
126076,0.13,-0.35,0.93
126086,0.11,-0.33,0.95
126096,0.10,-0.31,0.98
126105,0.09,-0.29,1.00
126115,0.08,-0.29,1.03
126125,0.06,-0.31,1.04
126134,0.05,-0.32,1.06
126144,0.05,-0.32,1.06
126153,0.04,-0.32,1.06
126163,0.04,-0.31,1.04
126173,0.04,-0.29,1.02
126182,0.03,-0.28,1.00
126192,0.04,-0.28,0.98
126201,0.06,-0.28,0.96
126211,0.08,-0.30,0.96
126221,0.09,-0.33,0.96
126230,0.09,-0.35,0.98
126240,0.08,-0.37,1.01
126250,0.04,-0.39,1.04
126259,-0.01,-0.41,1.05
126269,-0.04,-0.43,1.05
126278,-0.06,-0.44,1.04
126288,-0.08,-0.45,1.04
126298,-0.09,-0.45,1.01
126307,-0.09,-0.42,0.98
126317,-0.08,-0.38,0.94
126326,-0.05,-0.34,0.88
126336,-0.03,-0.31,0.84
126346,-0.02,-0.29,0.80
126355,-0.01,-0.28,0.78
126365,-0.01,-0.28,0.77
126375,-0.02,-0.28,0.78
126384,-0.02,-0.29,0.78
126394,-0.03,-0.30,0.79
126403,-0.03,-0.31,0.80
126413,-0.03,-0.31,0.81
126423,-0.01,-0.32,0.82
126432,0.00,-0.33,0.83
126442,0.01,-0.32,0.85
126451,0.02,-0.32,0.88
126461,0.01,-0.33,0.91
126471,-0.00,-0.33,0.96
126480,-0.02,-0.33,0.99
126490,-0.04,-0.33,1.03
126500,-0.06,-0.32,1.04
126509,-0.07,-0.32,1.05
126519,-0.08,-0.32,1.05
126528,-0.08,-0.32,1.05
126538,-0.08,-0.33,1.04
126548,-0.05,-0.33,1.03
126557,-0.03,-0.33,1.01
126567,-0.02,-0.32,0.99
126576,-0.02,-0.33,0.97
126586,-0.01,-0.37,0.96
126596,0.05,-0.38,0.94
126605,0.08,-0.39,0.91
126615,0.09,-0.43,0.88
126625,0.10,-0.45,0.85
126634,0.12,-0.46,0.83
126644,0.12,-0.46,0.82
126653,0.13,-0.46,0.81
126663,0.11,-0.45,0.82
126673,0.09,-0.42,0.84
126682,0.07,-0.39,0.86
126692,0.05,-0.36,0.88
126701,0.02,-0.32,0.93
126711,-0.00,-0.28,0.96
126721,-0.03,-0.24,0.99
126730,-0.05,-0.22,1.01
126740,-0.07,-0.22,1.00
126750,-0.06,-0.24,0.98
126759,-0.05,-0.26,0.96
126769,-0.03,-0.28,0.94
126778,-0.02,-0.31,0.94
126788,-0.02,-0.33,0.93
126798,-0.02,-0.34,0.93
126807,-0.01,-0.36,0.94
126817,-0.00,-0.37,0.94
126826,0.01,-0.38,0.94
126836,0.02,-0.39,0.93
126846,0.03,-0.41,0.92
126855,0.04,-0.42,0.91
126865,0.05,-0.43,0.90
126875,0.06,-0.42,0.90
126884,0.07,-0.40,0.91
126894,0.09,-0.37,0.93
126903,0.10,-0.33,0.96
126913,0.11,-0.30,0.99
126923,0.12,-0.28,1.02
126932,0.12,-0.27,1.05
126942,0.10,-0.29,1.06
126951,0.08,-0.33,1.04
126961,0.08,-0.35,1.01
126971,0.09,-0.35,0.98
126980,0.11,-0.35,0.95
126990,0.12,-0.33,0.93
127000,0.13,-0.30,0.92
127009,0.13,-0.29,0.92
127019,0.14,-0.28,0.92
127028,0.13,-0.27,0.93
127038,0.13,-0.27,0.95
127048,0.12,-0.27,0.99
127057,0.12,-0.27,1.02
127067,0.12,-0.26,1.05
127076,0.12,-0.27,1.07
127086,0.12,-0.31,1.07
127096,0.12,-0.37,1.05
127105,0.12,-0.43,1.02
127115,0.13,-0.48,0.99
127125,0.14,-0.50,0.96
127134,0.16,-0.52,0.94
127144,0.16,-0.52,0.91
127153,0.16,-0.50,0.88
127163,0.17,-0.46,0.86
127173,0.18,-0.41,0.84
127182,0.20,-0.36,0.83
127192,0.21,-0.33,0.82
127201,0.21,-0.32,0.82
127211,0.21,-0.31,0.82
127221,0.20,-0.31,0.83
127230,0.19,-0.30,0.84
127240,0.18,-0.30,0.85
127250,0.17,-0.28,0.85
127259,0.18,-0.27,0.86
127269,0.19,-0.26,0.87
127278,0.19,-0.26,0.88
127288,0.19,-0.27,0.89
127298,0.18,-0.29,0.90
127307,0.17,-0.32,0.91
127317,0.15,-0.33,0.92
127326,0.14,-0.34,0.92
127336,0.13,-0.34,0.94
127346,0.14,-0.32,0.94
127355,0.15,-0.32,0.94
127365,0.16,-0.32,0.93
127375,0.16,-0.32,0.92
127384,0.17,-0.33,0.91
127394,0.18,-0.33,0.90
127403,0.18,-0.32,0.90
127413,0.18,-0.31,0.90
127423,0.17,-0.30,0.92
127432,0.17,-0.30,0.92
127442,0.15,-0.31,0.93
127451,0.14,-0.32,0.94
127461,0.13,-0.32,0.94
127471,0.12,-0.32,0.94
127480,0.12,-0.32,0.94
127490,0.12,-0.31,0.93
127500,0.12,-0.30,0.93
127509,0.11,-0.28,0.93
127519,0.11,-0.28,0.94
127528,0.11,-0.28,0.94
127538,0.10,-0.28,0.94
127548,0.09,-0.28,0.95
127557,0.09,-0.28,0.95
127567,0.10,-0.29,0.94
127576,0.10,-0.30,0.93
127586,0.10,-0.30,0.92
127596,0.11,-0.31,0.91
127605,0.11,-0.31,0.91
127615,0.12,-0.31,0.91
127625,0.12,-0.30,0.92
127634,0.11,-0.30,0.92
127644,0.10,-0.28,0.93
127653,0.10,-0.27,0.94
127663,0.11,-0.26,0.94
127673,0.11,-0.26,0.94
127682,0.12,-0.26,0.94
127692,0.13,-0.27,0.94
127701,0.14,-0.29,0.95
127711,0.14,-0.30,0.95
127721,0.14,-0.32,0.95
127730,0.14,-0.33,0.95
127740,0.14,-0.33,0.96
127750,0.15,-0.33,0.96
127759,0.14,-0.33,0.95
127769,0.14,-0.33,0.93
127778,0.14,-0.32,0.93
127788,0.14,-0.30,0.92
127798,0.15,-0.28,0.92
127807,0.15,-0.27,0.93
127817,0.16,-0.27,0.93
127826,0.16,-0.28,0.95
127836,0.15,-0.28,0.96
127846,0.14,-0.28,0.97
127855,0.14,-0.28,0.99
127865,0.13,-0.27,1.02
127875,0.13,-0.26,1.05
127884,0.13,-0.26,1.07
127894,0.11,-0.28,1.08
127903,0.09,-0.30,1.09
127913,0.08,-0.32,1.10
127923,0.07,-0.34,1.11
127932,0.07,-0.36,1.12
127942,0.07,-0.36,1.12
127951,0.08,-0.38,1.12
127961,0.08,-0.39,1.11
127971,0.07,-0.41,1.09
127980,0.06,-0.43,1.07
127990,0.05,-0.45,1.04
128000,0.03,-0.46,1.04
128009,0.03,-0.45,1.02
128019,0.04,-0.43,0.98
128028,0.05,-0.41,0.96
128038,0.06,-0.38,0.92
128048,0.10,-0.37,0.89
128057,0.10,-0.38,0.86
128067,0.13,-0.40,0.82
128076,0.15,-0.40,0.77
128086,0.17,-0.42,0.74
128096,0.17,-0.43,0.71
128105,0.18,-0.45,0.70
128115,0.18,-0.44,0.71
128125,0.16,-0.43,0.72
128134,0.12,-0.40,0.75
128144,0.06,-0.35,0.79
128153,0.01,-0.30,0.85
128163,-0.01,-0.23,0.92
128173,-0.03,-0.20,0.99
128182,-0.06,-0.19,1.01
128192,-0.03,-0.22,1.00
128201,0.02,-0.27,0.96
128211,0.02,-0.34,0.93
128221,0.04,-0.39,0.90
128230,0.05,-0.40,0.90
128240,0.04,-0.40,0.90
128250,0.02,-0.38,0.91
128259,0.02,-0.35,0.92
128269,0.04,-0.32,0.92
128278,0.05,-0.31,0.91
128288,0.07,-0.32,0.89
128298,0.08,-0.33,0.86
128307,0.08,-0.35,0.85
128317,0.10,-0.36,0.85
128326,0.11,-0.36,0.85
128336,0.13,-0.36,0.87
128346,0.12,-0.35,0.88
128355,0.10,-0.35,0.88
128365,0.07,-0.36,0.91
128375,0.04,-0.35,0.92
128384,0.01,-0.34,0.94
128394,0.01,-0.30,0.95
128403,0.02,-0.25,0.96
128413,0.03,-0.22,0.95
128423,0.04,-0.20,0.97
128432,0.05,-0.21,0.96
128442,0.05,-0.22,0.94
128451,0.06,-0.23,0.94
128461,0.06,-0.24,0.94
128471,0.05,-0.26,0.94
128480,0.05,-0.26,0.94
128490,0.06,-0.27,0.94
128500,0.07,-0.27,0.93
128509,0.10,-0.28,0.92
128519,0.12,-0.28,0.91
128528,0.13,-0.28,0.91
128538,0.14,-0.29,0.91
128548,0.14,-0.30,0.92
128557,0.14,-0.32,0.93
128567,0.15,-0.35,0.95
128576,0.14,-0.37,0.96
128586,0.11,-0.38,0.97
128596,0.09,-0.38,0.99
128605,0.08,-0.36,1.02
128615,0.08,-0.34,1.04
128625,0.10,-0.31,1.06
128634,0.11,-0.29,1.08
128644,0.11,-0.28,1.08
128653,0.11,-0.26,1.09
128663,0.09,-0.26,1.13
128673,0.08,-0.27,1.14
128682,0.05,-0.30,1.14
128692,0.03,-0.34,1.13
128701,0.02,-0.39,1.10
128711,0.02,-0.42,1.07
128721,0.04,-0.43,1.03
128730,0.07,-0.42,0.99
128740,0.11,-0.39,0.94
128750,0.15,-0.37,0.90
128759,0.18,-0.35,0.86
128769,0.19,-0.35,0.83
128778,0.20,-0.35,0.81
128788,0.20,-0.36,0.78
128798,0.21,-0.37,0.77
128807,0.22,-0.38,0.75
128817,0.23,-0.38,0.75
128826,0.25,-0.37,0.75
128836,0.27,-0.35,0.76
128846,0.28,-0.34,0.77
128855,0.27,-0.32,0.80
128865,0.26,-0.32,0.83
128875,0.25,-0.32,0.87
128884,0.21,-0.32,0.91
128894,0.18,-0.33,0.95
128903,0.13,-0.34,0.98
128913,0.09,-0.34,1.00
128923,0.04,-0.33,1.02
128932,0.02,-0.32,1.03
128942,0.02,-0.31,1.04
128951,0.03,-0.30,1.02
128961,0.06,-0.30,0.99
128971,0.08,-0.30,0.95
128980,0.10,-0.30,0.91
128990,0.14,-0.31,0.86
129000,0.16,-0.32,0.85
129009,0.18,-0.33,0.82
129019,0.20,-0.34,0.80
129028,0.22,-0.33,0.80
129038,0.24,-0.33,0.80
129048,0.24,-0.32,0.81
129057,0.24,-0.32,0.83
129067,0.23,-0.31,0.85
129076,0.21,-0.32,0.87
129086,0.20,-0.32,0.89
129096,0.18,-0.33,0.91
129105,0.16,-0.33,0.93
129115,0.15,-0.33,0.95
129125,0.13,-0.32,0.97
129134,0.12,-0.30,0.98
129144,0.11,-0.28,0.99
129153,0.11,-0.26,0.99
129163,0.11,-0.24,0.98
129173,0.13,-0.23,0.97
129182,0.14,-0.23,0.96
129192,0.14,-0.23,0.94
129201,0.14,-0.23,0.93
129211,0.16,-0.24,0.93
129221,0.17,-0.25,0.93
129230,0.17,-0.26,0.94
129240,0.17,-0.28,0.94
129250,0.17,-0.29,0.95
129259,0.19,-0.31,0.95
129269,0.20,-0.32,0.96
129278,0.19,-0.34,0.96
129288,0.18,-0.35,0.95
129298,0.16,-0.36,0.96
129307,0.16,-0.37,0.96
129317,0.15,-0.36,0.95
129326,0.15,-0.35,0.95
129336,0.16,-0.33,0.96
129346,0.16,-0.31,0.96
129355,0.16,-0.29,0.97
129365,0.15,-0.28,0.98
129375,0.14,-0.26,1.01
129384,0.14,-0.24,1.03
129394,0.13,-0.21,1.07
129403,0.12,-0.21,1.10
129413,0.11,-0.22,1.13
129423,0.10,-0.25,1.15
129432,0.09,-0.28,1.16
129442,0.08,-0.33,1.15
129451,0.07,-0.38,1.13
129461,0.06,-0.41,1.11
129471,0.06,-0.44,1.08
129480,0.08,-0.46,1.05
129490,0.10,-0.47,1.03
129500,0.12,-0.48,1.01
129509,0.13,-0.49,0.99
129519,0.12,-0.51,0.96
129528,0.10,-0.53,0.93
129538,0.08,-0.55,0.89
129548,0.07,-0.55,0.86
129557,0.06,-0.53,0.83
129567,0.05,-0.51,0.80
129576,0.04,-0.48,0.79
129586,0.02,-0.45,0.78
129596,0.02,-0.42,0.78
129605,0.02,-0.40,0.77
129615,0.01,-0.39,0.77
129625,-0.01,-0.37,0.77
129634,-0.02,-0.36,0.77
129644,-0.02,-0.34,0.77
129653,-0.02,-0.32,0.78
129663,-0.01,-0.31,0.80
129673,-0.01,-0.30,0.83
129682,-0.01,-0.30,0.86
129692,-0.03,-0.31,0.89
129701,-0.03,-0.32,0.92
129711,-0.02,-0.33,0.94
129721,-0.01,-0.34,0.95
129730,-0.00,-0.36,0.96
129740,0.01,-0.38,0.96
129750,0.02,-0.40,0.96
129759,0.02,-0.40,0.95
129769,0.03,-0.41,0.94
129778,0.04,-0.40,0.94
129788,0.05,-0.39,0.94
129798,0.06,-0.37,0.93
129807,0.06,-0.36,0.92
129817,0.06,-0.33,0.90
129826,0.07,-0.31,0.89
129836,0.08,-0.29,0.89
129846,0.09,-0.27,0.89
129855,0.08,-0.25,0.89
129865,0.08,-0.24,0.90
129875,0.08,-0.24,0.91
129884,0.08,-0.24,0.92
129894,0.07,-0.26,0.91
129903,0.06,-0.28,0.91
129913,0.06,-0.30,0.90
129923,0.07,-0.31,0.90
129932,0.07,-0.33,0.90
129942,0.07,-0.34,0.90
129951,0.07,-0.35,0.91
129961,0.05,-0.34,0.92
129971,0.05,-0.32,0.93
129980,0.05,-0.30,0.94
129990,0.06,-0.28,0.95
130000,0.07,-0.27,0.95
130009,0.08,-0.27,0.94
130019,0.09,-0.28,0.93
130028,0.09,-0.30,0.92
130038,0.10,-0.31,0.91
130048,0.10,-0.31,0.90
130057,0.11,-0.30,0.90
130067,0.12,-0.30,0.90
130076,0.14,-0.29,0.91
130086,0.16,-0.29,0.91
130096,0.17,-0.29,0.92
130105,0.18,-0.30,0.93
130115,0.19,-0.31,0.94
130125,0.18,-0.33,0.94
130134,0.15,-0.35,0.96
130144,0.13,-0.35,0.98
130153,0.12,-0.35,1.02
130163,0.11,-0.34,1.07
130173,0.09,-0.33,1.12
130182,0.05,-0.34,1.18
130192,0.01,-0.35,1.21
130201,-0.01,-0.37,1.22
130211,-0.00,-0.39,1.20
130221,0.02,-0.42,1.16
130230,0.04,-0.46,1.10
130240,0.08,-0.49,1.05
130250,0.12,-0.51,1.01
130259,0.14,-0.52,0.98
130269,0.15,-0.52,0.95
130278,0.16,-0.53,0.93
130288,0.16,-0.55,0.90
130298,0.14,-0.56,0.88
130307,0.12,-0.57,0.85
130317,0.11,-0.56,0.83
130326,0.10,-0.54,0.80
130336,0.11,-0.51,0.78
130346,0.14,-0.46,0.77
130355,0.16,-0.42,0.76
130365,0.18,-0.38,0.75
130375,0.19,-0.34,0.76
130384,0.21,-0.32,0.77
130394,0.21,-0.31,0.79
130403,0.20,-0.31,0.82
130413,0.18,-0.33,0.85
130423,0.16,-0.36,0.88
130432,0.15,-0.39,0.90
130442,0.12,-0.42,0.91
130451,0.09,-0.43,0.92
130461,0.09,-0.43,0.94
130471,0.09,-0.42,0.94
130480,0.09,-0.41,0.94
130490,0.10,-0.39,0.92
130500,0.10,-0.38,0.90
130509,0.12,-0.36,0.87
130519,0.13,-0.34,0.86
130528,0.14,-0.32,0.85
130538,0.15,-0.32,0.84
130548,0.17,-0.32,0.82
130557,0.17,-0.31,0.82
130567,0.19,-0.30,0.81
130576,0.21,-0.30,0.81
130586,0.22,-0.31,0.81
130596,0.24,-0.32,0.81
130605,0.24,-0.33,0.83
130615,0.23,-0.36,0.85
130625,0.21,-0.38,0.88
130634,0.19,-0.40,0.90
130644,0.17,-0.41,0.93
130653,0.14,-0.42,0.94
130663,0.13,-0.42,0.95
130673,0.12,-0.41,0.97
130682,0.12,-0.40,0.97
130692,0.11,-0.38,0.97
130701,0.11,-0.37,0.96
130711,0.12,-0.37,0.94
130721,0.13,-0.36,0.92
130730,0.14,-0.34,0.90
130740,0.14,-0.32,0.89
130750,0.14,-0.30,0.89
130759,0.14,-0.28,0.90
130769,0.14,-0.26,0.90
130778,0.13,-0.26,0.90
130788,0.13,-0.25,0.90
130798,0.14,-0.24,0.89
130807,0.14,-0.24,0.89
130817,0.14,-0.24,0.89
130826,0.14,-0.24,0.89
130836,0.15,-0.24,0.90
130846,0.16,-0.25,0.90
130855,0.17,-0.27,0.92
130865,0.17,-0.28,0.93
130875,0.17,-0.29,0.95
130884,0.17,-0.30,0.97
130894,0.17,-0.32,0.98
130903,0.16,-0.33,1.00
130913,0.15,-0.35,1.01
130923,0.14,-0.36,1.01
130932,0.13,-0.36,1.01
130942,0.12,-0.36,1.01
130951,0.13,-0.36,1.00
130961,0.13,-0.35,1.00
130971,0.13,-0.34,0.99
130980,0.13,-0.31,1.00
130990,0.14,-0.29,1.00
131000,0.15,-0.28,1.01
131009,0.14,-0.30,1.03
131019,0.13,-0.34,1.04
131028,0.10,-0.38,1.04
131038,0.09,-0.41,1.05
131048,0.07,-0.42,1.05
131057,0.07,-0.42,1.05
131067,0.08,-0.41,1.04
131076,0.09,-0.40,1.04
131086,0.10,-0.38,1.03
131096,0.10,-0.39,1.02
131105,0.10,-0.41,1.02
131115,0.09,-0.44,1.00
131125,0.07,-0.48,0.98
131134,0.05,-0.50,0.98
131144,0.03,-0.51,0.97
131153,0.01,-0.49,0.96
131163,0.02,-0.47,0.95
131173,0.03,-0.45,0.94
131182,0.03,-0.43,0.92
131192,0.04,-0.43,0.90
131201,0.04,-0.43,0.89
131211,0.00,-0.45,0.87
131221,-0.02,-0.45,0.84
131230,-0.02,-0.44,0.82
131240,-0.04,-0.43,0.79
131250,0.01,-0.39,0.74
131259,0.02,-0.35,0.76
131269,0.04,-0.30,0.75
131278,0.05,-0.26,0.77
131288,0.05,-0.22,0.78
131298,0.04,-0.20,0.79
131307,0.04,-0.19,0.83
131317,0.04,-0.20,0.87
131326,0.03,-0.22,0.91
131336,0.02,-0.26,0.94
131346,0.02,-0.31,0.96
131355,0.03,-0.37,0.96
131365,0.05,-0.41,0.95
131375,0.07,-0.43,0.93
131384,0.08,-0.44,0.90
131394,0.11,-0.43,0.88
131403,0.12,-0.41,0.87
131413,0.12,-0.38,0.87
131423,0.13,-0.36,0.87
131432,0.12,-0.34,0.88
131442,0.11,-0.32,0.89
131451,0.10,-0.31,0.89
131461,0.09,-0.31,0.89
131471,0.08,-0.30,0.90
131480,0.07,-0.30,0.90
131490,0.06,-0.30,0.91
131500,0.07,-0.31,0.92
131509,0.06,-0.32,0.93
131519,0.06,-0.34,0.92
131528,0.04,-0.37,0.92
131538,0.05,-0.38,0.91
131548,0.06,-0.39,0.91
131557,0.08,-0.38,0.93
131567,0.09,-0.36,0.95
131576,0.08,-0.37,0.97
131586,0.06,-0.37,0.97
131596,0.05,-0.38,0.97
131605,0.03,-0.38,0.97
131615,0.03,-0.36,0.96
131625,0.04,-0.33,0.95
131634,0.05,-0.31,0.93
131644,0.07,-0.30,0.92
131653,0.09,-0.29,0.91
131663,0.10,-0.29,0.92
131673,0.10,-0.30,0.93
131682,0.11,-0.31,0.94
131692,0.13,-0.32,0.95
131701,0.13,-0.34,0.96
131711,0.12,-0.36,0.98
131721,0.12,-0.39,0.99
131730,0.11,-0.42,1.00
131740,0.11,-0.42,1.01
131750,0.10,-0.41,1.02
131759,0.11,-0.37,1.03
131769,0.11,-0.33,1.05
131778,0.11,-0.29,1.07
131788,0.11,-0.27,1.08
131798,0.09,-0.27,1.08
131807,0.09,-0.29,1.07
131817,0.09,-0.33,1.04
131826,0.09,-0.36,1.01
131836,0.09,-0.37,1.00
131846,0.09,-0.39,0.98
131855,0.11,-0.40,0.96
131865,0.14,-0.40,0.94
131875,0.15,-0.41,0.93
131884,0.15,-0.43,0.92
131894,0.16,-0.45,0.91
131903,0.15,-0.47,0.91
131913,0.14,-0.48,0.91
131923,0.13,-0.49,0.91
131932,0.13,-0.49,0.90
131942,0.14,-0.48,0.89
131951,0.16,-0.46,0.87
131961,0.17,-0.43,0.87
131971,0.17,-0.40,0.86
131980,0.15,-0.38,0.85
131990,0.13,-0.36,0.86
132000,0.11,-0.35,0.87
132009,0.09,-0.34,0.88
132019,0.07,-0.33,0.90
132028,0.04,-0.30,0.91
132038,0.03,-0.28,0.92
132048,0.02,-0.25,0.92
132057,0.02,-0.24,0.92
132067,0.04,-0.22,0.90
132076,0.05,-0.22,0.88
132086,0.07,-0.23,0.85
132096,0.09,-0.23,0.83
132105,0.11,-0.23,0.82
132115,0.14,-0.25,0.81
132125,0.15,-0.27,0.81
132134,0.17,-0.30,0.81
132144,0.17,-0.32,0.82
132153,0.17,-0.34,0.83
132163,0.16,-0.35,0.84
132173,0.14,-0.35,0.88
132182,0.13,-0.35,0.92
132192,0.12,-0.35,0.94
132201,0.11,-0.37,0.95
132211,0.10,-0.37,0.95
132221,0.09,-0.37,0.96
132230,0.08,-0.36,0.96
132240,0.08,-0.35,0.96
132250,0.08,-0.33,0.97
132259,0.07,-0.32,0.98
132269,0.06,-0.30,0.99
132278,0.06,-0.29,0.99
132288,0.06,-0.29,0.98
132298,0.07,-0.31,0.97
132307,0.07,-0.32,0.96
132317,0.07,-0.33,0.95
132326,0.07,-0.34,0.95
132336,0.07,-0.35,0.95
132346,0.08,-0.37,0.94
132355,0.11,-0.38,0.94
132365,0.13,-0.39,0.94
132375,0.13,-0.40,0.94
132384,0.12,-0.41,0.92
132394,0.13,-0.42,0.91
132403,0.14,-0.43,0.90
132413,0.14,-0.43,0.90
132423,0.14,-0.42,0.89
132432,0.15,-0.41,0.87
132442,0.17,-0.41,0.86
132451,0.18,-0.40,0.85
132461,0.19,-0.36,0.86
132471,0.19,-0.33,0.88
132480,0.18,-0.31,0.91
132490,0.15,-0.31,0.94
132500,0.11,-0.33,0.95
132509,0.09,-0.33,0.97
132519,0.08,-0.32,0.99
132528,0.08,-0.30,1.01
132538,0.08,-0.29,1.04
132548,0.06,-0.30,1.06
132557,0.05,-0.31,1.05
132567,0.05,-0.34,1.09
132576,-0.01,-0.40,1.09
132586,-0.02,-0.46,1.06
132596,-0.02,-0.51,1.05
132605,-0.03,-0.54,1.03
132615,-0.07,-0.56,1.04
132625,-0.09,-0.54,1.01
132634,-0.09,-0.52,0.97
132644,-0.06,-0.50,0.91
132653,-0.02,-0.47,0.85
132663,0.03,-0.45,0.80
132673,0.06,-0.42,0.75
132682,0.08,-0.39,0.71
132692,0.10,-0.36,0.69
132701,0.11,-0.32,0.69
132711,0.13,-0.29,0.70
132721,0.13,-0.25,0.75
132730,0.10,-0.21,0.82
132740,0.07,-0.19,0.87
132750,0.03,-0.20,0.92
132759,-0.00,-0.22,0.95
132769,-0.01,-0.25,0.96
132778,-0.01,-0.27,0.97
132788,-0.01,-0.31,0.97
132798,-0.02,-0.33,0.95
132807,-0.01,-0.36,0.96
132817,-0.00,-0.38,0.97
132826,0.02,-0.38,0.97
132836,0.00,-0.40,1.01
132846,-0.02,-0.41,1.03
132855,-0.05,-0.42,1.04
132865,-0.07,-0.43,1.05
132875,-0.06,-0.43,1.04
132884,-0.06,-0.42,1.02
132894,-0.04,-0.41,1.00
132903,-0.01,-0.39,0.97
132913,0.02,-0.37,0.94
132923,0.04,-0.36,0.91
132932,0.05,-0.36,0.89
132942,0.06,-0.36,0.88
132951,0.06,-0.35,0.88
132961,0.06,-0.35,0.88
132971,0.05,-0.35,0.89
132980,0.05,-0.35,0.89
132990,0.05,-0.35,0.90
133000,0.05,-0.35,0.91
133009,0.04,-0.34,0.92
133019,0.04,-0.34,0.93
133028,0.03,-0.34,0.93
133038,0.02,-0.34,0.94
133048,0.01,-0.33,0.94
133057,0.01,-0.33,0.95
133067,0.00,-0.33,0.96
133076,0.00,-0.33,0.96
133086,0.00,-0.33,0.96
133096,0.00,-0.32,0.97
133105,0.00,-0.33,0.97
133115,0.01,-0.33,0.96
133125,0.01,-0.35,0.96
133134,0.01,-0.36,0.95
133144,0.01,-0.38,0.95
133153,0.01,-0.40,0.94
133163,0.01,-0.41,0.94
133173,0.02,-0.43,0.94
133182,0.01,-0.42,0.94
133192,0.03,-0.41,0.93
133201,0.05,-0.39,0.92
133211,0.07,-0.37,0.91
133221,0.10,-0.35,0.90
133230,0.12,-0.34,0.90
133240,0.13,-0.33,0.90
133250,0.12,-0.32,0.91
133259,0.12,-0.31,0.92
133269,0.11,-0.30,0.93
133278,0.13,-0.29,0.94
133288,0.13,-0.29,0.94
133298,0.14,-0.30,0.94
133307,0.14,-0.33,0.94
133317,0.14,-0.35,0.93
133326,0.13,-0.37,0.93
133336,0.12,-0.38,0.93
133346,0.12,-0.38,0.93
133355,0.12,-0.37,0.93
133365,0.14,-0.37,0.92
133375,0.14,-0.38,0.91
133384,0.14,-0.38,0.90
133394,0.13,-0.39,0.90
133403,0.13,-0.39,0.89
133413,0.13,-0.38,0.89
133423,0.12,-0.37,0.89
133432,0.13,-0.35,0.89
133442,0.13,-0.34,0.90
133451,0.13,-0.34,0.90
133461,0.13,-0.34,0.89
133471,0.12,-0.35,0.89
133480,0.12,-0.35,0.89
133490,0.12,-0.35,0.89
133500,0.13,-0.35,0.90
133509,0.14,-0.34,0.91
133519,0.14,-0.35,0.91
133528,0.15,-0.35,0.91
133538,0.15,-0.36,0.91
133548,0.15,-0.37,0.91
133557,0.15,-0.37,0.91
133567,0.14,-0.37,0.92
133576,0.15,-0.37,0.92
133586,0.15,-0.37,0.92
133596,0.16,-0.38,0.91
133605,0.17,-0.39,0.90
133615,0.18,-0.40,0.89
133625,0.18,-0.40,0.87
133634,0.19,-0.40,0.86
133644,0.21,-0.40,0.85
133653,0.22,-0.39,0.86
133663,0.23,-0.38,0.87
133673,0.22,-0.38,0.89
133682,0.22,-0.38,0.91
133692,0.21,-0.38,0.93
133701,0.21,-0.39,0.94
133711,0.21,-0.38,0.96
133721,0.21,-0.38,0.96
133730,0.20,-0.37,0.97
133740,0.20,-0.37,0.97
133750,0.19,-0.37,0.97
133759,0.19,-0.36,0.97
133769,0.18,-0.35,0.98
133778,0.18,-0.35,0.97
133788,0.19,-0.34,0.96
133798,0.20,-0.34,0.94
133807,0.23,-0.35,0.92
133817,0.23,-0.37,0.91
133826,0.23,-0.39,0.88
133836,0.23,-0.40,0.86
133846,0.24,-0.40,0.85
133855,0.24,-0.40,0.85
133865,0.25,-0.41,0.84
133875,0.24,-0.41,0.84
133884,0.23,-0.40,0.84
133894,0.23,-0.40,0.84
133903,0.22,-0.39,0.84
133913,0.22,-0.37,0.86
133923,0.22,-0.36,0.88
133932,0.21,-0.36,0.89
133942,0.20,-0.37,0.90
133951,0.18,-0.37,0.91
133961,0.18,-0.35,0.92
133971,0.17,-0.35,0.93
133980,0.17,-0.34,0.94
133990,0.18,-0.34,0.93
134000,0.17,-0.35,0.93
134009,0.17,-0.36,0.92
134019,0.17,-0.35,0.92
134028,0.17,-0.35,0.92
134038,0.17,-0.34,0.92
134048,0.18,-0.34,0.91
134057,0.19,-0.34,0.91
134067,0.20,-0.36,0.90
134076,0.20,-0.38,0.89
134086,0.20,-0.40,0.89
134096,0.19,-0.42,0.89
134105,0.19,-0.42,0.89
134115,0.18,-0.42,0.89
134125,0.18,-0.40,0.90
134134,0.18,-0.38,0.91
134144,0.18,-0.36,0.92
134153,0.18,-0.35,0.92
134163,0.17,-0.35,0.93
134173,0.17,-0.35,0.94
134182,0.16,-0.35,0.95
134192,0.16,-0.36,0.95
134201,0.16,-0.36,0.95
134211,0.16,-0.36,0.94
134221,0.16,-0.36,0.94
134230,0.17,-0.35,0.93
134240,0.18,-0.36,0.93
134250,0.18,-0.36,0.93
134259,0.18,-0.37,0.92
134269,0.17,-0.37,0.92
134278,0.18,-0.36,0.92
134288,0.18,-0.35,0.92
134298,0.19,-0.35,0.92
134307,0.19,-0.35,0.93
134317,0.19,-0.35,0.93
134326,0.18,-0.35,0.94
134336,0.18,-0.36,0.95
134346,0.18,-0.36,0.95
134355,0.19,-0.36,0.96
134365,0.19,-0.37,0.96
134375,0.19,-0.37,0.96
134384,0.19,-0.37,0.96
134394,0.18,-0.38,0.97
134403,0.18,-0.39,0.98
134413,0.17,-0.40,0.99
134423,0.16,-0.41,0.99
134432,0.16,-0.43,0.98
134442,0.15,-0.44,0.97
134451,0.15,-0.43,0.95
134461,0.16,-0.42,0.93
134471,0.16,-0.40,0.91
134480,0.17,-0.38,0.89
134490,0.17,-0.36,0.88
134500,0.17,-0.35,0.88
134509,0.16,-0.34,0.87
134519,0.16,-0.34,0.87
134528,0.16,-0.33,0.88
134538,0.15,-0.33,0.89
134548,0.15,-0.33,0.90
134557,0.14,-0.33,0.91
134567,0.13,-0.34,0.92
134576,0.12,-0.35,0.94
134586,0.11,-0.37,0.95
134596,0.10,-0.38,0.95
134605,0.09,-0.38,0.95
134615,0.09,-0.38,0.95
134625,0.09,-0.38,0.94
134634,0.09,-0.38,0.93
134644,0.09,-0.38,0.91
134653,0.09,-0.37,0.90
134663,0.10,-0.36,0.89
134673,0.10,-0.35,0.87
134682,0.10,-0.34,0.87
134692,0.10,-0.32,0.87
134701,0.10,-0.30,0.88
134711,0.10,-0.30,0.88
134721,0.10,-0.30,0.89
134730,0.10,-0.30,0.89
134740,0.09,-0.31,0.90
134750,0.09,-0.32,0.91
134759,0.09,-0.33,0.91
134769,0.08,-0.34,0.92
134778,0.08,-0.35,0.92
134788,0.07,-0.35,0.92
134798,0.07,-0.33,0.92
134807,0.07,-0.31,0.93
134817,0.08,-0.30,0.93
134826,0.08,-0.29,0.94
134836,0.07,-0.29,0.94
134846,0.08,-0.29,0.94
134855,0.08,-0.30,0.93
134865,0.08,-0.31,0.93
134875,0.08,-0.32,0.93
134884,0.08,-0.34,0.93
134894,0.08,-0.35,0.92
134903,0.08,-0.36,0.92
134913,0.09,-0.36,0.92
134923,0.08,-0.37,0.92
134932,0.08,-0.37,0.92
134942,0.08,-0.36,0.92
134951,0.08,-0.36,0.91
134961,0.08,-0.35,0.91
134971,0.09,-0.34,0.91
134980,0.09,-0.33,0.91
134990,0.09,-0.33,0.92
135000,0.08,-0.32,0.92
135009,0.08,-0.32,0.92
135019,0.08,-0.33,0.93
135028,0.08,-0.33,0.93
135038,0.07,-0.33,0.94
135048,0.07,-0.33,0.94
135057,0.08,-0.34,0.94
135067,0.08,-0.35,0.93
135076,0.09,-0.36,0.93
135086,0.09,-0.37,0.92
135096,0.09,-0.38,0.91
135105,0.10,-0.39,0.91
135115,0.10,-0.39,0.91
135125,0.10,-0.39,0.91
135134,0.11,-0.38,0.91
135144,0.11,-0.38,0.91
135153,0.10,-0.38,0.92
135163,0.10,-0.38,0.92
135173,0.09,-0.38,0.92
135182,0.09,-0.38,0.92
135192,0.08,-0.39,0.92
135201,0.07,-0.38,0.92
135211,0.07,-0.37,0.93
135221,0.08,-0.36,0.93
135230,0.08,-0.36,0.92
135240,0.07,-0.36,0.92
135250,0.07,-0.36,0.92
135259,0.07,-0.36,0.91
135269,0.06,-0.36,0.91
135278,0.06,-0.36,0.91
135288,0.05,-0.36,0.91
135298,0.05,-0.36,0.91
135307,0.05,-0.36,0.92
135317,0.05,-0.35,0.93
135326,0.04,-0.35,0.94
135336,0.04,-0.35,0.95
135346,0.04,-0.36,0.95
135355,0.03,-0.36,0.96
135365,0.02,-0.37,0.97
135375,0.01,-0.38,0.97
135384,0.01,-0.39,0.98
135394,0.00,-0.39,0.98
135403,-0.00,-0.39,0.98
135413,0.00,-0.38,0.98
135423,0.00,-0.38,0.98
135432,0.00,-0.37,0.97
135442,0.01,-0.36,0.97
135451,0.01,-0.36,0.96
135461,0.02,-0.35,0.96
135471,0.03,-0.36,0.95
135480,0.03,-0.37,0.94
135490,0.03,-0.37,0.93
135500,0.04,-0.38,0.93
135509,0.04,-0.37,0.92
135519,0.04,-0.37,0.93
135528,0.04,-0.37,0.94
135538,0.03,-0.36,0.94
135548,0.03,-0.35,0.95
135557,0.02,-0.34,0.96
135567,0.02,-0.34,0.96
135576,0.02,-0.33,0.96
135586,0.03,-0.34,0.95
135596,0.04,-0.34,0.95
135605,0.04,-0.35,0.95
135615,0.04,-0.36,0.95
135625,0.04,-0.37,0.95
135634,0.04,-0.38,0.94
135644,0.05,-0.38,0.94
135653,0.05,-0.38,0.94
135663,0.05,-0.37,0.93
135673,0.06,-0.37,0.92
135682,0.06,-0.36,0.92
135692,0.06,-0.36,0.92
135701,0.06,-0.36,0.92
135711,0.06,-0.37,0.91
135721,0.05,-0.37,0.91
135730,0.05,-0.37,0.91
135740,0.05,-0.37,0.91
135750,0.04,-0.36,0.92
135759,0.04,-0.36,0.92
135769,0.03,-0.35,0.91
135778,0.03,-0.34,0.92
135788,0.03,-0.33,0.92
135798,0.03,-0.32,0.92
135807,0.03,-0.32,0.93
135817,0.03,-0.32,0.93
135826,0.03,-0.33,0.93
135836,0.03,-0.33,0.93
135846,0.03,-0.34,0.94
135855,0.03,-0.34,0.94
135865,0.03,-0.35,0.94
135875,0.04,-0.35,0.94
135884,0.03,-0.35,0.94
135894,0.04,-0.36,0.94
135903,0.04,-0.35,0.94
135913,0.04,-0.35,0.94
135923,0.04,-0.34,0.95
135932,0.04,-0.33,0.95
135942,0.04,-0.33,0.95
135951,0.05,-0.33,0.94
135961,0.05,-0.34,0.93
135971,0.06,-0.35,0.93
135980,0.06,-0.36,0.93
135990,0.05,-0.36,0.93
136000,0.05,-0.35,0.93
136009,0.05,-0.34,0.93
136019,0.05,-0.34,0.93
136028,0.05,-0.33,0.93
136038,0.05,-0.33,0.93
136048,0.04,-0.32,0.94
136057,0.04,-0.32,0.94
136067,0.04,-0.33,0.95
136076,0.03,-0.34,0.95
136086,0.04,-0.35,0.94
136096,0.04,-0.35,0.95
136105,0.03,-0.36,0.95
136115,0.03,-0.36,0.95
136125,0.03,-0.36,0.95
136134,0.04,-0.35,0.94
136144,0.05,-0.35,0.93
136153,0.06,-0.34,0.93
136163,0.05,-0.33,0.92
136173,0.05,-0.33,0.93
136182,0.06,-0.33,0.93
136192,0.06,-0.34,0.93
136201,0.06,-0.35,0.93
136211,0.07,-0.37,0.93
136221,0.07,-0.38,0.92
136230,0.08,-0.39,0.92
136240,0.07,-0.38,0.91
136250,0.07,-0.37,0.92
136259,0.05,-0.36,0.92
136269,0.04,-0.34,0.93
136278,0.03,-0.33,0.94
136288,0.03,-0.31,0.94
136298,0.04,-0.31,0.93
136307,0.05,-0.33,0.92
136317,0.06,-0.34,0.91
136326,0.07,-0.36,0.91
136336,0.07,-0.37,0.92
136346,0.07,-0.37,0.94
136355,0.07,-0.38,0.95
136365,0.07,-0.39,0.96
136375,0.06,-0.40,0.96
136384,0.06,-0.41,0.95
136394,0.07,-0.41,0.95
136403,0.07,-0.40,0.93
136413,0.06,-0.37,0.92
136423,0.08,-0.36,0.91
136432,0.08,-0.35,0.91
136442,0.07,-0.33,0.91
136451,0.06,-0.33,0.92
136461,0.05,-0.33,0.93
136471,0.05,-0.33,0.93
136480,0.05,-0.33,0.93
136490,0.05,-0.33,0.92
136500,0.06,-0.34,0.92
136509,0.07,-0.35,0.91
136519,0.08,-0.36,0.91
136528,0.09,-0.37,0.91
136538,0.09,-0.37,0.91
136548,0.10,-0.37,0.91
136557,0.10,-0.37,0.91
136567,0.11,-0.37,0.91
136576,0.12,-0.37,0.90
136586,0.11,-0.36,0.91
136596,0.11,-0.34,0.92
136605,0.10,-0.32,0.92
136615,0.10,-0.31,0.93
136625,0.11,-0.32,0.92
136634,0.11,-0.34,0.91
136644,0.10,-0.35,0.92
136653,0.10,-0.36,0.92
136663,0.10,-0.35,0.93
136673,0.10,-0.35,0.94
136682,0.11,-0.36,0.93
136692,0.11,-0.35,0.92
136701,0.12,-0.35,0.92
136711,0.11,-0.34,0.91
136721,0.11,-0.34,0.91
136730,0.12,-0.34,0.92
136740,0.13,-0.33,0.92
136750,0.11,-0.33,0.93
136759,0.11,-0.33,0.94
136769,0.11,-0.33,0.94
136778,0.11,-0.34,0.94
136788,0.11,-0.35,0.94
136798,0.11,-0.36,0.94
136807,0.11,-0.36,0.95
136817,0.12,-0.36,0.94
136826,0.12,-0.36,0.94
136836,0.12,-0.36,0.93
136846,0.12,-0.35,0.93
136855,0.12,-0.35,0.92
136865,0.12,-0.34,0.92
136875,0.12,-0.33,0.92
136884,0.12,-0.32,0.91
136894,0.11,-0.32,0.91
136903,0.12,-0.32,0.90
136913,0.12,-0.32,0.91
136923,0.12,-0.33,0.91
136932,0.11,-0.34,0.92
136942,0.10,-0.34,0.93
136951,0.10,-0.34,0.94
136961,0.10,-0.34,0.93
136971,0.10,-0.34,0.93
136980,0.11,-0.33,0.92
136990,0.11,-0.33,0.92
137000,0.11,-0.32,0.92
137009,0.11,-0.33,0.92
137019,0.11,-0.33,0.92
137028,0.11,-0.33,0.93
137038,0.11,-0.34,0.94
137048,0.11,-0.34,0.94
137057,0.10,-0.33,0.94
137067,0.11,-0.33,0.93
137076,0.12,-0.34,0.92
137086,0.12,-0.35,0.92
137096,0.12,-0.35,0.92
137105,0.11,-0.35,0.93
137115,0.10,-0.34,0.93
137125,0.10,-0.32,0.94
137134,0.10,-0.32,0.94
137144,0.10,-0.32,0.94
137153,0.10,-0.33,0.94
137163,0.10,-0.34,0.94
137173,0.10,-0.35,0.94
137182,0.11,-0.36,0.94
137192,0.11,-0.36,0.93
137201,0.11,-0.35,0.92
137211,0.12,-0.34,0.92
137221,0.12,-0.33,0.91
137230,0.12,-0.32,0.92
137240,0.11,-0.31,0.93
137250,0.10,-0.30,0.94
137259,0.10,-0.29,0.95
137269,0.10,-0.30,0.95
137278,0.11,-0.31,0.94
137288,0.11,-0.32,0.93
137298,0.12,-0.33,0.93
137307,0.13,-0.34,0.92
137317,0.13,-0.34,0.92
137326,0.13,-0.35,0.92
137336,0.13,-0.36,0.92
137346,0.13,-0.36,0.93
137355,0.12,-0.36,0.94
137365,0.11,-0.35,0.95
137375,0.11,-0.35,0.95
137384,0.12,-0.35,0.95
137394,0.12,-0.35,0.94
137403,0.12,-0.35,0.94
137413,0.12,-0.35,0.93
137423,0.12,-0.34,0.93
137432,0.12,-0.33,0.92
137442,0.13,-0.32,0.93
137451,0.13,-0.32,0.93
137461,0.13,-0.33,0.93
137471,0.13,-0.34,0.93
137480,0.12,-0.34,0.93
137490,0.12,-0.35,0.93
137500,0.12,-0.35,0.93
137509,0.12,-0.35,0.92
137519,0.11,-0.34,0.93
137528,0.11,-0.33,0.93
137538,0.12,-0.32,0.94
137548,0.11,-0.32,0.95
137557,0.12,-0.33,0.95
137567,0.12,-0.33,0.94
137576,0.11,-0.34,0.94
137586,0.11,-0.34,0.93
137596,0.11,-0.33,0.93
137605,0.11,-0.32,0.93
137615,0.11,-0.32,0.94
137625,0.11,-0.31,0.94
137634,0.11,-0.31,0.94
137644,0.11,-0.31,0.94
137653,0.12,-0.32,0.94
137663,0.12,-0.33,0.93
137673,0.13,-0.34,0.92
137682,0.13,-0.35,0.92
137692,0.13,-0.35,0.92
137701,0.12,-0.34,0.92
137711,0.12,-0.33,0.93
137721,0.12,-0.32,0.93
137730,0.12,-0.31,0.94
137740,0.12,-0.30,0.95
137750,0.12,-0.31,0.96
137759,0.12,-0.31,0.96
137769,0.12,-0.33,0.96
137778,0.12,-0.35,0.95
137788,0.13,-0.36,0.94
137798,0.13,-0.36,0.94
137807,0.12,-0.36,0.93
137817,0.12,-0.36,0.93
137826,0.12,-0.34,0.93
137836,0.12,-0.32,0.94
137846,0.12,-0.30,0.94
137855,0.12,-0.29,0.94
137865,0.12,-0.29,0.94
137875,0.12,-0.30,0.94
137884,0.12,-0.31,0.94
137894,0.12,-0.31,0.94
137903,0.12,-0.32,0.95
137913,0.12,-0.32,0.95
137923,0.12,-0.33,0.94
137932,0.12,-0.34,0.94
137942,0.12,-0.34,0.94
137951,0.11,-0.34,0.95
137961,0.11,-0.32,0.95
137971,0.11,-0.31,0.95
137980,0.12,-0.30,0.95
137990,0.12,-0.31,0.95
138000,0.12,-0.31,0.94
138009,0.12,-0.32,0.94
138019,0.12,-0.32,0.94
138028,0.11,-0.33,0.94
138038,0.11,-0.33,0.93
138048,0.11,-0.32,0.93
138057,0.12,-0.32,0.92
138067,0.12,-0.30,0.92
138076,0.12,-0.29,0.92
138086,0.12,-0.29,0.92
138096,0.12,-0.28,0.93
138105,0.12,-0.29,0.94
138115,0.12,-0.30,0.94
138125,0.12,-0.31,0.94
138134,0.12,-0.33,0.94
138144,0.12,-0.34,0.94
138153,0.12,-0.34,0.94
138163,0.12,-0.34,0.94
138173,0.12,-0.33,0.95
138182,0.12,-0.32,0.96
138192,0.11,-0.31,0.96
138201,0.11,-0.31,0.96
138211,0.11,-0.31,0.95
138221,0.11,-0.31,0.95
138230,0.11,-0.31,0.94
138240,0.11,-0.31,0.94
138250,0.11,-0.31,0.94
138259,0.11,-0.31,0.94
138269,0.11,-0.31,0.95
138278,0.11,-0.31,0.96
138288,0.11,-0.32,0.96
138298,0.11,-0.32,0.95
138307,0.11,-0.33,0.94
138317,0.11,-0.33,0.93
138326,0.12,-0.32,0.93
138336,0.11,-0.31,0.94
138346,0.11,-0.30,0.94
138355,0.10,-0.29,0.95
138365,0.10,-0.29,0.95
138375,0.11,-0.29,0.95
138384,0.11,-0.30,0.95
138394,0.11,-0.31,0.95
138403,0.11,-0.31,0.95
138413,0.11,-0.31,0.94
138423,0.11,-0.32,0.94
138432,0.11,-0.32,0.94
138442,0.11,-0.32,0.94
138451,0.11,-0.31,0.94
138461,0.11,-0.30,0.94
138471,0.11,-0.29,0.95
138480,0.11,-0.28,0.95
138490,0.10,-0.28,0.95
138500,0.11,-0.28,0.95
138509,0.11,-0.28,0.95
138519,0.11,-0.29,0.95
138528,0.11,-0.30,0.95
138538,0.11,-0.31,0.95
138548,0.11,-0.32,0.96
138557,0.10,-0.32,0.96
138567,0.10,-0.31,0.96
138576,0.11,-0.31,0.96
138586,0.11,-0.31,0.96
138596,0.11,-0.32,0.95
138605,0.11,-0.32,0.95
138615,0.12,-0.31,0.94
138625,0.12,-0.30,0.93
138634,0.12,-0.29,0.93
138644,0.12,-0.29,0.92
138653,0.12,-0.28,0.92
138663,0.12,-0.28,0.93
138673,0.12,-0.28,0.93
138682,0.11,-0.28,0.94
138692,0.10,-0.29,0.95
138701,0.10,-0.29,0.95
138711,0.10,-0.30,0.95
138721,0.11,-0.30,0.94
138730,0.11,-0.30,0.94
138740,0.11,-0.31,0.94
138750,0.11,-0.31,0.94
138759,0.11,-0.31,0.94
138769,0.11,-0.31,0.95
138778,0.11,-0.30,0.95
138788,0.11,-0.30,0.95
138798,0.11,-0.29,0.95
138807,0.11,-0.29,0.95
138817,0.11,-0.29,0.95
138826,0.11,-0.29,0.95
138836,0.11,-0.30,0.95
138846,0.11,-0.31,0.95
138855,0.11,-0.31,0.95
138865,0.11,-0.31,0.95
138875,0.11,-0.30,0.95
138884,0.11,-0.30,0.94
138894,0.11,-0.29,0.94
138903,0.11,-0.29,0.94
138913,0.12,-0.29,0.95
138923,0.11,-0.29,0.95
138932,0.11,-0.31,0.95
138942,0.11,-0.31,0.95
138951,0.11,-0.31,0.95
138961,0.11,-0.31,0.95
138971,0.11,-0.30,0.95
138980,0.11,-0.29,0.95
138990,0.11,-0.28,0.95
139000,0.11,-0.28,0.95
139009,0.11,-0.29,0.95
139019,0.11,-0.30,0.96
139028,0.11,-0.31,0.95
139038,0.11,-0.31,0.95
139048,0.10,-0.32,0.95
139057,0.10,-0.33,0.94
139067,0.10,-0.32,0.94
139076,0.10,-0.31,0.94
139086,0.10,-0.30,0.94
139096,0.11,-0.29,0.94
139105,0.11,-0.28,0.94
139115,0.10,-0.27,0.95
139125,0.10,-0.27,0.95
139134,0.10,-0.27,0.95
139144,0.10,-0.28,0.95
139153,0.10,-0.29,0.95
139163,0.10,-0.30,0.95
139173,0.11,-0.31,0.96
139182,0.10,-0.31,0.96
139192,0.10,-0.31,0.97
139201,0.10,-0.31,0.97
139211,0.10,-0.31,0.98
139221,0.10,-0.31,0.98
139230,0.10,-0.31,0.97
139240,0.10,-0.31,0.96
139250,0.10,-0.30,0.95
139259,0.11,-0.30,0.94
139269,0.12,-0.30,0.94
139278,0.12,-0.30,0.93
139288,0.11,-0.30,0.92
139298,0.11,-0.29,0.92
139307,0.12,-0.29,0.92
139317,0.11,-0.29,0.94
139326,0.10,-0.28,0.94
139336,0.10,-0.28,0.95
139346,0.11,-0.28,0.95
139355,0.11,-0.29,0.94
139365,0.11,-0.29,0.94
139375,0.11,-0.29,0.94
139384,0.11,-0.29,0.95
139394,0.11,-0.29,0.95
139403,0.11,-0.28,0.95
139413,0.11,-0.28,0.95
139423,0.11,-0.29,0.96
139432,0.11,-0.29,0.96
139442,0.11,-0.30,0.96
139451,0.10,-0.31,0.97
139461,0.11,-0.31,0.97
139471,0.11,-0.31,0.96
139480,0.11,-0.31,0.95
139490,0.11,-0.31,0.95
139500,0.12,-0.30,0.94
139509,0.12,-0.30,0.94
139519,0.12,-0.30,0.94
139528,0.12,-0.29,0.93
139538,0.12,-0.28,0.93
139548,0.12,-0.28,0.93
139557,0.12,-0.28,0.93
139567,0.12,-0.27,0.94
139576,0.12,-0.28,0.94
139586,0.11,-0.29,0.95
139596,0.11,-0.30,0.95
139605,0.10,-0.31,0.95
139615,0.10,-0.30,0.95
139625,0.10,-0.30,0.96
139634,0.10,-0.29,0.97
139644,0.10,-0.29,0.98
139653,0.09,-0.29,0.98
139663,0.09,-0.30,0.97
139673,0.10,-0.31,0.97
139682,0.10,-0.31,0.96
139692,0.11,-0.31,0.95
139701,0.11,-0.31,0.94
139711,0.11,-0.30,0.93
139721,0.11,-0.30,0.93
139730,0.11,-0.29,0.93
139740,0.11,-0.29,0.93
139750,0.10,-0.28,0.94
139759,0.10,-0.27,0.94
139769,0.10,-0.28,0.95
139778,0.10,-0.28,0.95
139788,0.10,-0.28,0.95
139798,0.11,-0.29,0.95
139807,0.11,-0.30,0.95
139817,0.10,-0.31,0.95
139826,0.10,-0.31,0.95
139836,0.11,-0.31,0.96
139846,0.11,-0.31,0.96
139855,0.10,-0.30,0.96
139865,0.10,-0.30,0.96
139875,0.10,-0.30,0.96
139884,0.11,-0.30,0.95
139894,0.11,-0.30,0.95
139903,0.11,-0.30,0.95
139913,0.10,-0.29,0.95
139923,0.10,-0.30,0.95
139932,0.10,-0.30,0.95
139942,0.10,-0.30,0.95
139951,0.10,-0.30,0.94
139961,0.10,-0.30,0.94
139971,0.10,-0.29,0.94
139980,0.11,-0.29,0.94
139990,0.11,-0.29,0.93
140000,0.11,-0.29,0.93
140009,0.11,-0.29,0.94
140019,0.11,-0.29,0.94
140028,0.11,-0.30,0.94
140038,0.11,-0.30,0.94
140048,0.11,-0.30,0.94
140057,0.11,-0.30,0.94
140067,0.11,-0.30,0.94
140076,0.11,-0.30,0.95
140086,0.10,-0.30,0.95
140096,0.10,-0.30,0.96
140105,0.10,-0.30,0.95
140115,0.10,-0.30,0.95
140125,0.11,-0.30,0.95
140134,0.11,-0.30,0.95
140144,0.11,-0.30,0.95
140153,0.11,-0.30,0.95
140163,0.11,-0.30,0.95
140173,0.11,-0.30,0.95
140182,0.10,-0.30,0.95
140192,0.10,-0.30,0.95
140201,0.10,-0.30,0.95
140211,0.10,-0.30,0.94
140221,0.11,-0.29,0.94
140230,0.11,-0.29,0.94
140240,0.11,-0.30,0.94
140250,0.10,-0.31,0.94
140259,0.10,-0.31,0.94
140269,0.10,-0.31,0.95
140278,0.10,-0.30,0.95
140288,0.10,-0.30,0.95
140298,0.10,-0.29,0.95
140307,0.09,-0.28,0.96
140317,0.09,-0.29,0.96
140326,0.10,-0.29,0.95
140336,0.11,-0.31,0.95
140346,0.10,-0.32,0.94
140355,0.10,-0.32,0.93
140365,0.11,-0.31,0.93
140375,0.11,-0.31,0.93
140384,0.11,-0.31,0.94
140394,0.10,-0.30,0.94
140403,0.10,-0.29,0.95
140413,0.10,-0.29,0.95
140423,0.10,-0.29,0.95
140432,0.11,-0.29,0.94
140442,0.12,-0.29,0.94
140451,0.12,-0.30,0.94
140461,0.11,-0.31,0.94
140471,0.11,-0.32,0.95
140480,0.10,-0.32,0.96
140490,0.10,-0.32,0.96
140500,0.10,-0.31,0.96
140509,0.10,-0.30,0.96
140519,0.10,-0.30,0.96
140528,0.10,-0.30,0.96
140538,0.10,-0.30,0.96
140548,0.11,-0.30,0.95
140557,0.11,-0.31,0.94
140567,0.11,-0.31,0.94
140576,0.11,-0.31,0.94
140586,0.10,-0.31,0.95
140596,0.10,-0.31,0.95
140605,0.10,-0.30,0.95
140615,0.10,-0.30,0.95
140625,0.10,-0.30,0.94
140634,0.10,-0.30,0.94
140644,0.10,-0.29,0.94
140653,0.10,-0.29,0.94
140663,0.10,-0.29,0.94
140673,0.10,-0.29,0.95
140682,0.10,-0.30,0.95
140692,0.10,-0.30,0.95
140701,0.09,-0.30,0.95
140711,0.10,-0.30,0.95
140721,0.10,-0.31,0.95
140730,0.10,-0.31,0.95
140740,0.10,-0.31,0.95
140750,0.10,-0.31,0.95
140759,0.10,-0.31,0.95
140769,0.10,-0.31,0.95
140778,0.10,-0.31,0.95
140788,0.10,-0.30,0.95
140798,0.09,-0.30,0.95
140807,0.10,-0.29,0.95
140817,0.10,-0.30,0.95
140826,0.10,-0.30,0.95
140836,0.10,-0.31,0.95
140846,0.10,-0.31,0.95
140855,0.10,-0.32,0.95
140865,0.10,-0.32,0.95
140875,0.10,-0.31,0.95
140884,0.10,-0.31,0.95
140894,0.10,-0.31,0.95
140903,0.09,-0.31,0.95
140913,0.09,-0.31,0.95
140923,0.09,-0.31,0.95
140932,0.09,-0.30,0.95
140942,0.09,-0.29,0.95
140951,0.09,-0.29,0.95
140961,0.09,-0.29,0.94
140971,0.10,-0.29,0.94
140980,0.11,-0.30,0.93
140990,0.11,-0.31,0.93
141000,0.11,-0.32,0.93
141009,0.11,-0.32,0.94
141019,0.10,-0.32,0.94
141028,0.10,-0.32,0.95
141038,0.09,-0.31,0.95
141048,0.09,-0.31,0.96
141057,0.09,-0.30,0.96
141067,0.09,-0.30,0.96
141076,0.09,-0.30,0.95
141086,0.10,-0.30,0.95
141096,0.10,-0.30,0.94
141105,0.10,-0.30,0.94
141115,0.10,-0.30,0.94
141125,0.10,-0.31,0.95
141134,0.10,-0.32,0.95
141144,0.10,-0.32,0.95
141153,0.09,-0.32,0.95
141163,0.09,-0.31,0.95
141173,0.10,-0.31,0.95
141182,0.09,-0.30,0.95
141192,0.09,-0.30,0.95
141201,0.09,-0.29,0.95
141211,0.09,-0.30,0.95
141221,0.09,-0.30,0.95
141230,0.09,-0.31,0.95
141240,0.09,-0.31,0.94
141250,0.09,-0.31,0.94
141259,0.09,-0.31,0.94
141269,0.10,-0.30,0.94
141278,0.10,-0.30,0.94
141288,0.10,-0.29,0.94
141298,0.10,-0.29,0.94
141307,0.10,-0.30,0.94
141317,0.10,-0.30,0.94
141326,0.09,-0.31,0.95
141336,0.09,-0.31,0.95
141346,0.09,-0.31,0.94
141355,0.10,-0.31,0.94
141365,0.10,-0.31,0.94
141375,0.10,-0.31,0.94
141384,0.10,-0.31,0.94
141394,0.09,-0.31,0.94
141403,0.10,-0.31,0.94
141413,0.09,-0.31,0.95
141423,0.09,-0.31,0.95
141432,0.09,-0.31,0.95
141442,0.09,-0.30,0.94
141451,0.09,-0.30,0.94
141461,0.09,-0.30,0.94
141471,0.10,-0.31,0.94
141480,0.09,-0.32,0.94
141490,0.09,-0.32,0.94
141500,0.09,-0.32,0.95
141509,0.09,-0.32,0.95
141519,0.09,-0.32,0.95
141528,0.09,-0.32,0.95
141538,0.08,-0.32,0.95
141548,0.08,-0.32,0.95
141557,0.08,-0.31,0.95
141567,0.08,-0.30,0.95
141576,0.09,-0.30,0.94
141586,0.08,-0.30,0.95
141596,0.08,-0.30,0.95
141605,0.09,-0.31,0.95
141615,0.09,-0.33,0.95
141625,0.09,-0.34,0.95
141634,0.09,-0.34,0.94
141644,0.09,-0.32,0.94
141653,0.09,-0.31,0.94
141663,0.09,-0.30,0.93
141673,0.09,-0.30,0.94
141682,0.08,-0.30,0.94
141692,0.08,-0.30,0.95
141701,0.07,-0.30,0.95
141711,0.07,-0.30,0.95
141721,0.08,-0.30,0.95
141730,0.08,-0.31,0.95
141740,0.09,-0.32,0.94
141750,0.09,-0.32,0.95
141759,0.08,-0.32,0.95
141769,0.08,-0.32,0.95
141778,0.08,-0.32,0.95
141788,0.08,-0.31,0.95
141798,0.07,-0.30,0.95
141807,0.07,-0.29,0.95
141817,0.08,-0.29,0.94
141826,0.08,-0.29,0.94
141836,0.08,-0.31,0.94
141846,0.08,-0.32,0.94
141855,0.08,-0.32,0.94
141865,0.08,-0.32,0.95
141875,0.08,-0.32,0.94
141884,0.08,-0.32,0.94
141894,0.08,-0.31,0.93
141903,0.09,-0.30,0.93
141913,0.09,-0.30,0.93
141923,0.09,-0.30,0.93
141932,0.09,-0.30,0.93
141942,0.09,-0.31,0.93
141951,0.09,-0.31,0.94
141961,0.09,-0.32,0.94
141971,0.09,-0.32,0.94
141980,0.08,-0.32,0.95
141990,0.08,-0.32,0.95
142000,0.08,-0.32,0.95
142009,0.08,-0.32,0.95
142019,0.09,-0.32,0.95
142028,0.09,-0.32,0.95
142038,0.08,-0.32,0.94
142048,0.08,-0.31,0.94
142057,0.08,-0.31,0.94
142067,0.09,-0.31,0.94
142076,0.09,-0.31,0.94
142086,0.09,-0.32,0.95
142096,0.08,-0.32,0.95
142105,0.08,-0.32,0.95
142115,0.08,-0.32,0.95
142125,0.08,-0.32,0.94
142134,0.09,-0.32,0.94
142144,0.09,-0.32,0.93
142153,0.09,-0.32,0.93
142163,0.09,-0.31,0.93
142173,0.08,-0.32,0.94
142182,0.08,-0.32,0.94
142192,0.07,-0.32,0.94
142201,0.08,-0.30,0.95
142211,0.08,-0.30,0.95
142221,0.08,-0.31,0.94
142230,0.09,-0.31,0.94
142240,0.09,-0.32,0.93
142250,0.10,-0.32,0.93
142259,0.09,-0.32,0.94
142269,0.09,-0.32,0.94
142278,0.09,-0.31,0.94
142288,0.08,-0.30,0.94
142298,0.08,-0.30,0.94
142307,0.08,-0.30,0.94
142317,0.08,-0.30,0.95
142326,0.08,-0.30,0.94
142336,0.09,-0.31,0.94
142346,0.09,-0.32,0.93
142355,0.10,-0.32,0.93
142365,0.10,-0.33,0.94
142375,0.09,-0.33,0.94
142384,0.09,-0.33,0.94
142394,0.09,-0.32,0.94
142403,0.09,-0.32,0.94
142413,0.08,-0.30,0.94
142423,0.09,-0.29,0.94
142432,0.08,-0.29,0.94
142442,0.09,-0.30,0.94
142451,0.09,-0.31,0.94
142461,0.09,-0.32,0.94
142471,0.09,-0.32,0.94
142480,0.09,-0.32,0.94
142490,0.09,-0.32,0.94
142500,0.09,-0.31,0.94
142509,0.09,-0.31,0.94
142519,0.08,-0.30,0.93
142528,0.09,-0.29,0.93
142538,0.09,-0.29,0.93
142548,0.09,-0.29,0.93
142557,0.09,-0.30,0.93
142567,0.08,-0.30,0.94
142576,0.08,-0.31,0.94
142586,0.08,-0.31,0.94
142596,0.09,-0.31,0.94
142605,0.09,-0.31,0.94
142615,0.09,-0.30,0.94
142625,0.09,-0.30,0.93
142634,0.09,-0.30,0.93
142644,0.09,-0.31,0.94
142653,0.09,-0.31,0.94
142663,0.09,-0.31,0.94
142673,0.09,-0.31,0.94
142682,0.09,-0.30,0.94
142692,0.09,-0.30,0.94
142701,0.09,-0.30,0.94
142711,0.09,-0.30,0.94
142721,0.09,-0.31,0.94
142730,0.09,-0.31,0.94
142740,0.09,-0.31,0.94
142750,0.09,-0.32,0.94
142759,0.09,-0.32,0.94
142769,0.09,-0.32,0.94
142778,0.09,-0.31,0.94
142788,0.08,-0.31,0.94
142798,0.08,-0.30,0.94
142807,0.08,-0.29,0.95
142817,0.08,-0.29,0.95
142826,0.08,-0.29,0.95
142836,0.09,-0.31,0.95
142846,0.09,-0.32,0.94
142855,0.10,-0.33,0.94
142865,0.10,-0.33,0.94
142875,0.10,-0.33,0.94
142884,0.10,-0.32,0.94
142894,0.09,-0.31,0.95
142903,0.09,-0.29,0.94
142913,0.08,-0.28,0.95
142923,0.08,-0.28,0.95
142932,0.08,-0.28,0.95
142942,0.09,-0.29,0.95
142951,0.09,-0.30,0.95
142961,0.09,-0.32,0.95
142971,0.10,-0.33,0.95
142980,0.10,-0.33,0.95
142990,0.10,-0.33,0.94
143000,0.10,-0.33,0.94
143009,0.10,-0.32,0.94
143019,0.09,-0.31,0.95
143028,0.09,-0.29,0.95
143038,0.09,-0.28,0.95
143048,0.09,-0.29,0.95
143057,0.09,-0.29,0.94
143067,0.09,-0.30,0.94
143076,0.09,-0.31,0.95
143086,0.09,-0.31,0.95
143096,0.09,-0.32,0.95
143105,0.09,-0.32,0.94
143115,0.10,-0.32,0.94
143125,0.10,-0.31,0.94
143134,0.10,-0.31,0.94
143144,0.10,-0.30,0.93
143153,0.10,-0.29,0.94
143163,0.10,-0.29,0.94
143173,0.10,-0.30,0.94
143182,0.09,-0.30,0.94
143192,0.09,-0.31,0.95
143201,0.09,-0.31,0.95
143211,0.10,-0.31,0.95
143221,0.10,-0.31,0.94
143230,0.10,-0.31,0.94
143240,0.10,-0.30,0.95
143250,0.10,-0.30,0.95
143259,0.10,-0.31,0.95
143269,0.10,-0.31,0.95
143278,0.10,-0.31,0.95
143288,0.10,-0.31,0.95
143298,0.10,-0.31,0.94
143307,0.10,-0.31,0.94
143317,0.10,-0.31,0.94
143326,0.10,-0.32,0.95
143336,0.10,-0.32,0.95
143346,0.10,-0.32,0.95
143355,0.10,-0.32,0.94
143365,0.11,-0.32,0.94
143375,0.11,-0.32,0.94
143384,0.11,-0.32,0.94
143394,0.10,-0.32,0.94
143403,0.09,-0.31,0.95
143413,0.09,-0.29,0.95
143423,0.09,-0.28,0.95
143432,0.10,-0.29,0.95
143442,0.10,-0.30,0.95
143451,0.10,-0.31,0.95
143461,0.11,-0.32,0.95
143471,0.11,-0.33,0.95
143480,0.11,-0.34,0.94
143490,0.11,-0.34,0.94
143500,0.11,-0.33,0.93
143509,0.11,-0.32,0.93
143519,0.11,-0.29,0.93
143528,0.11,-0.28,0.94
143538,0.11,-0.27,0.95
143548,0.11,-0.28,0.95
143557,0.11,-0.29,0.95
143567,0.11,-0.31,0.95
143576,0.11,-0.32,0.95
143586,0.11,-0.33,0.95
143596,0.11,-0.33,0.95
143605,0.11,-0.33,0.95
143615,0.11,-0.32,0.95
143625,0.11,-0.31,0.95
143634,0.11,-0.30,0.95
143644,0.11,-0.29,0.95
143653,0.11,-0.29,0.95
143663,0.12,-0.29,0.94
143673,0.12,-0.30,0.94
143682,0.12,-0.30,0.94
143692,0.12,-0.31,0.94
143701,0.11,-0.31,0.94
143711,0.11,-0.31,0.94
143721,0.11,-0.31,0.95
143730,0.11,-0.31,0.95
143740,0.11,-0.31,0.95
143750,0.11,-0.32,0.95
143759,0.12,-0.33,0.94
143769,0.12,-0.33,0.93
143778,0.12,-0.33,0.93
143788,0.12,-0.33,0.93
143798,0.12,-0.32,0.93
143807,0.11,-0.31,0.94
143817,0.11,-0.30,0.94
143826,0.10,-0.29,0.95
143836,0.11,-0.29,0.95
143846,0.11,-0.29,0.95
143855,0.11,-0.30,0.94
143865,0.12,-0.30,0.94
143875,0.12,-0.30,0.94
143884,0.12,-0.31,0.94
143894,0.12,-0.32,0.94
143903,0.12,-0.32,0.94
143913,0.11,-0.32,0.94
143923,0.11,-0.31,0.95
143932,0.11,-0.31,0.95
143942,0.12,-0.30,0.94
143951,0.12,-0.30,0.94
143961,0.12,-0.30,0.94
143971,0.12,-0.30,0.94
143980,0.12,-0.31,0.94
143990,0.12,-0.31,0.94
144000,0.12,-0.32,0.94
144009,0.12,-0.31,0.94
144019,0.12,-0.30,0.94
144028,0.12,-0.29,0.95
144038,0.12,-0.29,0.95
144048,0.12,-0.29,0.96
144057,0.12,-0.30,0.95
144067,0.12,-0.32,0.95
144076,0.12,-0.33,0.95
144086,0.12,-0.33,0.95
144096,0.12,-0.33,0.95
144105,0.12,-0.32,0.94
144115,0.12,-0.31,0.93
144125,0.13,-0.31,0.93
144134,0.13,-0.30,0.93
144144,0.12,-0.30,0.93
144153,0.11,-0.29,0.93
144163,0.11,-0.29,0.94
144173,0.11,-0.28,0.94
144182,0.12,-0.28,0.94
144192,0.12,-0.28,0.94
144201,0.12,-0.30,0.94
144211,0.12,-0.32,0.94
144221,0.11,-0.33,0.95
144230,0.10,-0.33,0.95
144240,0.11,-0.33,0.95
144250,0.11,-0.32,0.95
144259,0.11,-0.31,0.95
144269,0.11,-0.30,0.95
144278,0.11,-0.30,0.95
144288,0.11,-0.30,0.95
144298,0.10,-0.29,0.95
144307,0.10,-0.29,0.95
144317,0.10,-0.30,0.94
144326,0.10,-0.30,0.94
144336,0.11,-0.30,0.94
144346,0.11,-0.30,0.94
144355,0.10,-0.30,0.94
144365,0.10,-0.31,0.94
144375,0.10,-0.31,0.93
144384,0.10,-0.31,0.93
144394,0.10,-0.31,0.94
144403,0.10,-0.30,0.94
144413,0.10,-0.30,0.94
144423,0.10,-0.30,0.95
144432,0.10,-0.31,0.94
144442,0.10,-0.31,0.94
144451,0.10,-0.31,0.94
144461,0.10,-0.31,0.94
144471,0.10,-0.31,0.94
144480,0.10,-0.31,0.94
144490,0.10,-0.31,0.94
144500,0.10,-0.31,0.94
144509,0.10,-0.31,0.94
144519,0.10,-0.31,0.94
144528,0.10,-0.31,0.94
144538,0.10,-0.30,0.94
144548,0.11,-0.30,0.94
144557,0.11,-0.30,0.94
144567,0.11,-0.30,0.94
144576,0.10,-0.31,0.94
144586,0.10,-0.31,0.94
144596,0.11,-0.32,0.94
144605,0.11,-0.32,0.93
144615,0.11,-0.32,0.93
144625,0.11,-0.33,0.94
144634,0.10,-0.33,0.94
144644,0.10,-0.32,0.95
144653,0.09,-0.32,0.95
144663,0.09,-0.31,0.95
144673,0.09,-0.30,0.95
144682,0.10,-0.29,0.94
144692,0.11,-0.29,0.93
144701,0.11,-0.30,0.93
144711,0.11,-0.31,0.93
144721,0.11,-0.32,0.93
144730,0.10,-0.34,0.94
144740,0.09,-0.34,0.94
144750,0.09,-0.34,0.94
144759,0.09,-0.33,0.94
144769,0.10,-0.32,0.93
144778,0.11,-0.31,0.93
144788,0.11,-0.30,0.93
144798,0.11,-0.30,0.94
144807,0.10,-0.29,0.94
144817,0.10,-0.30,0.94
144826,0.10,-0.30,0.94
144836,0.10,-0.31,0.94
144846,0.11,-0.32,0.94
144855,0.11,-0.33,0.94
144865,0.11,-0.34,0.94
144875,0.11,-0.34,0.94
144884,0.11,-0.34,0.94
144894,0.12,-0.34,0.94
144903,0.12,-0.34,0.93
144913,0.12,-0.34,0.93
144923,0.12,-0.33,0.92
144932,0.12,-0.33,0.92
144942,0.12,-0.33,0.92
144951,0.12,-0.33,0.92
144961,0.12,-0.33,0.92
144971,0.13,-0.33,0.92
144980,0.13,-0.33,0.92
144990,0.13,-0.33,0.92
145000,0.13,-0.33,0.92
145009,0.13,-0.33,0.92
145019,0.13,-0.33,0.92
145028,0.13,-0.33,0.92
145038,0.13,-0.33,0.92
145048,0.14,-0.33,0.93
145057,0.14,-0.34,0.93
145067,0.13,-0.34,0.93
145076,0.14,-0.35,0.93
145086,0.14,-0.35,0.93
145096,0.14,-0.36,0.93
145105,0.13,-0.35,0.93
145115,0.14,-0.35,0.93
145125,0.14,-0.34,0.93
145134,0.14,-0.34,0.94
145144,0.13,-0.34,0.94
145153,0.13,-0.33,0.94
145163,0.13,-0.34,0.94
145173,0.13,-0.34,0.94
145182,0.13,-0.34,0.93
145192,0.13,-0.34,0.93
145201,0.13,-0.34,0.93
145211,0.13,-0.34,0.93
145221,0.14,-0.34,0.93
145230,0.14,-0.34,0.93
145240,0.15,-0.34,0.92
145250,0.15,-0.34,0.92
145259,0.15,-0.35,0.92
145269,0.15,-0.35,0.93
145278,0.15,-0.35,0.93
145288,0.14,-0.35,0.94
145298,0.14,-0.34,0.95
145307,0.13,-0.34,0.96
145317,0.13,-0.34,0.96
145326,0.14,-0.34,0.96
145336,0.14,-0.35,0.95
145346,0.15,-0.36,0.94
145355,0.15,-0.35,0.93
145365,0.15,-0.35,0.93
145375,0.15,-0.34,0.93
145384,0.15,-0.33,0.94
145394,0.14,-0.32,0.94
145403,0.14,-0.31,0.94
145413,0.14,-0.31,0.94
145423,0.14,-0.31,0.94
145432,0.14,-0.32,0.95
145442,0.14,-0.33,0.95
145451,0.13,-0.33,0.94
145461,0.13,-0.34,0.94
145471,0.13,-0.34,0.94
145480,0.14,-0.33,0.94
145490,0.14,-0.33,0.94
145500,0.15,-0.33,0.94
145509,0.15,-0.34,0.93
145519,0.14,-0.34,0.93
145528,0.14,-0.34,0.92
145538,0.14,-0.34,0.92
145548,0.15,-0.34,0.92
145557,0.15,-0.34,0.92
145567,0.15,-0.34,0.92
145576,0.15,-0.33,0.92
145586,0.15,-0.33,0.92
145596,0.14,-0.33,0.92
145605,0.14,-0.33,0.92
145615,0.15,-0.32,0.92
145625,0.15,-0.32,0.92
145634,0.15,-0.33,0.92
145644,0.15,-0.33,0.92
145653,0.15,-0.33,0.93
145663,0.15,-0.33,0.93
145673,0.15,-0.33,0.94
145682,0.15,-0.34,0.94
145692,0.15,-0.34,0.93
145701,0.16,-0.34,0.93
145711,0.16,-0.34,0.93
145721,0.16,-0.33,0.93
145730,0.16,-0.32,0.93
145740,0.15,-0.32,0.94
145750,0.15,-0.31,0.94
145759,0.15,-0.31,0.95
145769,0.15,-0.32,0.95
145778,0.14,-0.32,0.95
145788,0.14,-0.32,0.96
145798,0.14,-0.32,0.96
145807,0.14,-0.31,0.95
145817,0.14,-0.31,0.95
145826,0.14,-0.31,0.95
145836,0.14,-0.30,0.95
145846,0.14,-0.30,0.95
145855,0.14,-0.30,0.95
145865,0.14,-0.30,0.95
145875,0.14,-0.31,0.95
145884,0.14,-0.31,0.95
145894,0.14,-0.31,0.95
145903,0.14,-0.31,0.94
145913,0.14,-0.31,0.94
145923,0.14,-0.30,0.94
145932,0.15,-0.29,0.94
145942,0.15,-0.29,0.95
145951,0.15,-0.28,0.95
145961,0.15,-0.29,0.95
145971,0.15,-0.29,0.96
145980,0.15,-0.30,0.96
145990,0.15,-0.31,0.96
146000,0.15,-0.31,0.96
146009,0.15,-0.31,0.95
146019,0.15,-0.31,0.95
146028,0.15,-0.31,0.95
146038,0.15,-0.31,0.95
146048,0.15,-0.30,0.95
146057,0.14,-0.30,0.95
146067,0.14,-0.30,0.95
146076,0.14,-0.30,0.95
146086,0.13,-0.30,0.95
146096,0.14,-0.30,0.95
146105,0.14,-0.29,0.95
146115,0.14,-0.28,0.95
146125,0.14,-0.29,0.96
146134,0.13,-0.30,0.96
146144,0.12,-0.31,0.96
146153,0.12,-0.31,0.95
146163,0.12,-0.31,0.94
146173,0.12,-0.30,0.94
146182,0.12,-0.29,0.92
146192,0.13,-0.28,0.91
146201,0.14,-0.28,0.90
146211,0.14,-0.27,0.89
146221,0.14,-0.27,0.89
146230,0.14,-0.27,0.89
146240,0.14,-0.26,0.90
146250,0.13,-0.26,0.91
146259,0.13,-0.26,0.91
146269,0.13,-0.26,0.92
146278,0.13,-0.26,0.93
146288,0.12,-0.27,0.94
146298,0.12,-0.27,0.96
146307,0.11,-0.28,0.97
146317,0.11,-0.28,0.98
146326,0.10,-0.29,0.98
146336,0.09,-0.30,0.99
146346,0.09,-0.30,0.98
146355,0.08,-0.30,0.98
146365,0.08,-0.30,0.97
146375,0.08,-0.29,0.96
146384,0.09,-0.29,0.94
146394,0.10,-0.29,0.93
146403,0.10,-0.29,0.91
146413,0.12,-0.28,0.90
146423,0.12,-0.28,0.89
146432,0.12,-0.28,0.89
146442,0.12,-0.27,0.89
146451,0.12,-0.26,0.90
146461,0.12,-0.26,0.90
146471,0.12,-0.26,0.90
146480,0.12,-0.25,0.91
146490,0.12,-0.25,0.92
146500,0.12,-0.25,0.93
146509,0.12,-0.26,0.95
146519,0.11,-0.26,0.96
146528,0.12,-0.27,0.96
146538,0.12,-0.28,0.97
146548,0.11,-0.29,0.97
146557,0.11,-0.30,0.97
146567,0.11,-0.30,0.96
146576,0.11,-0.30,0.96
146586,0.11,-0.29,0.96
146596,0.11,-0.28,0.95
146605,0.12,-0.28,0.95
146615,0.13,-0.29,0.93
146625,0.13,-0.30,0.92
146634,0.13,-0.31,0.92
146644,0.13,-0.31,0.92
146653,0.12,-0.31,0.92
146663,0.11,-0.30,0.91
146673,0.11,-0.28,0.91
146682,0.11,-0.27,0.92
146692,0.11,-0.26,0.93
146701,0.10,-0.26,0.93
146711,0.10,-0.26,0.94
146721,0.10,-0.27,0.94
146730,0.10,-0.28,0.94
146740,0.11,-0.30,0.94
146750,0.10,-0.31,0.93
146759,0.10,-0.33,0.93
146769,0.11,-0.34,0.93
146778,0.11,-0.35,0.92
146788,0.11,-0.35,0.91
146798,0.11,-0.35,0.90
146807,0.11,-0.35,0.90
146817,0.11,-0.34,0.90
146826,0.11,-0.34,0.90
146836,0.11,-0.34,0.90
146846,0.11,-0.34,0.90
146855,0.10,-0.34,0.90
146865,0.09,-0.35,0.91
146875,0.08,-0.35,0.91
146884,0.07,-0.35,0.91
146894,0.07,-0.35,0.91
146903,0.07,-0.34,0.92
146913,0.07,-0.34,0.92
146923,0.07,-0.34,0.92
146932,0.07,-0.34,0.92
146942,0.07,-0.35,0.93
146951,0.06,-0.35,0.93
146961,0.06,-0.36,0.94
146971,0.06,-0.37,0.94
146980,0.06,-0.38,0.95
146990,0.05,-0.39,0.95
147000,0.05,-0.39,0.95
147009,0.05,-0.40,0.95
147019,0.05,-0.41,0.96
147028,0.05,-0.41,0.96
147038,0.05,-0.41,0.96
147048,0.05,-0.42,0.95
147057,0.05,-0.43,0.95
147067,0.05,-0.43,0.94
147076,0.04,-0.43,0.95
147086,0.04,-0.43,0.95
147096,0.04,-0.43,0.95
147105,0.03,-0.43,0.95
147115,0.03,-0.43,0.94
147125,0.03,-0.43,0.94
147134,0.02,-0.43,0.93
147144,0.02,-0.42,0.93
147153,0.03,-0.42,0.92
147163,0.03,-0.42,0.91
147173,0.03,-0.42,0.91
147182,0.04,-0.42,0.91
147192,0.03,-0.42,0.90
147201,0.03,-0.42,0.90
147211,0.03,-0.41,0.91
147221,0.03,-0.40,0.91
147230,0.03,-0.41,0.92
147240,0.03,-0.42,0.91
147250,0.03,-0.43,0.91
147259,0.03,-0.45,0.90
147269,0.04,-0.46,0.90
147278,0.04,-0.47,0.90
147288,0.03,-0.47,0.90
147298,0.03,-0.46,0.91
147307,0.02,-0.46,0.92
147317,0.01,-0.46,0.94
147326,0.00,-0.45,0.95
147336,-0.00,-0.45,0.96
147346,-0.00,-0.45,0.97
147355,0.00,-0.46,0.97
147365,0.00,-0.47,0.96
147375,0.00,-0.47,0.95
147384,0.00,-0.46,0.94
147394,0.01,-0.45,0.93
147403,0.02,-0.44,0.93
147413,0.02,-0.43,0.93
147423,0.02,-0.42,0.92
147432,0.01,-0.42,0.92
147442,0.01,-0.41,0.92
147451,0.01,-0.40,0.92
147461,0.02,-0.40,0.91
147471,0.02,-0.39,0.91
147480,0.02,-0.39,0.91
147490,0.02,-0.39,0.91
147500,0.02,-0.39,0.91
147509,0.02,-0.39,0.91
147519,0.02,-0.39,0.91
147528,0.01,-0.40,0.91
147538,0.01,-0.41,0.91
147548,0.00,-0.42,0.92
147557,-0.01,-0.42,0.92
147567,-0.01,-0.41,0.92
147576,-0.01,-0.40,0.92
147586,-0.00,-0.38,0.92
147596,0.00,-0.37,0.91
147605,0.00,-0.37,0.91
147615,-0.00,-0.36,0.91
147625,0.00,-0.36,0.91
147634,0.00,-0.36,0.91
147644,0.00,-0.37,0.91
147653,0.01,-0.37,0.91
147663,0.01,-0.37,0.90
147673,0.02,-0.37,0.90
147682,0.02,-0.37,0.90
147692,0.03,-0.37,0.90
147701,0.03,-0.37,0.91
147711,0.04,-0.37,0.91
147721,0.05,-0.37,0.91
147730,0.06,-0.37,0.91
147740,0.06,-0.38,0.91
147750,0.06,-0.38,0.91
147759,0.07,-0.38,0.92
147769,0.08,-0.38,0.92
147778,0.08,-0.38,0.92
147788,0.08,-0.38,0.93
147798,0.08,-0.38,0.93
147807,0.08,-0.37,0.94
147817,0.08,-0.36,0.94
147826,0.07,-0.36,0.94
147836,0.07,-0.34,0.93
147846,0.07,-0.33,0.94
147855,0.07,-0.32,0.94
147865,0.06,-0.32,0.94
147875,0.07,-0.33,0.93
147884,0.08,-0.35,0.92
147894,0.08,-0.37,0.91
147903,0.08,-0.37,0.91
147913,0.08,-0.37,0.91
147923,0.08,-0.36,0.91
147932,0.09,-0.35,0.90
147942,0.09,-0.34,0.90
147951,0.10,-0.32,0.90
147961,0.10,-0.32,0.89
147971,0.11,-0.32,0.89
147980,0.11,-0.32,0.90
147990,0.11,-0.33,0.90
148000,0.11,-0.33,0.91
148009,0.11,-0.34,0.91
148019,0.11,-0.34,0.92
148028,0.11,-0.34,0.93
148038,0.11,-0.34,0.92
148048,0.11,-0.34,0.93
148057,0.11,-0.34,0.93
148067,0.11,-0.34,0.93
148076,0.11,-0.34,0.93
148086,0.11,-0.34,0.93
148096,0.11,-0.34,0.93
148105,0.11,-0.34,0.93
148115,0.11,-0.34,0.92
148125,0.11,-0.34,0.92
148134,0.11,-0.35,0.92
148144,0.11,-0.36,0.92
148153,0.10,-0.35,0.92
148163,0.10,-0.35,0.92
148173,0.10,-0.34,0.91
148182,0.10,-0.33,0.91
148192,0.11,-0.31,0.91
148201,0.11,-0.30,0.91
148211,0.11,-0.30,0.92
148221,0.11,-0.30,0.93
148230,0.10,-0.31,0.94
148240,0.10,-0.31,0.94
148250,0.10,-0.31,0.95
148259,0.11,-0.32,0.95
148269,0.11,-0.32,0.95
148278,0.12,-0.32,0.95
148288,0.13,-0.33,0.96
148298,0.13,-0.33,0.95
148307,0.13,-0.34,0.95
148317,0.13,-0.35,0.95
148326,0.13,-0.35,0.95
148336,0.14,-0.35,0.95
148346,0.14,-0.35,0.95
148355,0.14,-0.35,0.94
148365,0.14,-0.34,0.94
148375,0.14,-0.34,0.94
148384,0.14,-0.34,0.93
148394,0.14,-0.33,0.92
148403,0.15,-0.32,0.92
148413,0.15,-0.32,0.91
148423,0.15,-0.33,0.91
148432,0.15,-0.33,0.91
148442,0.14,-0.33,0.92
148451,0.14,-0.34,0.93
148461,0.13,-0.34,0.94
148471,0.13,-0.34,0.94
148480,0.13,-0.33,0.95
148490,0.13,-0.33,0.95
148500,0.14,-0.33,0.95
148509,0.14,-0.34,0.94
148519,0.14,-0.34,0.94
148528,0.13,-0.34,0.94
148538,0.14,-0.34,0.94
148548,0.14,-0.34,0.93
148557,0.14,-0.33,0.93
148567,0.14,-0.31,0.93
148576,0.14,-0.30,0.93
148586,0.13,-0.30,0.94
148596,0.13,-0.31,0.95
148605,0.12,-0.33,0.95
148615,0.11,-0.34,0.96
148625,0.11,-0.34,0.96
148634,0.11,-0.34,0.96
148644,0.11,-0.34,0.95
148653,0.12,-0.33,0.94
148663,0.12,-0.33,0.93
148673,0.12,-0.32,0.93
148682,0.12,-0.32,0.93
148692,0.12,-0.31,0.92
148701,0.12,-0.30,0.92
148711,0.12,-0.29,0.91
148721,0.14,-0.29,0.91
148730,0.14,-0.29,0.90
148740,0.15,-0.31,0.90
148750,0.15,-0.31,0.91
148759,0.15,-0.32,0.91
148769,0.15,-0.33,0.91
148778,0.15,-0.33,0.91
148788,0.16,-0.33,0.91
148798,0.16,-0.33,0.91
148807,0.17,-0.32,0.92
148817,0.17,-0.32,0.93
148826,0.17,-0.32,0.94
148836,0.17,-0.32,0.94
148846,0.17,-0.32,0.94
148855,0.17,-0.31,0.94
148865,0.17,-0.32,0.94
148875,0.17,-0.32,0.95
148884,0.16,-0.32,0.95
148894,0.16,-0.32,0.95
148903,0.17,-0.33,0.95
148913,0.18,-0.33,0.94
148923,0.19,-0.34,0.93
148932,0.19,-0.34,0.92
148942,0.19,-0.34,0.91
148951,0.20,-0.34,0.91
148961,0.19,-0.33,0.91
148971,0.19,-0.33,0.91
148980,0.19,-0.32,0.91
148990,0.20,-0.32,0.91
149000,0.20,-0.32,0.90
149009,0.21,-0.33,0.91
149019,0.20,-0.33,0.91
149028,0.20,-0.33,0.92
149038,0.19,-0.33,0.93
149048,0.18,-0.33,0.94
149057,0.18,-0.33,0.95
149067,0.18,-0.34,0.95
149076,0.18,-0.34,0.94
149086,0.18,-0.34,0.94
149096,0.17,-0.34,0.94
149105,0.17,-0.32,0.95
149115,0.17,-0.31,0.95
149125,0.16,-0.29,0.96
149134,0.17,-0.29,0.96
149144,0.17,-0.29,0.95
149153,0.18,-0.31,0.94
149163,0.18,-0.32,0.93
149173,0.18,-0.33,0.93
149182,0.18,-0.35,0.93
149192,0.17,-0.35,0.94
149201,0.17,-0.35,0.94
149211,0.17,-0.34,0.94
149221,0.17,-0.32,0.94
149230,0.17,-0.30,0.93
149240,0.17,-0.28,0.93
149250,0.17,-0.27,0.94
149259,0.17,-0.27,0.94
149269,0.17,-0.27,0.95
149278,0.17,-0.29,0.95
149288,0.17,-0.30,0.95
149298,0.17,-0.32,0.95
149307,0.16,-0.33,0.95
149317,0.16,-0.33,0.95
149326,0.16,-0.33,0.96
149336,0.16,-0.31,0.95
149346,0.16,-0.30,0.95
149355,0.18,-0.29,0.94
149365,0.19,-0.29,0.94
149375,0.18,-0.29,0.94
149384,0.17,-0.30,0.95
149394,0.17,-0.30,0.96
149403,0.16,-0.31,0.97
149413,0.16,-0.32,0.97
149423,0.16,-0.33,0.96
149432,0.16,-0.33,0.95
149442,0.16,-0.33,0.94
149451,0.17,-0.32,0.94
149461,0.17,-0.31,0.94
149471,0.17,-0.30,0.94
149480,0.16,-0.30,0.94
149490,0.16,-0.30,0.94
149500,0.15,-0.31,0.94
149509,0.14,-0.32,0.93
149519,0.13,-0.32,0.93
149528,0.13,-0.32,0.93
149538,0.12,-0.32,0.92
149548,0.13,-0.31,0.92
149557,0.13,-0.30,0.92
149567,0.14,-0.29,0.91
149576,0.14,-0.29,0.90
149586,0.14,-0.29,0.90
149596,0.14,-0.30,0.90
149605,0.13,-0.30,0.90
149615,0.13,-0.30,0.91
149625,0.12,-0.31,0.92
149634,0.11,-0.31,0.92
149644,0.10,-0.32,0.93
149653,0.10,-0.32,0.93
149663,0.10,-0.31,0.93
149673,0.09,-0.31,0.93
149682,0.09,-0.31,0.94
149692,0.08,-0.30,0.94
149701,0.08,-0.30,0.94
149711,0.08,-0.30,0.93
149721,0.09,-0.30,0.93
149730,0.09,-0.30,0.93
149740,0.09,-0.30,0.93
149750,0.09,-0.29,0.94
149759,0.09,-0.29,0.95
149769,0.08,-0.29,0.95
149778,0.08,-0.29,0.96
149788,0.08,-0.30,0.96
149798,0.08,-0.31,0.97
149807,0.08,-0.31,0.97
149817,0.08,-0.32,0.97
149826,0.08,-0.32,0.97
149836,0.08,-0.33,0.97
149846,0.08,-0.33,0.96
149855,0.09,-0.32,0.96
149865,0.09,-0.31,0.96
149875,0.09,-0.30,0.96
149884,0.09,-0.29,0.96
149894,0.10,-0.28,0.96
149903,0.10,-0.28,0.97
149913,0.10,-0.29,0.97
149923,0.10,-0.31,0.97
149932,0.10,-0.32,0.96
149942,0.10,-0.34,0.95
149951,0.10,-0.34,0.95
149961,0.11,-0.35,0.94
149971,0.11,-0.35,0.93
149980,0.11,-0.35,0.93
149990,0.11,-0.35,0.93
150000,0.11,-0.34,0.93
150009,0.11,-0.34,0.92
150019,0.10,-0.33,0.92
150028,0.10,-0.32,0.92
150038,0.10,-0.31,0.92
150048,0.10,-0.30,0.92
150057,0.10,-0.30,0.92
150067,0.10,-0.30,0.93
150076,0.09,-0.30,0.94
150086,0.08,-0.30,0.94
150096,0.08,-0.29,0.94
150105,0.08,-0.28,0.95
150115,0.08,-0.28,0.95
150125,0.08,-0.28,0.95
150134,0.08,-0.28,0.96
150144,0.08,-0.29,0.96
150153,0.08,-0.30,0.96
150163,0.09,-0.32,0.95
150173,0.09,-0.32,0.94
150182,0.09,-0.33,0.94
150192,0.10,-0.33,0.94
150201,0.10,-0.33,0.94
150211,0.10,-0.32,0.94
150221,0.09,-0.30,0.94
150230,0.09,-0.29,0.94
150240,0.10,-0.30,0.94
150250,0.10,-0.30,0.93
150259,0.10,-0.30,0.93
150269,0.10,-0.31,0.93
150278,0.10,-0.31,0.93
150288,0.10,-0.32,0.93
150298,0.10,-0.32,0.94
150307,0.09,-0.32,0.94
150317,0.09,-0.33,0.95
150326,0.08,-0.33,0.96
150336,0.07,-0.33,0.96
150346,0.07,-0.33,0.96
150355,0.07,-0.32,0.96
150365,0.07,-0.31,0.95
150375,0.08,-0.31,0.95
150384,0.08,-0.30,0.95
150394,0.08,-0.30,0.95
150403,0.07,-0.30,0.96
150413,0.06,-0.29,0.97
150423,0.05,-0.28,0.97
150432,0.05,-0.28,0.97
150442,0.06,-0.28,0.96
150451,0.07,-0.29,0.95
150461,0.08,-0.30,0.94
150471,0.09,-0.32,0.93
150480,0.09,-0.34,0.93
150490,0.09,-0.34,0.93
150500,0.08,-0.34,0.93
150509,0.09,-0.33,0.93
150519,0.10,-0.32,0.92
150528,0.11,-0.31,0.92
150538,0.11,-0.30,0.93
150548,0.12,-0.29,0.93
150557,0.11,-0.29,0.94
150567,0.11,-0.30,0.95
150576,0.10,-0.31,0.96
150586,0.09,-0.33,0.97
150596,0.09,-0.34,0.98
150605,0.08,-0.35,0.97
150615,0.08,-0.36,0.97
150625,0.08,-0.36,0.96
150634,0.09,-0.36,0.96
150644,0.09,-0.35,0.96
150653,0.09,-0.35,0.95
150663,0.08,-0.34,0.95
150673,0.08,-0.33,0.95
150682,0.08,-0.33,0.95
150692,0.08,-0.32,0.94
150701,0.07,-0.32,0.94
150711,0.07,-0.32,0.95
150721,0.06,-0.33,0.95
150730,0.06,-0.33,0.95
150740,0.05,-0.33,0.95
150750,0.05,-0.33,0.95
150759,0.04,-0.32,0.95
150769,0.03,-0.32,0.95
150778,0.04,-0.31,0.95
150788,0.04,-0.30,0.94
150798,0.04,-0.30,0.94
150807,0.04,-0.30,0.94
150817,0.04,-0.30,0.94
150826,0.04,-0.30,0.95
150836,0.04,-0.30,0.95
150846,0.04,-0.31,0.95
150855,0.04,-0.31,0.95
150865,0.04,-0.31,0.95
150875,0.05,-0.31,0.95
150884,0.06,-0.31,0.95
150894,0.06,-0.31,0.95
150903,0.07,-0.31,0.95
150913,0.07,-0.32,0.96
150923,0.06,-0.32,0.96
150932,0.06,-0.33,0.97
150942,0.07,-0.33,0.97
150951,0.07,-0.34,0.97
150961,0.07,-0.34,0.96
150971,0.08,-0.34,0.96
150980,0.08,-0.34,0.95
150990,0.08,-0.33,0.95
151000,0.09,-0.33,0.94
151009,0.10,-0.33,0.94
151019,0.10,-0.33,0.93
151028,0.11,-0.32,0.92
151038,0.11,-0.32,0.92
151048,0.12,-0.31,0.91
151057,0.12,-0.31,0.91
151067,0.13,-0.31,0.91
151076,0.13,-0.31,0.91
151086,0.12,-0.30,0.92
151096,0.12,-0.30,0.92
151105,0.11,-0.30,0.93
151115,0.11,-0.31,0.94
151125,0.11,-0.32,0.94
151134,0.11,-0.34,0.94
151144,0.11,-0.35,0.93
151153,0.10,-0.36,0.93
151163,0.11,-0.37,0.92
151173,0.10,-0.37,0.92
151182,0.10,-0.36,0.92
151192,0.10,-0.35,0.92
151201,0.09,-0.34,0.93
151211,0.09,-0.32,0.93
151221,0.09,-0.30,0.93
151230,0.09,-0.29,0.93
151240,0.10,-0.28,0.93
151250,0.10,-0.28,0.93
151259,0.10,-0.28,0.93
151269,0.10,-0.28,0.94
151278,0.11,-0.29,0.94
151288,0.11,-0.29,0.94
151298,0.11,-0.30,0.94
151307,0.12,-0.30,0.94
151317,0.12,-0.31,0.95
151326,0.13,-0.31,0.95
151336,0.13,-0.32,0.95
151346,0.13,-0.32,0.96
151355,0.14,-0.33,0.95
151365,0.15,-0.33,0.95
151375,0.16,-0.33,0.94
151384,0.16,-0.33,0.93
151394,0.16,-0.33,0.93
151403,0.16,-0.33,0.92
151413,0.16,-0.32,0.92
151423,0.16,-0.32,0.93
151432,0.15,-0.32,0.93
151442,0.15,-0.32,0.93
151451,0.15,-0.32,0.93
151461,0.15,-0.33,0.94
151471,0.14,-0.34,0.94
151480,0.14,-0.35,0.94
151490,0.14,-0.36,0.93
151500,0.14,-0.37,0.93
151509,0.13,-0.37,0.92
151519,0.13,-0.36,0.91
151528,0.14,-0.35,0.91
151538,0.14,-0.35,0.90
151548,0.14,-0.34,0.90
151557,0.13,-0.33,0.90
151567,0.13,-0.32,0.90
151576,0.12,-0.31,0.90
151586,0.12,-0.31,0.91
151596,0.12,-0.30,0.91
151605,0.12,-0.29,0.91
151615,0.12,-0.28,0.91
151625,0.13,-0.28,0.92
151634,0.13,-0.28,0.92
151644,0.14,-0.29,0.92
151653,0.14,-0.30,0.92
151663,0.14,-0.31,0.92
151673,0.14,-0.32,0.93
151682,0.14,-0.32,0.93
151692,0.14,-0.32,0.94
151701,0.15,-0.33,0.94
151711,0.15,-0.34,0.94
151721,0.16,-0.35,0.94
151730,0.16,-0.36,0.94
151740,0.15,-0.37,0.95
151750,0.15,-0.37,0.95
151759,0.14,-0.37,0.96
151769,0.14,-0.37,0.96
151778,0.14,-0.36,0.96
151788,0.15,-0.37,0.95
151798,0.16,-0.37,0.93
151807,0.16,-0.38,0.92
151817,0.17,-0.37,0.90
151826,0.17,-0.37,0.90
151836,0.17,-0.36,0.90
151846,0.17,-0.36,0.90
151855,0.16,-0.36,0.90
151865,0.15,-0.35,0.91
151875,0.15,-0.33,0.92
151884,0.15,-0.31,0.92
151894,0.16,-0.30,0.93
151903,0.16,-0.30,0.93
151913,0.16,-0.29,0.93
151923,0.17,-0.30,0.93
151932,0.18,-0.31,0.93
151942,0.18,-0.32,0.93
151951,0.18,-0.34,0.94
151961,0.17,-0.36,0.95
151971,0.17,-0.38,0.95
151980,0.16,-0.38,0.96
151990,0.16,-0.39,0.96
152000,0.16,-0.38,0.96
152009,0.17,-0.37,0.96
152019,0.16,-0.37,0.96
152028,0.16,-0.37,0.95
152038,0.16,-0.35,0.95
152048,0.16,-0.35,0.94
152057,0.15,-0.34,0.94
152067,0.15,-0.34,0.94
152076,0.14,-0.33,0.93
152086,0.14,-0.32,0.93
152096,0.15,-0.31,0.93
152105,0.15,-0.30,0.92
152115,0.16,-0.30,0.92
152125,0.16,-0.30,0.92
152134,0.16,-0.31,0.92
152144,0.16,-0.32,0.92
152153,0.17,-0.33,0.92
152163,0.16,-0.34,0.92
152173,0.16,-0.34,0.93
152182,0.16,-0.35,0.93
152192,0.16,-0.35,0.94
152201,0.17,-0.36,0.94
152211,0.17,-0.36,0.94
152221,0.17,-0.36,0.93
152230,0.17,-0.36,0.93
152240,0.18,-0.36,0.92
152250,0.18,-0.35,0.92
152259,0.18,-0.35,0.91
152269,0.18,-0.35,0.91
152278,0.18,-0.35,0.91
152288,0.18,-0.35,0.91
152298,0.18,-0.35,0.91
152307,0.18,-0.35,0.91
152317,0.18,-0.36,0.91
152326,0.18,-0.36,0.91
152336,0.18,-0.36,0.91
152346,0.18,-0.35,0.91
152355,0.19,-0.35,0.91
152365,0.19,-0.34,0.91
152375,0.20,-0.34,0.91
152384,0.20,-0.35,0.91
152394,0.20,-0.35,0.91
152403,0.19,-0.35,0.91
152413,0.19,-0.35,0.91
152423,0.19,-0.34,0.92
152432,0.19,-0.34,0.92
152442,0.19,-0.34,0.92
152451,0.19,-0.34,0.92
152461,0.19,-0.35,0.92
152471,0.19,-0.35,0.93
152480,0.18,-0.35,0.93
152490,0.17,-0.35,0.94
152500,0.17,-0.34,0.94
152509,0.18,-0.34,0.94
152519,0.18,-0.34,0.94
152528,0.17,-0.33,0.94
152538,0.17,-0.33,0.94
152548,0.17,-0.33,0.94
152557,0.17,-0.33,0.94
152567,0.17,-0.33,0.93
152576,0.18,-0.33,0.93
152586,0.18,-0.33,0.92
152596,0.18,-0.34,0.92
152605,0.19,-0.35,0.91
152615,0.19,-0.35,0.91
152625,0.19,-0.35,0.91
152634,0.19,-0.35,0.91
152644,0.19,-0.34,0.91
152653,0.19,-0.34,0.92
152663,0.19,-0.33,0.92
152673,0.19,-0.33,0.92
152682,0.18,-0.33,0.93
152692,0.18,-0.34,0.93
152701,0.18,-0.34,0.94
152711,0.18,-0.34,0.94
152721,0.18,-0.34,0.95
152730,0.17,-0.33,0.95
152740,0.17,-0.33,0.95
152750,0.17,-0.33,0.95
152759,0.17,-0.33,0.95
152769,0.16,-0.32,0.94
152778,0.17,-0.32,0.94
152788,0.17,-0.31,0.94
152798,0.18,-0.31,0.94
152807,0.18,-0.32,0.94
152817,0.17,-0.32,0.94
152826,0.17,-0.33,0.94
152836,0.16,-0.33,0.94
152846,0.16,-0.33,0.94
152855,0.16,-0.32,0.94
152865,0.16,-0.32,0.94
152875,0.16,-0.32,0.93
152884,0.16,-0.32,0.93
152894,0.16,-0.32,0.93
152903,0.16,-0.32,0.93
152913,0.16,-0.32,0.94
152923,0.16,-0.33,0.93
152932,0.16,-0.33,0.93
152942,0.15,-0.33,0.94
152951,0.16,-0.33,0.94
152961,0.16,-0.33,0.93
152971,0.16,-0.33,0.93
152980,0.16,-0.33,0.93
152990,0.15,-0.33,0.93
153000,0.15,-0.33,0.93
153009,0.14,-0.31,0.93
153019,0.14,-0.30,0.94
153028,0.13,-0.29,0.94
153038,0.13,-0.28,0.95
153048,0.12,-0.28,0.95
153057,0.12,-0.29,0.95
153067,0.11,-0.30,0.95
153076,0.12,-0.31,0.94
153086,0.13,-0.32,0.92
153096,0.13,-0.32,0.92
153105,0.14,-0.32,0.90
153115,0.14,-0.32,0.90
153125,0.15,-0.32,0.90
153134,0.16,-0.32,0.91
153144,0.16,-0.32,0.92
153153,0.14,-0.32,0.92
153163,0.14,-0.32,0.93
153173,0.13,-0.32,0.94
153182,0.13,-0.32,0.95
153192,0.13,-0.32,0.95
153201,0.13,-0.33,0.95
153211,0.13,-0.35,0.95
153221,0.13,-0.36,0.95
153230,0.13,-0.36,0.94
153240,0.12,-0.37,0.94
153250,0.12,-0.36,0.94
153259,0.12,-0.35,0.93
153269,0.11,-0.34,0.93
153278,0.11,-0.34,0.93
153288,0.10,-0.32,0.93
153298,0.10,-0.31,0.93
153307,0.10,-0.30,0.93
153317,0.10,-0.30,0.93
153326,0.10,-0.29,0.93
153336,0.10,-0.29,0.92
153346,0.10,-0.29,0.92
153355,0.10,-0.29,0.92
153365,0.10,-0.29,0.92
153375,0.10,-0.30,0.92
153384,0.10,-0.31,0.92
153394,0.09,-0.31,0.93
153403,0.09,-0.32,0.93
153413,0.09,-0.32,0.94
153423,0.09,-0.32,0.95
153432,0.09,-0.32,0.95
153442,0.09,-0.32,0.95
153451,0.09,-0.32,0.95
153461,0.09,-0.32,0.95
153471,0.09,-0.32,0.95
153480,0.09,-0.33,0.95
153490,0.09,-0.33,0.95
153500,0.09,-0.32,0.95
153509,0.09,-0.31,0.95
153519,0.09,-0.30,0.95
153528,0.09,-0.29,0.95
153538,0.10,-0.29,0.94
153548,0.10,-0.29,0.94
153557,0.10,-0.29,0.94
153567,0.10,-0.30,0.94
153576,0.09,-0.31,0.94
153586,0.10,-0.31,0.94
153596,0.10,-0.31,0.93
153605,0.11,-0.31,0.93
153615,0.11,-0.31,0.93
153625,0.11,-0.32,0.93
153634,0.11,-0.32,0.94
153644,0.10,-0.31,0.94
153653,0.10,-0.32,0.95
153663,0.09,-0.32,0.95
153673,0.09,-0.32,0.96
153682,0.09,-0.32,0.96
153692,0.09,-0.31,0.96
153701,0.08,-0.31,0.96
153711,0.08,-0.29,0.95
153721,0.09,-0.29,0.95
153730,0.10,-0.30,0.95
153740,0.10,-0.30,0.94
153750,0.10,-0.32,0.93
153759,0.10,-0.33,0.93
153769,0.11,-0.33,0.93
153778,0.11,-0.33,0.92
153788,0.11,-0.33,0.93
153798,0.11,-0.32,0.93
153807,0.10,-0.31,0.93
153817,0.10,-0.30,0.94
153826,0.10,-0.29,0.94
153836,0.10,-0.29,0.95
153846,0.10,-0.30,0.95
153855,0.10,-0.31,0.95
153865,0.10,-0.32,0.95
153875,0.10,-0.32,0.95
153884,0.10,-0.33,0.95
153894,0.10,-0.33,0.95
153903,0.10,-0.33,0.95
153913,0.10,-0.33,0.94
153923,0.11,-0.32,0.94
153932,0.11,-0.32,0.94
153942,0.11,-0.31,0.94
153951,0.10,-0.31,0.94
153961,0.10,-0.31,0.94
153971,0.10,-0.31,0.94
153980,0.10,-0.32,0.94
153990,0.10,-0.32,0.94
154000,0.10,-0.32,0.94
154009,0.10,-0.32,0.94
154019,0.10,-0.32,0.94
154028,0.10,-0.32,0.94
154038,0.10,-0.32,0.94
154048,0.10,-0.32,0.95
154057,0.10,-0.32,0.95
154067,0.10,-0.31,0.94
154076,0.10,-0.31,0.94
154086,0.10,-0.31,0.94
154096,0.10,-0.32,0.94
154105,0.10,-0.32,0.94
154115,0.10,-0.31,0.94
154125,0.10,-0.31,0.94
154134,0.10,-0.31,0.94
154144,0.10,-0.31,0.94
154153,0.10,-0.31,0.94
154163,0.10,-0.31,0.94
154173,0.10,-0.31,0.94
154182,0.10,-0.32,0.94
154192,0.10,-0.32,0.93
154201,0.10,-0.32,0.93
154211,0.10,-0.32,0.93
154221,0.10,-0.32,0.94
154230,0.10,-0.32,0.94
154240,0.09,-0.32,0.94
154250,0.09,-0.32,0.94
154259,0.09,-0.32,0.94
154269,0.09,-0.31,0.94
154278,0.09,-0.31,0.94
154288,0.09,-0.31,0.93
154298,0.09,-0.32,0.93
154307,0.09,-0.32,0.93
154317,0.09,-0.33,0.94
154326,0.08,-0.32,0.94
154336,0.08,-0.32,0.95
154346,0.08,-0.31,0.95
154355,0.08,-0.30,0.95
154365,0.08,-0.30,0.95
154375,0.09,-0.31,0.94
154384,0.09,-0.33,0.94
154394,0.09,-0.33,0.93
154403,0.10,-0.34,0.93
154413,0.10,-0.34,0.93
154423,0.10,-0.33,0.93
154432,0.09,-0.33,0.94
154442,0.09,-0.32,0.94
154451,0.09,-0.31,0.95
154461,0.09,-0.30,0.95
154471,0.09,-0.30,0.95
154480,0.09,-0.31,0.95
154490,0.09,-0.32,0.95
154500,0.08,-0.33,0.96
154509,0.08,-0.34,0.96
154519,0.08,-0.34,0.96
154528,0.08,-0.34,0.96
154538,0.09,-0.34,0.95
154548,0.09,-0.34,0.95
154557,0.09,-0.33,0.94
154567,0.09,-0.32,0.94
154576,0.09,-0.31,0.94
154586,0.09,-0.31,0.93
154596,0.10,-0.31,0.94
154605,0.10,-0.31,0.94
154615,0.09,-0.32,0.94
154625,0.09,-0.32,0.94
154634,0.09,-0.33,0.95
154644,0.08,-0.33,0.95
154653,0.08,-0.33,0.95
154663,0.08,-0.33,0.95
154673,0.08,-0.32,0.95
154682,0.09,-0.32,0.94
154692,0.09,-0.31,0.94
154701,0.10,-0.30,0.93
154711,0.10,-0.31,0.93
154721,0.10,-0.31,0.94
154730,0.09,-0.31,0.94
154740,0.09,-0.32,0.95
154750,0.09,-0.33,0.95
154759,0.09,-0.33,0.95
154769,0.09,-0.33,0.95
154778,0.09,-0.33,0.95
154788,0.09,-0.33,0.95
154798,0.10,-0.32,0.95
154807,0.10,-0.32,0.94
154817,0.10,-0.32,0.94
154826,0.10,-0.32,0.94
154836,0.10,-0.32,0.95
154846,0.10,-0.33,0.95
154855,0.10,-0.33,0.95
154865,0.10,-0.33,0.94
154875,0.10,-0.33,0.94
154884,0.11,-0.32,0.93
154894,0.12,-0.32,0.92
154903,0.12,-0.31,0.92
154913,0.12,-0.31,0.92
154923,0.12,-0.31,0.93
154932,0.12,-0.33,0.93
154942,0.11,-0.34,0.92
154951,0.11,-0.34,0.92
154961,0.11,-0.33,0.92
154971,0.11,-0.32,0.93
154980,0.11,-0.30,0.93
154990,0.11,-0.29,0.94
155000,0.11,-0.28,0.94
155009,0.11,-0.29,0.94
155019,0.11,-0.30,0.95
155028,0.11,-0.32,0.95
155038,0.11,-0.34,0.95
155048,0.11,-0.35,0.94
155057,0.11,-0.35,0.93
155067,0.12,-0.34,0.92
155076,0.12,-0.33,0.92
155086,0.13,-0.31,0.92
155096,0.13,-0.30,0.92
155105,0.13,-0.29,0.92
155115,0.12,-0.29,0.93
155125,0.12,-0.29,0.94
155134,0.11,-0.30,0.95
155144,0.11,-0.31,0.95
155153,0.11,-0.32,0.94
155163,0.11,-0.33,0.94
155173,0.12,-0.33,0.94
155182,0.12,-0.33,0.94
155192,0.12,-0.33,0.94
155201,0.12,-0.33,0.93
155211,0.12,-0.32,0.93
155221,0.12,-0.32,0.93
155230,0.12,-0.32,0.93
155240,0.12,-0.31,0.93
155250,0.12,-0.31,0.93
155259,0.12,-0.32,0.93
155269,0.12,-0.32,0.92
155278,0.13,-0.32,0.92
155288,0.13,-0.32,0.92
155298,0.13,-0.33,0.92
155307,0.12,-0.33,0.92
155317,0.12,-0.33,0.92
155326,0.12,-0.33,0.93
155336,0.13,-0.32,0.93
155346,0.13,-0.32,0.93
155355,0.13,-0.31,0.93
155365,0.14,-0.31,0.93
155375,0.14,-0.31,0.93
155384,0.15,-0.31,0.93
155394,0.15,-0.32,0.93
155403,0.15,-0.33,0.93
155413,0.15,-0.34,0.93
155423,0.15,-0.34,0.93
155432,0.15,-0.34,0.94
155442,0.15,-0.34,0.94
155451,0.15,-0.34,0.94
155461,0.15,-0.34,0.94
155471,0.16,-0.34,0.93
155480,0.16,-0.34,0.93
155490,0.16,-0.33,0.93
155500,0.16,-0.33,0.93
155509,0.16,-0.33,0.93
155519,0.16,-0.32,0.93
155528,0.17,-0.32,0.93
155538,0.17,-0.33,0.92
155548,0.17,-0.33,0.92
155557,0.17,-0.34,0.92
155567,0.17,-0.34,0.92
155576,0.17,-0.34,0.91
155586,0.18,-0.34,0.91
155596,0.18,-0.35,0.91
155605,0.18,-0.35,0.91
155615,0.17,-0.35,0.91
155625,0.17,-0.35,0.91
155634,0.17,-0.34,0.92
155644,0.16,-0.33,0.92
155653,0.16,-0.32,0.93
155663,0.16,-0.31,0.93
155673,0.16,-0.32,0.93
155682,0.16,-0.32,0.93
155692,0.15,-0.33,0.94
155701,0.15,-0.34,0.94
155711,0.15,-0.35,0.94
155721,0.15,-0.35,0.94
155730,0.15,-0.35,0.94
155740,0.15,-0.34,0.95
155750,0.15,-0.34,0.95
155759,0.14,-0.33,0.95
155769,0.13,-0.33,0.95
155778,0.13,-0.32,0.95
155788,0.14,-0.32,0.94
155798,0.14,-0.31,0.94
155807,0.14,-0.31,0.94
155817,0.13,-0.31,0.95
155826,0.13,-0.32,0.95
155836,0.12,-0.32,0.96
155846,0.12,-0.33,0.95
155855,0.12,-0.32,0.95
155865,0.13,-0.31,0.94
155875,0.14,-0.30,0.93
155884,0.14,-0.29,0.93
155894,0.15,-0.29,0.93
155903,0.15,-0.30,0.94
155913,0.15,-0.31,0.94
155923,0.15,-0.32,0.94
155932,0.15,-0.33,0.94
155942,0.15,-0.33,0.94
155951,0.16,-0.33,0.94
155961,0.16,-0.34,0.94
155971,0.16,-0.34,0.93
155980,0.16,-0.34,0.94
155990,0.16,-0.35,0.94
156000,0.15,-0.35,0.95
156009,0.14,-0.35,0.94
156019,0.14,-0.34,0.94
156028,0.15,-0.34,0.94
156038,0.14,-0.33,0.93
156048,0.14,-0.32,0.93
156057,0.14,-0.31,0.92
156067,0.14,-0.30,0.93
156076,0.14,-0.30,0.93
156086,0.14,-0.30,0.93
156096,0.14,-0.30,0.93
156105,0.14,-0.30,0.93
156115,0.14,-0.31,0.93
156125,0.14,-0.31,0.93
156134,0.14,-0.32,0.93
156144,0.14,-0.33,0.94
156153,0.14,-0.34,0.94
156163,0.14,-0.34,0.95
156173,0.14,-0.35,0.95
156182,0.14,-0.34,0.95
156192,0.14,-0.33,0.95
156201,0.15,-0.32,0.95
156211,0.15,-0.32,0.94
156221,0.15,-0.32,0.94
156230,0.15,-0.32,0.94
156240,0.15,-0.32,0.94
156250,0.15,-0.32,0.94
156259,0.14,-0.32,0.94
156269,0.15,-0.33,0.94
156278,0.15,-0.33,0.94
156288,0.15,-0.32,0.94
156298,0.15,-0.32,0.94
156307,0.15,-0.31,0.94
156317,0.15,-0.30,0.94
156326,0.15,-0.30,0.94
156336,0.15,-0.30,0.94
156346,0.16,-0.31,0.94
156355,0.16,-0.32,0.94
156365,0.16,-0.33,0.94
156375,0.16,-0.34,0.95
156384,0.16,-0.34,0.94
156394,0.16,-0.34,0.94
156403,0.16,-0.34,0.93
156413,0.16,-0.33,0.93
156423,0.16,-0.32,0.93
156432,0.15,-0.32,0.94
156442,0.14,-0.31,0.95
156451,0.13,-0.31,0.95
156461,0.13,-0.30,0.95
156471,0.13,-0.29,0.95
156480,0.13,-0.28,0.95
156490,0.14,-0.28,0.95
156500,0.14,-0.28,0.94
156509,0.14,-0.29,0.94
156519,0.15,-0.30,0.94
156528,0.15,-0.31,0.94
156538,0.14,-0.31,0.94
156548,0.14,-0.31,0.94
156557,0.15,-0.30,0.94
156567,0.16,-0.30,0.94
156576,0.16,-0.30,0.94
156586,0.17,-0.30,0.94
156596,0.17,-0.31,0.95
156605,0.16,-0.32,0.96
156615,0.15,-0.34,0.96
156625,0.14,-0.35,0.96
156634,0.13,-0.36,0.96
156644,0.13,-0.35,0.95
156653,0.13,-0.33,0.94
156663,0.14,-0.32,0.93
156673,0.14,-0.29,0.93
156682,0.15,-0.28,0.92
156692,0.15,-0.27,0.92
156701,0.15,-0.27,0.92
156711,0.14,-0.28,0.91
156721,0.14,-0.29,0.91
156730,0.14,-0.30,0.90
156740,0.14,-0.30,0.90
156750,0.14,-0.31,0.90
156759,0.14,-0.30,0.90
156769,0.14,-0.30,0.90
156778,0.14,-0.30,0.91
156788,0.14,-0.30,0.92
156798,0.13,-0.29,0.93
156807,0.13,-0.29,0.94
156817,0.13,-0.29,0.94
156826,0.13,-0.29,0.94
156836,0.12,-0.30,0.95
156846,0.12,-0.30,0.95
156855,0.12,-0.30,0.95
156865,0.12,-0.30,0.95
156875,0.12,-0.30,0.94
156884,0.13,-0.29,0.94
156894,0.13,-0.29,0.94
156903,0.13,-0.28,0.94
156913,0.13,-0.28,0.94
156923,0.13,-0.28,0.94
156932,0.13,-0.28,0.94
156942,0.13,-0.29,0.94
156951,0.13,-0.29,0.94
156961,0.13,-0.30,0.94
156971,0.13,-0.30,0.94
156980,0.13,-0.30,0.95
156990,0.13,-0.30,0.95
157000,0.12,-0.30,0.95
157009,0.13,-0.30,0.95
157019,0.13,-0.30,0.95
157028,0.13,-0.31,0.94
157038,0.13,-0.30,0.93
157048,0.13,-0.30,0.93
157057,0.13,-0.30,0.93
157067,0.13,-0.30,0.92
157076,0.13,-0.30,0.92
157086,0.13,-0.30,0.92
157096,0.13,-0.29,0.92
157105,0.13,-0.28,0.93
157115,0.13,-0.28,0.94
157125,0.12,-0.28,0.95
157134,0.12,-0.28,0.96
157144,0.11,-0.29,0.96
157153,0.11,-0.30,0.97
157163,0.10,-0.31,0.97
157173,0.10,-0.32,0.97
157182,0.10,-0.32,0.96
157192,0.10,-0.32,0.96
157201,0.10,-0.32,0.96
157211,0.10,-0.31,0.95
157221,0.11,-0.30,0.96
157230,0.10,-0.30,0.96
157240,0.10,-0.30,0.96
157250,0.09,-0.30,0.96
157259,0.09,-0.30,0.95
157269,0.10,-0.30,0.95
157278,0.10,-0.30,0.95
157288,0.09,-0.31,0.95
157298,0.08,-0.31,0.95
157307,0.08,-0.31,0.95
157317,0.08,-0.30,0.95
157326,0.08,-0.29,0.95
157336,0.09,-0.28,0.95
157346,0.09,-0.28,0.95
157355,0.10,-0.28,0.95
157365,0.10,-0.29,0.95
157375,0.10,-0.30,0.94
157384,0.10,-0.31,0.95
157394,0.10,-0.31,0.95
157403,0.10,-0.32,0.95
157413,0.10,-0.32,0.94
157423,0.10,-0.32,0.94
157432,0.10,-0.32,0.94
157442,0.11,-0.31,0.94
157451,0.11,-0.31,0.94
157461,0.11,-0.31,0.94
157471,0.11,-0.30,0.94
157480,0.11,-0.30,0.94
157490,0.11,-0.30,0.95
157500,0.10,-0.31,0.95
157509,0.10,-0.31,0.96
157519,0.09,-0.31,0.96
157528,0.09,-0.31,0.97
157538,0.09,-0.32,0.97
157548,0.09,-0.32,0.96
157557,0.09,-0.32,0.95
157567,0.09,-0.32,0.94
157576,0.10,-0.31,0.94
157586,0.10,-0.31,0.94
157596,0.10,-0.31,0.94
157605,0.09,-0.31,0.94
157615,0.09,-0.31,0.95
157625,0.09,-0.30,0.95
157634,0.09,-0.30,0.95
157644,0.09,-0.30,0.95
157653,0.10,-0.30,0.94
157663,0.10,-0.31,0.94
157673,0.10,-0.32,0.94
157682,0.10,-0.33,0.94
157692,0.11,-0.34,0.94
157701,0.11,-0.34,0.93
157711,0.11,-0.34,0.92
157721,0.12,-0.34,0.92
157730,0.12,-0.34,0.93
157740,0.11,-0.34,0.93
157750,0.10,-0.34,0.94
157759,0.10,-0.33,0.94
157769,0.10,-0.32,0.95
157778,0.10,-0.31,0.96
157788,0.10,-0.31,0.96
157798,0.09,-0.32,0.95
157807,0.09,-0.32,0.95
157817,0.09,-0.32,0.95
157826,0.09,-0.32,0.95
157836,0.09,-0.32,0.95
157846,0.09,-0.32,0.95
157855,0.09,-0.32,0.95
157865,0.09,-0.31,0.95
157875,0.09,-0.31,0.96
157884,0.09,-0.31,0.96
157894,0.09,-0.31,0.96
157903,0.09,-0.32,0.95
157913,0.09,-0.32,0.94
157923,0.10,-0.32,0.94
157932,0.09,-0.33,0.94
157942,0.09,-0.33,0.94
157951,0.09,-0.34,0.94
157961,0.09,-0.35,0.94
157971,0.09,-0.36,0.94
157980,0.09,-0.36,0.93
157990,0.09,-0.35,0.93
158000,0.08,-0.34,0.93
158009,0.09,-0.33,0.93
158019,0.10,-0.32,0.93
158028,0.10,-0.32,0.93
158038,0.09,-0.31,0.93
158048,0.09,-0.32,0.93
158057,0.08,-0.32,0.93
158067,0.08,-0.32,0.94
158076,0.08,-0.32,0.94
158086,0.08,-0.32,0.95
158096,0.08,-0.32,0.95
158105,0.08,-0.33,0.95
158115,0.08,-0.33,0.95
158125,0.08,-0.34,0.95
158134,0.08,-0.34,0.95
158144,0.08,-0.33,0.95
158153,0.09,-0.33,0.95
158163,0.09,-0.33,0.94
158173,0.09,-0.33,0.94
158182,0.09,-0.33,0.94
158192,0.09,-0.33,0.94
158201,0.09,-0.33,0.94
158211,0.08,-0.33,0.95
158221,0.08,-0.33,0.95
158230,0.08,-0.32,0.95
158240,0.08,-0.32,0.95
158250,0.09,-0.33,0.95
158259,0.09,-0.33,0.94
158269,0.09,-0.33,0.94
158278,0.09,-0.33,0.94
158288,0.09,-0.32,0.94
158298,0.09,-0.31,0.94
158307,0.09,-0.30,0.95
158317,0.09,-0.30,0.95
158326,0.09,-0.30,0.95
158336,0.09,-0.31,0.94
158346,0.09,-0.33,0.94
158355,0.09,-0.33,0.94
158365,0.09,-0.33,0.94
158375,0.10,-0.32,0.93
158384,0.10,-0.31,0.94
158394,0.10,-0.31,0.94
158403,0.09,-0.31,0.95
158413,0.09,-0.30,0.96
158423,0.09,-0.30,0.96
158432,0.09,-0.30,0.96
158442,0.09,-0.31,0.95
158451,0.10,-0.31,0.95
158461,0.11,-0.31,0.94
158471,0.11,-0.32,0.94
158480,0.11,-0.32,0.94
158490,0.11,-0.32,0.93
158500,0.11,-0.32,0.93
158509,0.10,-0.31,0.93
158519,0.10,-0.31,0.94
158528,0.10,-0.30,0.94
158538,0.10,-0.30,0.94
158548,0.10,-0.30,0.94
158557,0.10,-0.30,0.93
158567,0.10,-0.30,0.93
158576,0.10,-0.30,0.94
158586,0.10,-0.31,0.94
158596,0.09,-0.31,0.94
158605,0.09,-0.31,0.94
158615,0.09,-0.31,0.94
158625,0.09,-0.31,0.94
158634,0.09,-0.30,0.94
158644,0.10,-0.29,0.93
158653,0.10,-0.28,0.93
158663,0.10,-0.28,0.93
158673,0.10,-0.28,0.94
158682,0.09,-0.29,0.95
158692,0.09,-0.30,0.95
158701,0.09,-0.31,0.96
158711,0.09,-0.32,0.96
158721,0.09,-0.32,0.95
158730,0.10,-0.31,0.95
158740,0.10,-0.30,0.95
158750,0.11,-0.30,0.94
158759,0.11,-0.30,0.94
158769,0.11,-0.31,0.93
158778,0.11,-0.32,0.93
158788,0.12,-0.32,0.93
158798,0.12,-0.32,0.93
158807,0.12,-0.32,0.93
158817,0.12,-0.32,0.94
158826,0.12,-0.32,0.94
158836,0.11,-0.31,0.95
158846,0.12,-0.30,0.96
158855,0.12,-0.30,0.96
158865,0.10,-0.30,0.97
158875,0.08,-0.30,0.97
158884,0.07,-0.30,0.98
158894,0.07,-0.30,0.98
158903,0.06,-0.30,0.98
158913,0.06,-0.29,0.98
158923,0.06,-0.28,0.97
158932,0.06,-0.27,0.96
158942,0.08,-0.26,0.96
158951,0.09,-0.27,0.95
158961,0.10,-0.29,0.94
158971,0.11,-0.33,0.93
158980,0.10,-0.36,0.92
158990,0.10,-0.38,0.91
159000,0.10,-0.38,0.90
159009,0.10,-0.38,0.89
159019,0.09,-0.37,0.89
159028,0.09,-0.34,0.90
159038,0.10,-0.29,0.92
159048,0.10,-0.25,0.95
159057,0.10,-0.24,0.97
159067,0.10,-0.25,0.98
159076,0.09,-0.28,0.98
159086,0.09,-0.30,0.97
159096,0.09,-0.32,0.96
159105,0.09,-0.34,0.95
159115,0.09,-0.35,0.95
159125,0.08,-0.34,0.95
159134,0.08,-0.31,0.95
159144,0.08,-0.29,0.96
159153,0.08,-0.26,0.96
159163,0.09,-0.26,0.96
159173,0.09,-0.27,0.95
159182,0.10,-0.28,0.95
159192,0.11,-0.29,0.95
159201,0.11,-0.31,0.95
159211,0.10,-0.32,0.96
159221,0.09,-0.32,0.96
159230,0.08,-0.33,0.96
159240,0.08,-0.32,0.95
159250,0.09,-0.32,0.95
159259,0.09,-0.30,0.94
159269,0.10,-0.29,0.94
159278,0.11,-0.29,0.93
159288,0.11,-0.29,0.93
159298,0.11,-0.29,0.92
159307,0.11,-0.29,0.92
159317,0.11,-0.29,0.92
159326,0.11,-0.29,0.93
159336,0.12,-0.29,0.94
159346,0.12,-0.30,0.95
159355,0.12,-0.30,0.95
159365,0.12,-0.31,0.95
159375,0.13,-0.31,0.94
159384,0.13,-0.31,0.93
159394,0.12,-0.29,0.93
159403,0.12,-0.28,0.94
159413,0.11,-0.27,0.95
159423,0.11,-0.27,0.96
159432,0.10,-0.28,0.96
159442,0.09,-0.29,0.97
159451,0.09,-0.29,0.96
159461,0.10,-0.29,0.96
159471,0.10,-0.29,0.95
159480,0.10,-0.29,0.94
159490,0.11,-0.29,0.94
159500,0.10,-0.28,0.95
159509,0.10,-0.28,0.96
159519,0.09,-0.29,0.97
159528,0.09,-0.30,0.97
159538,0.09,-0.31,0.97
159548,0.09,-0.32,0.96
159557,0.09,-0.32,0.95
159567,0.10,-0.32,0.94
159576,0.12,-0.32,0.92
159586,0.13,-0.32,0.91
159596,0.14,-0.31,0.91
159605,0.14,-0.31,0.92
159615,0.13,-0.31,0.93
159625,0.11,-0.30,0.95
159634,0.10,-0.30,0.96
159644,0.09,-0.30,0.95
159653,0.09,-0.31,0.94
159663,0.09,-0.31,0.92
159673,0.11,-0.31,0.90
159682,0.12,-0.30,0.90
159692,0.12,-0.30,0.91
159701,0.11,-0.30,0.92
159711,0.10,-0.29,0.94
159721,0.09,-0.29,0.96
159730,0.09,-0.29,0.97
159740,0.09,-0.29,0.97
159750,0.09,-0.29,0.96
159759,0.09,-0.29,0.97
159769,0.10,-0.28,0.98
159778,0.10,-0.28,0.99
159788,0.10,-0.29,0.99
159798,0.09,-0.29,1.00
159807,0.08,-0.31,1.00
159817,0.08,-0.31,0.99
159826,0.08,-0.31,0.98
159836,0.08,-0.31,0.97
159846,0.09,-0.30,0.96
159855,0.09,-0.30,0.96
159865,0.09,-0.29,0.95
159875,0.09,-0.28,0.95
159884,0.09,-0.27,0.94
159894,0.09,-0.26,0.94
159903,0.09,-0.26,0.94
159913,0.10,-0.25,0.93
159923,0.11,-0.25,0.92
159932,0.11,-0.25,0.92
159942,0.11,-0.26,0.92
159951,0.11,-0.26,0.92
159961,0.11,-0.26,0.93
159971,0.10,-0.27,0.94
159980,0.09,-0.27,0.95
159990,0.09,-0.27,0.96
160000,0.08,-0.28,0.96
160009,0.08,-0.28,0.96
160019,0.09,-0.28,0.95
160028,0.09,-0.27,0.95
160038,0.09,-0.26,0.95
160048,0.09,-0.26,0.95
160057,0.10,-0.26,0.95
160067,0.09,-0.27,0.95
160076,0.09,-0.28,0.95
160086,0.09,-0.29,0.96
160096,0.08,-0.29,0.96
160105,0.08,-0.29,0.95
160115,0.08,-0.28,0.96
160125,0.08,-0.26,0.96
160134,0.08,-0.24,0.97
160144,0.08,-0.23,0.98
160153,0.09,-0.23,0.98
160163,0.10,-0.24,0.97
160173,0.11,-0.25,0.96
160182,0.12,-0.26,0.96
160192,0.13,-0.27,0.95
160201,0.14,-0.27,0.94
160211,0.14,-0.28,0.94
160221,0.14,-0.29,0.95
160230,0.13,-0.29,0.94
160240,0.13,-0.28,0.95
160250,0.13,-0.28,0.95
160259,0.13,-0.28,0.95
160269,0.13,-0.27,0.96
160278,0.12,-0.27,0.95
160288,0.12,-0.27,0.95
160298,0.12,-0.27,0.94
160307,0.13,-0.27,0.94
160317,0.13,-0.28,0.93
160326,0.14,-0.27,0.92
160336,0.14,-0.27,0.92
160346,0.14,-0.26,0.93
160355,0.13,-0.24,0.94
160365,0.13,-0.23,0.95
160375,0.13,-0.23,0.96
160384,0.13,-0.25,0.95
160394,0.14,-0.26,0.94
160403,0.14,-0.27,0.93
160413,0.14,-0.27,0.93
160423,0.13,-0.26,0.95
160432,0.13,-0.23,0.96
160442,0.12,-0.21,0.98
160451,0.13,-0.21,0.99
160461,0.13,-0.21,0.99
160471,0.14,-0.22,0.98
160480,0.13,-0.23,0.97
160490,0.12,-0.25,0.97
160500,0.11,-0.27,0.98
160509,0.10,-0.29,0.97
160519,0.11,-0.30,0.96
160528,0.12,-0.31,0.95
160538,0.13,-0.32,0.92
160548,0.17,-0.32,0.91
160557,0.19,-0.31,0.89
160567,0.20,-0.31,0.89
160576,0.21,-0.30,0.89
160586,0.20,-0.30,0.90
160596,0.19,-0.31,0.91
160605,0.19,-0.32,0.92
160615,0.18,-0.33,0.94
160625,0.16,-0.34,0.94
160634,0.15,-0.34,0.95
160644,0.14,-0.33,0.95
160653,0.14,-0.32,0.95
160663,0.15,-0.30,0.94
160673,0.15,-0.30,0.94
160682,0.15,-0.29,0.93
160692,0.15,-0.29,0.93
160701,0.14,-0.28,0.93
160711,0.13,-0.28,0.95
160721,0.11,-0.27,0.97
160730,0.11,-0.27,0.98
160740,0.10,-0.29,0.98
160750,0.11,-0.31,0.96
160759,0.13,-0.32,0.95
160769,0.14,-0.33,0.93
160778,0.15,-0.33,0.91
160788,0.16,-0.32,0.91
160798,0.17,-0.32,0.90
160807,0.17,-0.31,0.90
160817,0.17,-0.31,0.91
160826,0.16,-0.30,0.91
160836,0.15,-0.29,0.93
160846,0.15,-0.28,0.94
160855,0.14,-0.28,0.94
160865,0.14,-0.28,0.94
160875,0.14,-0.29,0.93
160884,0.15,-0.30,0.92
160894,0.16,-0.32,0.92
160903,0.16,-0.32,0.93
160913,0.15,-0.33,0.93
160923,0.14,-0.33,0.94
160932,0.13,-0.32,0.95
160942,0.12,-0.30,0.95
160951,0.12,-0.28,0.96
160961,0.13,-0.27,0.96
160971,0.14,-0.27,0.96
160980,0.15,-0.30,0.95
160990,0.14,-0.33,0.94
161000,0.12,-0.36,0.94
161009,0.10,-0.37,0.94
161019,0.10,-0.37,0.95
161028,0.10,-0.36,0.96
161038,0.11,-0.36,0.96
161048,0.11,-0.34,0.95
161057,0.12,-0.33,0.94
161067,0.12,-0.32,0.94
161076,0.12,-0.31,0.94
161086,0.12,-0.31,0.94
161096,0.12,-0.31,0.94
161105,0.11,-0.31,0.94
161115,0.11,-0.30,0.94
161125,0.11,-0.30,0.94
161134,0.12,-0.31,0.95
161144,0.11,-0.31,0.95
161153,0.11,-0.33,0.95
161163,0.10,-0.33,0.95
161173,0.10,-0.33,0.95
161182,0.10,-0.33,0.96
161192,0.10,-0.32,0.96
161201,0.09,-0.31,0.96
161211,0.10,-0.30,0.96
161221,0.10,-0.31,0.96
161230,0.10,-0.31,0.96
161240,0.09,-0.31,0.96
161250,0.09,-0.31,0.96
161259,0.09,-0.31,0.95
161269,0.10,-0.32,0.94
161278,0.10,-0.32,0.93
161288,0.10,-0.32,0.93
161298,0.10,-0.32,0.94
161307,0.09,-0.31,0.94
161317,0.09,-0.30,0.95
161326,0.09,-0.30,0.95
161336,0.09,-0.31,0.96
161346,0.09,-0.31,0.95
161355,0.09,-0.32,0.95
161365,0.09,-0.32,0.94
161375,0.09,-0.31,0.94
161384,0.10,-0.31,0.94
161394,0.09,-0.30,0.94
161403,0.09,-0.30,0.94
161413,0.09,-0.30,0.94
161423,0.09,-0.30,0.94
161432,0.09,-0.30,0.94
161442,0.09,-0.30,0.95
161451,0.08,-0.30,0.95
161461,0.09,-0.30,0.95
161471,0.09,-0.31,0.95
161480,0.10,-0.31,0.94
161490,0.10,-0.32,0.94
161500,0.10,-0.33,0.94
161509,0.10,-0.33,0.94
161519,0.09,-0.32,0.94
161528,0.09,-0.31,0.95
161538,0.09,-0.30,0.95
161548,0.09,-0.29,0.95
161557,0.09,-0.29,0.95
161567,0.09,-0.29,0.95
161576,0.09,-0.31,0.94
161586,0.09,-0.31,0.94
161596,0.09,-0.31,0.94
161605,0.10,-0.30,0.94
161615,0.10,-0.30,0.95
161625,0.09,-0.30,0.96
161634,0.08,-0.30,0.96
161644,0.08,-0.30,0.96
161653,0.09,-0.31,0.95
161663,0.09,-0.32,0.94
161673,0.10,-0.31,0.93
161682,0.10,-0.32,0.93
161692,0.09,-0.31,0.94
161701,0.10,-0.31,0.94
161711,0.10,-0.31,0.94
161721,0.10,-0.31,0.94
161730,0.10,-0.31,0.93
161740,0.10,-0.31,0.92
161750,0.10,-0.31,0.92
161759,0.10,-0.30,0.92
161769,0.10,-0.30,0.93
161778,0.10,-0.30,0.93
161788,0.09,-0.30,0.95
161798,0.08,-0.30,0.96
161807,0.08,-0.30,0.96
161817,0.08,-0.31,0.96
161826,0.09,-0.31,0.95
161836,0.09,-0.32,0.94
161846,0.09,-0.32,0.94
161855,0.09,-0.31,0.94
161865,0.09,-0.31,0.94
161875,0.09,-0.30,0.94
161884,0.09,-0.31,0.94
161894,0.09,-0.31,0.94
161903,0.08,-0.31,0.94
161913,0.08,-0.31,0.94
161923,0.08,-0.30,0.94
161932,0.08,-0.29,0.95
161942,0.08,-0.28,0.95
161951,0.08,-0.29,0.95
161961,0.08,-0.30,0.95
161971,0.08,-0.31,0.94
161980,0.09,-0.31,0.94
161990,0.09,-0.31,0.94
162000,0.09,-0.30,0.94
162009,0.09,-0.30,0.94
162019,0.09,-0.29,0.94
162028,0.09,-0.29,0.94
162038,0.09,-0.29,0.94
162048,0.09,-0.30,0.94
162057,0.09,-0.31,0.95
162067,0.09,-0.31,0.95
162076,0.09,-0.32,0.95
162086,0.09,-0.32,0.94
162096,0.09,-0.32,0.93
162105,0.09,-0.31,0.93
162115,0.09,-0.30,0.94
162125,0.09,-0.30,0.94
162134,0.09,-0.30,0.94
162144,0.08,-0.30,0.95
162153,0.07,-0.30,0.95
162163,0.07,-0.29,0.95
162173,0.07,-0.30,0.95
162182,0.07,-0.30,0.95
162192,0.07,-0.30,0.94
162201,0.07,-0.30,0.94
162211,0.07,-0.31,0.94
162221,0.07,-0.30,0.94
162230,0.07,-0.31,0.94
162240,0.07,-0.31,0.94
162250,0.07,-0.31,0.94
162259,0.07,-0.31,0.94
162269,0.08,-0.30,0.94
162278,0.08,-0.30,0.95
162288,0.08,-0.30,0.95
162298,0.08,-0.30,0.95
162307,0.08,-0.31,0.96
162317,0.07,-0.31,0.96
162326,0.07,-0.32,0.95
162336,0.07,-0.32,0.95
162346,0.07,-0.33,0.94
162355,0.08,-0.32,0.94
162365,0.08,-0.32,0.94
162375,0.08,-0.32,0.94
162384,0.08,-0.31,0.94
162394,0.08,-0.31,0.93
162403,0.08,-0.31,0.93
162413,0.08,-0.31,0.93
162423,0.08,-0.31,0.93
162432,0.08,-0.31,0.93
162442,0.08,-0.31,0.94
162451,0.08,-0.31,0.94
162461,0.08,-0.31,0.95
162471,0.07,-0.32,0.95
162480,0.07,-0.33,0.95
162490,0.07,-0.33,0.95
162500,0.07,-0.34,0.95
162509,0.08,-0.34,0.94
162519,0.08,-0.33,0.94
162528,0.08,-0.33,0.94
162538,0.08,-0.32,0.94
162548,0.08,-0.32,0.94
162557,0.07,-0.30,0.94
162567,0.07,-0.30,0.94
162576,0.07,-0.29,0.94
162586,0.08,-0.30,0.94
162596,0.08,-0.31,0.94
162605,0.08,-0.32,0.94
162615,0.07,-0.34,0.94
162625,0.06,-0.35,0.93
162634,0.06,-0.36,0.93
162644,0.06,-0.35,0.93
162653,0.06,-0.33,0.94
162663,0.06,-0.32,0.94
162673,0.05,-0.30,0.94
162682,0.05,-0.29,0.95
162692,0.05,-0.30,0.96
162701,0.05,-0.30,0.96
162711,0.05,-0.31,0.96
162721,0.05,-0.32,0.95
162730,0.04,-0.33,0.95
162740,0.05,-0.34,0.95
162750,0.05,-0.34,0.94
162759,0.05,-0.34,0.94
162769,0.05,-0.34,0.94
162778,0.05,-0.33,0.94
162788,0.04,-0.32,0.95
162798,0.05,-0.31,0.96
162807,0.05,-0.30,0.96
162817,0.05,-0.30,0.96
162826,0.05,-0.31,0.96
162836,0.05,-0.32,0.95
162846,0.05,-0.33,0.95
162855,0.05,-0.34,0.95
162865,0.06,-0.34,0.94
162875,0.06,-0.35,0.94
162884,0.06,-0.35,0.93
162894,0.07,-0.35,0.93
162903,0.07,-0.34,0.92
162913,0.07,-0.33,0.93
162923,0.07,-0.32,0.93
162932,0.07,-0.30,0.94
162942,0.07,-0.30,0.95
162951,0.07,-0.30,0.96
162961,0.07,-0.31,0.97
162971,0.07,-0.32,0.96
162980,0.07,-0.34,0.95
162990,0.08,-0.35,0.94
163000,0.08,-0.35,0.93
163009,0.08,-0.35,0.93
163019,0.08,-0.34,0.93
163028,0.08,-0.34,0.93
163038,0.08,-0.33,0.93
163048,0.08,-0.33,0.93
163057,0.07,-0.33,0.94
163067,0.07,-0.33,0.94
163076,0.06,-0.33,0.95
163086,0.07,-0.33,0.95
163096,0.06,-0.33,0.95
163105,0.06,-0.34,0.94
163115,0.06,-0.35,0.93
163125,0.07,-0.35,0.93
163134,0.07,-0.34,0.93
163144,0.07,-0.34,0.92
163153,0.07,-0.34,0.93
163163,0.06,-0.33,0.93
163173,0.06,-0.32,0.94
163182,0.06,-0.32,0.95
163192,0.06,-0.33,0.95
163201,0.06,-0.33,0.94
163211,0.06,-0.33,0.94
163221,0.07,-0.32,0.93
163230,0.07,-0.31,0.93
163240,0.08,-0.30,0.94
163250,0.08,-0.30,0.95
163259,0.08,-0.30,0.96
163269,0.08,-0.31,0.96
163278,0.07,-0.32,0.97
163288,0.07,-0.33,0.97
163298,0.07,-0.34,0.96
163307,0.07,-0.34,0.95
163317,0.08,-0.33,0.94
163326,0.08,-0.32,0.94
163336,0.08,-0.30,0.95
163346,0.08,-0.28,0.96
163355,0.07,-0.27,0.98
163365,0.06,-0.28,1.00
163375,0.05,-0.30,1.00
163384,0.04,-0.32,0.99
163394,0.04,-0.33,0.99
163403,0.05,-0.32,0.98
163413,0.06,-0.31,0.98
163423,0.07,-0.31,0.98
163432,0.08,-0.32,0.98
163442,0.07,-0.33,0.98
163451,0.06,-0.34,0.97
163461,0.05,-0.35,0.97
163471,0.05,-0.34,0.96
163480,0.06,-0.33,0.94
163490,0.06,-0.32,0.93
163500,0.06,-0.30,0.92
163509,0.07,-0.28,0.91
163519,0.06,-0.27,0.92
163528,0.06,-0.27,0.93
163538,0.05,-0.27,0.93
163548,0.04,-0.27,0.94
163557,0.03,-0.27,0.94
163567,0.04,-0.27,0.93
163576,0.05,-0.27,0.93
163586,0.06,-0.28,0.93
163596,0.06,-0.29,0.94
163605,0.06,-0.30,0.94
163615,0.06,-0.30,0.95
163625,0.06,-0.31,0.96
163634,0.07,-0.32,0.96
163644,0.07,-0.33,0.95
163653,0.08,-0.34,0.94
163663,0.09,-0.35,0.93
163673,0.10,-0.35,0.92
163682,0.10,-0.35,0.92
163692,0.10,-0.34,0.92
163701,0.10,-0.33,0.92
163711,0.09,-0.32,0.93
163721,0.09,-0.30,0.93
163730,0.09,-0.28,0.93
163740,0.09,-0.26,0.93
163750,0.09,-0.26,0.94
163759,0.09,-0.25,0.94
163769,0.09,-0.26,0.94
163778,0.09,-0.27,0.94
163788,0.08,-0.28,0.95
163798,0.08,-0.28,0.95
163807,0.08,-0.29,0.95
163817,0.08,-0.30,0.95
163826,0.08,-0.31,0.95
163836,0.09,-0.31,0.95
163846,0.09,-0.32,0.95
163855,0.08,-0.32,0.96
163865,0.08,-0.32,0.97
163875,0.08,-0.32,0.97
163884,0.07,-0.34,0.97
163894,0.06,-0.34,0.97
163903,0.06,-0.33,0.96
163913,0.06,-0.32,0.95
163923,0.07,-0.30,0.94
163932,0.07,-0.28,0.94
163942,0.08,-0.26,0.94
163951,0.08,-0.26,0.94
163961,0.08,-0.26,0.93
163971,0.08,-0.26,0.94
163980,0.07,-0.27,0.94
163990,0.07,-0.28,0.94
164000,0.07,-0.28,0.95
164009,0.07,-0.28,0.96
164019,0.08,-0.29,0.95
164028,0.08,-0.30,0.95
164038,0.08,-0.30,0.95
164048,0.09,-0.30,0.95
164057,0.09,-0.29,0.95
164067,0.09,-0.29,0.95
164076,0.09,-0.28,0.96
164086,0.09,-0.27,0.96
164096,0.09,-0.27,0.95
164105,0.10,-0.27,0.95
164115,0.10,-0.27,0.95
164125,0.11,-0.28,0.94
164134,0.10,-0.29,0.94
164144,0.10,-0.30,0.95
164153,0.09,-0.30,0.95
164163,0.09,-0.30,0.95
164173,0.10,-0.31,0.95
164182,0.09,-0.31,0.95
164192,0.09,-0.31,0.94
164201,0.09,-0.30,0.94
164211,0.09,-0.30,0.94
164221,0.09,-0.29,0.94
164230,0.08,-0.28,0.94
164240,0.08,-0.28,0.94
164250,0.07,-0.28,0.94
164259,0.07,-0.28,0.95
164269,0.07,-0.28,0.95
164278,0.07,-0.27,0.94
164288,0.07,-0.27,0.94
164298,0.07,-0.27,0.94
164307,0.07,-0.27,0.95
164317,0.07,-0.28,0.95
164326,0.07,-0.29,0.95
164336,0.07,-0.29,0.95
164346,0.07,-0.29,0.95
164355,0.07,-0.28,0.95
164365,0.08,-0.27,0.96
164375,0.09,-0.28,0.96
164384,0.10,-0.29,0.96
164394,0.09,-0.30,0.96
164403,0.08,-0.32,0.97
164413,0.07,-0.33,0.98
164423,0.07,-0.33,0.98
164432,0.07,-0.32,0.98
164442,0.08,-0.31,0.97
164451,0.09,-0.31,0.96
164461,0.09,-0.31,0.95
164471,0.09,-0.30,0.95
164480,0.09,-0.30,0.94
164490,0.08,-0.29,0.94
164500,0.08,-0.28,0.94
164509,0.09,-0.27,0.94
164519,0.09,-0.27,0.94
164528,0.09,-0.28,0.94
164538,0.09,-0.28,0.94
164548,0.09,-0.29,0.94
164557,0.08,-0.30,0.95
164567,0.08,-0.30,0.95
164576,0.08,-0.29,0.96
164586,0.08,-0.29,0.97
164596,0.08,-0.30,0.97
164605,0.09,-0.30,0.97
164615,0.09,-0.30,0.96
164625,0.10,-0.31,0.96
164634,0.10,-0.30,0.96
164644,0.09,-0.30,0.96
164653,0.09,-0.30,0.96
164663,0.09,-0.30,0.97
164673,0.09,-0.30,0.96
164682,0.09,-0.31,0.95
164692,0.10,-0.31,0.94
164701,0.10,-0.31,0.93
164711,0.11,-0.31,0.92
164721,0.11,-0.30,0.92
164730,0.10,-0.29,0.92
164740,0.11,-0.28,0.92
164750,0.11,-0.27,0.93
164759,0.11,-0.26,0.94
164769,0.10,-0.27,0.95
164778,0.10,-0.27,0.96
164788,0.10,-0.28,0.96
164798,0.10,-0.29,0.96
164807,0.10,-0.30,0.96
164817,0.10,-0.31,0.95
164826,0.11,-0.31,0.95
164836,0.11,-0.31,0.95
164846,0.11,-0.32,0.95
164855,0.11,-0.31,0.95
164865,0.11,-0.31,0.94
164875,0.12,-0.30,0.94
164884,0.12,-0.30,0.94
164894,0.12,-0.29,0.94
164903,0.12,-0.30,0.94
164913,0.12,-0.30,0.94
164923,0.12,-0.30,0.95
164932,0.11,-0.31,0.95
164942,0.11,-0.31,0.95
164951,0.10,-0.31,0.96
164961,0.09,-0.31,0.96
164971,0.09,-0.29,0.96
164980,0.10,-0.28,0.95
164990,0.11,-0.26,0.95
165000,0.11,-0.25,0.95
165009,0.12,-0.26,0.95
165019,0.12,-0.27,0.95
165028,0.12,-0.29,0.96
165038,0.12,-0.31,0.96
165048,0.12,-0.32,0.95
165057,0.12,-0.32,0.95
165067,0.12,-0.31,0.95
165076,0.12,-0.31,0.95
165086,0.12,-0.30,0.95
165096,0.13,-0.29,0.95
165105,0.13,-0.28,0.95
165115,0.13,-0.28,0.95
165125,0.13,-0.28,0.94
165134,0.14,-0.28,0.94
165144,0.14,-0.28,0.93
165153,0.14,-0.29,0.93
165163,0.13,-0.30,0.94
165173,0.12,-0.30,0.95
165182,0.11,-0.31,0.97
165192,0.10,-0.32,0.98
165201,0.10,-0.32,0.98
165211,0.10,-0.31,0.97
165221,0.10,-0.31,0.96
165230,0.10,-0.30,0.95
165240,0.11,-0.29,0.93
165250,0.11,-0.28,0.93
165259,0.11,-0.28,0.92
165269,0.11,-0.28,0.92
165278,0.10,-0.28,0.92
165288,0.10,-0.28,0.92
165298,0.09,-0.28,0.93
165307,0.09,-0.28,0.93
165317,0.09,-0.27,0.94
165326,0.09,-0.26,0.95
165336,0.09,-0.25,0.95
165346,0.09,-0.26,0.96
165355,0.10,-0.27,0.96
165365,0.10,-0.28,0.96
165375,0.11,-0.30,0.95
165384,0.11,-0.32,0.95
165394,0.11,-0.32,0.94
165403,0.12,-0.32,0.94
165413,0.12,-0.32,0.94
165423,0.12,-0.31,0.94
165432,0.12,-0.30,0.94
165442,0.13,-0.29,0.94
165451,0.12,-0.28,0.93
165461,0.12,-0.27,0.93
165471,0.12,-0.28,0.94
165480,0.12,-0.28,0.93
165490,0.12,-0.28,0.94
165500,0.11,-0.28,0.94
165509,0.11,-0.29,0.95
165519,0.11,-0.31,0.96
165528,0.10,-0.32,0.97
165538,0.09,-0.33,0.98
165548,0.08,-0.33,0.98
165557,0.07,-0.33,0.99
165567,0.07,-0.32,0.98
165576,0.07,-0.31,0.98
165586,0.07,-0.30,0.97
165596,0.07,-0.29,0.96
165605,0.07,-0.30,0.96
165615,0.07,-0.30,0.95
165625,0.07,-0.30,0.95
165634,0.07,-0.30,0.95
165644,0.07,-0.30,0.94
165653,0.08,-0.30,0.94
165663,0.08,-0.31,0.94
165673,0.07,-0.31,0.94
165682,0.07,-0.30,0.93
165692,0.07,-0.30,0.94
165701,0.07,-0.29,0.94
165711,0.07,-0.29,0.94
165721,0.07,-0.29,0.94
165730,0.07,-0.29,0.93
165740,0.08,-0.29,0.93
165750,0.07,-0.29,0.94
165759,0.07,-0.29,0.94
165769,0.07,-0.29,0.95
165778,0.06,-0.29,0.96
165788,0.06,-0.29,0.96
165798,0.07,-0.29,0.96
165807,0.07,-0.30,0.96
165817,0.07,-0.30,0.96
165826,0.06,-0.30,0.96
165836,0.06,-0.30,0.96
165846,0.06,-0.29,0.96
165855,0.06,-0.29,0.97
165865,0.05,-0.30,0.97
165875,0.05,-0.30,0.97
165884,0.05,-0.29,0.96
165894,0.05,-0.29,0.96
165903,0.06,-0.28,0.95
165913,0.06,-0.28,0.95
165923,0.06,-0.27,0.95
165932,0.06,-0.27,0.95
165942,0.06,-0.27,0.95
165951,0.06,-0.28,0.94
165961,0.07,-0.28,0.94
165971,0.07,-0.29,0.94
165980,0.07,-0.29,0.94
165990,0.06,-0.29,0.94
166000,0.06,-0.30,0.95
166009,0.06,-0.30,0.95
166019,0.05,-0.29,0.95
166028,0.05,-0.28,0.95
166038,0.06,-0.28,0.96
166048,0.06,-0.29,0.97
166057,0.05,-0.29,0.96
166067,0.05,-0.28,0.96
166076,0.06,-0.28,0.95
166086,0.07,-0.27,0.95
166096,0.07,-0.27,0.95
166105,0.06,-0.27,0.95
166115,0.06,-0.27,0.95
166125,0.05,-0.27,0.96
166134,0.05,-0.27,0.96
166144,0.05,-0.27,0.96
166153,0.06,-0.27,0.95
166163,0.06,-0.27,0.95
166173,0.07,-0.27,0.95
166182,0.08,-0.27,0.94
166192,0.07,-0.28,0.94
166201,0.07,-0.29,0.95
166211,0.07,-0.28,0.95
166221,0.06,-0.28,0.96
166230,0.06,-0.27,0.97
166240,0.05,-0.26,0.98
166250,0.05,-0.26,0.98
166259,0.06,-0.26,0.97
166269,0.07,-0.26,0.97
166278,0.07,-0.27,0.97
166288,0.07,-0.27,0.97
166298,0.07,-0.28,0.96
166307,0.07,-0.27,0.97
166317,0.06,-0.27,0.96
166326,0.06,-0.27,0.96
166336,0.07,-0.26,0.95
166346,0.07,-0.25,0.94
166355,0.08,-0.24,0.94
166365,0.09,-0.23,0.93
166375,0.09,-0.23,0.94
166384,0.09,-0.24,0.94
166394,0.08,-0.24,0.94
166403,0.08,-0.25,0.94
166413,0.08,-0.25,0.95
166423,0.08,-0.25,0.95
166432,0.07,-0.27,0.95
166442,0.09,-0.26,0.95
166451,0.09,-0.26,0.97
166461,0.08,-0.26,0.96
166471,0.09,-0.25,0.95
166480,0.09,-0.25,0.95
166490,0.09,-0.24,0.95
166500,0.09,-0.24,0.95
166509,0.09,-0.24,0.96
166519,0.09,-0.25,0.96
166528,0.08,-0.26,0.96
166538,0.09,-0.26,0.96
166548,0.09,-0.26,0.96
166557,0.09,-0.27,0.96
166567,0.09,-0.27,0.96
166576,0.09,-0.27,0.96
166586,0.09,-0.27,0.96
166596,0.09,-0.27,0.96
166605,0.09,-0.26,0.97
166615,0.09,-0.26,0.96
166625,0.09,-0.27,0.96
166634,0.09,-0.27,0.96
166644,0.09,-0.27,0.96
166653,0.09,-0.27,0.96
166663,0.09,-0.26,0.96
166673,0.09,-0.25,0.96
166682,0.09,-0.24,0.96
166692,0.10,-0.25,0.95
166701,0.10,-0.26,0.95
166711,0.10,-0.26,0.94
166721,0.10,-0.26,0.94
166730,0.10,-0.27,0.94
166740,0.11,-0.27,0.94
166750,0.10,-0.26,0.94
166759,0.10,-0.25,0.94
166769,0.10,-0.25,0.95
166778,0.09,-0.24,0.95
166788,0.09,-0.24,0.96
166798,0.09,-0.25,0.97
166807,0.09,-0.26,0.97
166817,0.09,-0.27,0.97
166826,0.09,-0.28,0.96
166836,0.09,-0.27,0.96
166846,0.09,-0.27,0.95
166855,0.10,-0.26,0.94
166865,0.10,-0.25,0.93
166875,0.10,-0.25,0.93
166884,0.11,-0.25,0.93
166894,0.10,-0.26,0.93
166903,0.09,-0.27,0.93
166913,0.08,-0.26,0.93
166923,0.08,-0.26,0.94
166932,0.08,-0.27,0.94
166942,0.08,-0.28,0.95
166951,0.08,-0.30,0.95
166961,0.07,-0.31,0.95
166971,0.07,-0.32,0.96
166980,0.08,-0.32,0.97
166990,0.07,-0.31,0.97
167000,0.08,-0.31,0.98
167009,0.08,-0.29,0.98
167019,0.08,-0.29,0.98
167028,0.08,-0.28,0.98
167038,0.08,-0.28,0.97
167048,0.09,-0.29,0.97
167057,0.09,-0.29,0.96
167067,0.09,-0.30,0.96
167076,0.08,-0.30,0.96
167086,0.08,-0.30,0.96
167096,0.09,-0.30,0.96
167105,0.09,-0.30,0.95
167115,0.09,-0.30,0.95
167125,0.09,-0.31,0.95
167134,0.09,-0.31,0.94
167144,0.09,-0.30,0.95
167153,0.09,-0.29,0.95
167163,0.09,-0.29,0.95
167173,0.08,-0.29,0.95
167182,0.08,-0.29,0.95
167192,0.08,-0.28,0.95
167201,0.08,-0.28,0.95
167211,0.08,-0.27,0.94
167221,0.09,-0.27,0.94
167230,0.09,-0.28,0.94
167240,0.09,-0.28,0.95
167250,0.09,-0.29,0.95
167259,0.09,-0.30,0.95
167269,0.09,-0.31,0.95
167278,0.08,-0.31,0.95
167288,0.08,-0.31,0.95
167298,0.09,-0.30,0.95
167307,0.09,-0.29,0.95
167317,0.08,-0.28,0.95
167326,0.08,-0.27,0.96
167336,0.08,-0.27,0.96
167346,0.08,-0.28,0.96
167355,0.09,-0.29,0.95
167365,0.09,-0.30,0.95
167375,0.09,-0.31,0.95
167384,0.09,-0.31,0.94
167394,0.09,-0.30,0.95
167403,0.09,-0.29,0.95
167413,0.09,-0.28,0.94
167423,0.09,-0.27,0.94
167432,0.09,-0.27,0.95
167442,0.09,-0.27,0.95
167451,0.09,-0.28,0.96
167461,0.09,-0.29,0.96
167471,0.09,-0.30,0.95
167480,0.09,-0.30,0.95
167490,0.10,-0.30,0.95
167500,0.10,-0.31,0.96
167509,0.09,-0.31,0.95
167519,0.09,-0.30,0.95
167528,0.09,-0.29,0.95
167538,0.10,-0.28,0.94
167548,0.10,-0.28,0.95
167557,0.10,-0.29,0.96
167567,0.09,-0.30,0.96
167576,0.08,-0.30,0.97
167586,0.08,-0.30,0.96
167596,0.09,-0.30,0.96
167605,0.09,-0.29,0.95
167615,0.09,-0.28,0.94
167625,0.10,-0.27,0.94
167634,0.10,-0.27,0.94
167644,0.10,-0.27,0.93
167653,0.10,-0.28,0.94
167663,0.10,-0.28,0.94
167673,0.10,-0.28,0.94
167682,0.10,-0.29,0.95
167692,0.10,-0.29,0.95
167701,0.10,-0.30,0.95
167711,0.10,-0.30,0.95
167721,0.10,-0.31,0.95
167730,0.09,-0.31,0.95
167740,0.09,-0.30,0.95
167750,0.10,-0.29,0.95
167759,0.10,-0.28,0.94
167769,0.10,-0.29,0.94
167778,0.10,-0.29,0.94
167788,0.10,-0.29,0.94
167798,0.10,-0.29,0.95
167807,0.09,-0.29,0.95
167817,0.10,-0.30,0.95
167826,0.09,-0.30,0.95
167836,0.09,-0.30,0.95
167846,0.09,-0.29,0.95
167855,0.09,-0.29,0.95
167865,0.09,-0.29,0.95
167875,0.09,-0.29,0.95
167884,0.10,-0.29,0.94
167894,0.10,-0.28,0.94
167903,0.10,-0.28,0.94
167913,0.10,-0.29,0.93
167923,0.10,-0.30,0.94
167932,0.10,-0.30,0.94
167942,0.09,-0.30,0.95
167951,0.09,-0.30,0.95
167961,0.08,-0.29,0.96
167971,0.09,-0.28,0.96
167980,0.09,-0.28,0.96
167990,0.09,-0.28,0.95
168000,0.10,-0.29,0.95
168009,0.10,-0.30,0.94
168019,0.10,-0.30,0.94
168028,0.11,-0.30,0.93
168038,0.10,-0.30,0.93
168048,0.10,-0.29,0.94
168057,0.10,-0.28,0.95
168067,0.09,-0.28,0.95
168076,0.09,-0.28,0.95
168086,0.09,-0.28,0.95
168096,0.10,-0.29,0.95
168105,0.10,-0.30,0.95
168115,0.10,-0.31,0.95
168125,0.10,-0.31,0.95
168134,0.10,-0.31,0.95
168144,0.10,-0.31,0.95
168153,0.10,-0.30,0.95
168163,0.10,-0.30,0.95
168173,0.10,-0.29,0.95
168182,0.10,-0.29,0.95
168192,0.09,-0.28,0.95
168201,0.09,-0.27,0.95
168211,0.09,-0.28,0.95
168221,0.09,-0.29,0.95
168230,0.09,-0.30,0.95
168240,0.09,-0.30,0.95
168250,0.09,-0.30,0.95
168259,0.09,-0.30,0.95
168269,0.10,-0.30,0.94
168278,0.10,-0.30,0.94
168288,0.10,-0.29,0.94
168298,0.11,-0.29,0.94
168307,0.10,-0.29,0.94
168317,0.10,-0.29,0.94
168326,0.10,-0.29,0.95
168336,0.10,-0.29,0.95
168346,0.09,-0.29,0.95
168355,0.09,-0.29,0.95
168365,0.10,-0.29,0.95
168375,0.10,-0.29,0.95
168384,0.10,-0.29,0.95
168394,0.10,-0.29,0.94
168403,0.10,-0.30,0.94
168413,0.10,-0.29,0.95
168423,0.09,-0.29,0.95
168432,0.09,-0.29,0.95
168442,0.09,-0.29,0.95
168451,0.09,-0.29,0.95
168461,0.09,-0.29,0.95
168471,0.09,-0.29,0.95
168480,0.10,-0.29,0.95
168490,0.10,-0.29,0.95
168500,0.10,-0.29,0.94
168509,0.10,-0.30,0.94
168519,0.10,-0.30,0.94
168528,0.10,-0.30,0.94
168538,0.10,-0.29,0.94
168548,0.10,-0.29,0.94
168557,0.10,-0.30,0.94
168567,0.09,-0.30,0.94
168576,0.09,-0.30,0.95
168586,0.09,-0.30,0.95
168596,0.09,-0.28,0.95
168605,0.09,-0.28,0.95
168615,0.09,-0.28,0.95
168625,0.09,-0.28,0.96
168634,0.10,-0.30,0.96
168644,0.10,-0.31,0.95
168653,0.10,-0.32,0.95
168663,0.10,-0.32,0.95
168673,0.10,-0.32,0.94
168682,0.10,-0.31,0.94
168692,0.10,-0.30,0.94
168701,0.10,-0.29,0.95
168711,0.09,-0.28,0.95
168721,0.09,-0.27,0.95
168730,0.10,-0.27,0.95
168740,0.10,-0.28,0.95
168750,0.10,-0.28,0.95
168759,0.10,-0.29,0.95
168769,0.10,-0.31,0.95
168778,0.10,-0.31,0.95
168788,0.10,-0.32,0.96
168798,0.10,-0.32,0.95
168807,0.10,-0.32,0.95
168817,0.10,-0.31,0.95
168826,0.10,-0.30,0.95
168836,0.10,-0.29,0.95
168846,0.10,-0.28,0.95
168855,0.10,-0.29,0.95
168865,0.10,-0.29,0.95
168875,0.10,-0.29,0.95
168884,0.10,-0.29,0.95
168894,0.10,-0.29,0.94
168903,0.10,-0.29,0.94
168913,0.10,-0.29,0.94
168923,0.10,-0.29,0.94
168932,0.10,-0.29,0.94
168942,0.10,-0.29,0.94
168951,0.10,-0.29,0.94
168961,0.10,-0.29,0.94
168971,0.10,-0.28,0.95
168980,0.10,-0.28,0.95
168990,0.10,-0.28,0.95
169000,0.10,-0.29,0.95
169009,0.10,-0.29,0.95
169019,0.10,-0.30,0.95
169028,0.10,-0.30,0.95
169038,0.09,-0.30,0.95
169048,0.09,-0.29,0.95
169057,0.09,-0.29,0.95
169067,0.09,-0.28,0.95
169076,0.09,-0.27,0.95
169086,0.10,-0.27,0.95
169096,0.10,-0.28,0.96
169105,0.10,-0.28,0.96
169115,0.10,-0.29,0.96
169125,0.10,-0.31,0.96
169134,0.10,-0.32,0.95
169144,0.10,-0.32,0.95
169153,0.10,-0.33,0.95
169163,0.10,-0.32,0.95
169173,0.10,-0.31,0.95
169182,0.10,-0.30,0.95
169192,0.10,-0.30,0.95
169201,0.10,-0.30,0.95
169211,0.10,-0.30,0.94
169221,0.10,-0.30,0.94
169230,0.10,-0.29,0.94
169240,0.10,-0.28,0.94
169250,0.10,-0.27,0.94
169259,0.10,-0.27,0.95
169269,0.11,-0.27,0.95
169278,0.10,-0.28,0.95
169288,0.10,-0.29,0.96
169298,0.10,-0.29,0.96
169307,0.10,-0.30,0.96
169317,0.10,-0.31,0.96
169326,0.10,-0.31,0.95
169336,0.10,-0.31,0.95
169346,0.10,-0.30,0.95
169355,0.10,-0.29,0.95
169365,0.11,-0.28,0.95
169375,0.11,-0.27,0.95
169384,0.11,-0.27,0.95
169394,0.11,-0.27,0.95
169403,0.11,-0.28,0.95
169413,0.11,-0.29,0.95
169423,0.11,-0.30,0.95
169432,0.11,-0.30,0.95
169442,0.11,-0.31,0.95
169451,0.10,-0.30,0.95
169461,0.10,-0.30,0.95
169471,0.10,-0.29,0.95
169480,0.10,-0.28,0.95
169490,0.10,-0.28,0.95
169500,0.10,-0.27,0.95
169509,0.10,-0.27,0.95
169519,0.10,-0.28,0.96
169528,0.10,-0.28,0.95
169538,0.10,-0.29,0.95
169548,0.10,-0.29,0.95
169557,0.10,-0.29,0.95
169567,0.10,-0.29,0.95
169576,0.10,-0.28,0.95
169586,0.10,-0.28,0.95
169596,0.10,-0.28,0.95
169605,0.10,-0.28,0.95
169615,0.10,-0.28,0.95
169625,0.10,-0.28,0.96
169634,0.10,-0.28,0.95
169644,0.10,-0.29,0.95
169653,0.10,-0.29,0.95
169663,0.10,-0.29,0.95
169673,0.10,-0.28,0.95
169682,0.10,-0.28,0.95
169692,0.11,-0.28,0.95
169701,0.11,-0.28,0.95
169711,0.11,-0.28,0.95
169721,0.10,-0.28,0.95
169730,0.10,-0.28,0.95
169740,0.10,-0.28,0.96
169750,0.10,-0.29,0.95
169759,0.10,-0.29,0.95
169769,0.11,-0.29,0.95
169778,0.10,-0.29,0.95
169788,0.10,-0.29,0.95
169798,0.10,-0.29,0.96
169807,0.10,-0.28,0.96
169817,0.10,-0.28,0.96
169826,0.10,-0.28,0.96
169836,0.11,-0.28,0.95
169846,0.10,-0.28,0.95
169855,0.10,-0.29,0.95
169865,0.10,-0.29,0.95
169875,0.10,-0.28,0.96
169884,0.10,-0.28,0.96
169894,0.09,-0.28,0.96
169903,0.09,-0.27,0.96
169913,0.09,-0.27,0.96
169923,0.10,-0.28,0.95
169932,0.10,-0.28,0.95
169942,0.10,-0.28,0.94
169951,0.10,-0.29,0.94
169961,0.10,-0.29,0.94
169971,0.10,-0.30,0.94
169980,0.10,-0.30,0.94
169990,0.10,-0.29,0.94
170000,0.10,-0.28,0.94
170009,0.11,-0.28,0.94
170019,0.11,-0.28,0.94
170028,0.11,-0.28,0.95
170038,0.11,-0.28,0.95
170048,0.11,-0.28,0.95
170057,0.10,-0.28,0.96
170067,0.10,-0.28,0.96
170076,0.10,-0.29,0.97
170086,0.09,-0.29,0.97
170096,0.09,-0.30,0.96
170105,0.10,-0.29,0.96
170115,0.10,-0.29,0.96
170125,0.11,-0.29,0.96
170134,0.10,-0.29,0.96
170144,0.10,-0.29,0.96
170153,0.10,-0.30,0.96
170163,0.10,-0.30,0.95
170173,0.10,-0.30,0.95
170182,0.10,-0.29,0.95
170192,0.10,-0.29,0.95
170201,0.10,-0.28,0.95
170211,0.10,-0.28,0.95
170221,0.10,-0.28,0.94
170230,0.10,-0.29,0.94
170240,0.10,-0.29,0.94
170250,0.10,-0.28,0.94
170259,0.10,-0.28,0.95
170269,0.10,-0.28,0.95
170278,0.10,-0.29,0.95
170288,0.10,-0.29,0.95
170298,0.10,-0.29,0.95
170307,0.10,-0.29,0.95
170317,0.10,-0.29,0.95
170326,0.10,-0.29,0.95
170336,0.10,-0.29,0.95
170346,0.10,-0.29,0.95
170355,0.10,-0.29,0.95
170365,0.10,-0.29,0.95
170375,0.10,-0.30,0.95
170384,0.10,-0.29,0.96
170394,0.10,-0.29,0.96
170403,0.10,-0.29,0.96
170413,0.10,-0.29,0.96
170423,0.10,-0.30,0.96
170432,0.10,-0.29,0.95
170442,0.10,-0.29,0.95
170451,0.11,-0.28,0.95
170461,0.11,-0.28,0.95
170471,0.11,-0.28,0.95
170480,0.11,-0.29,0.95
170490,0.10,-0.29,0.95
170500,0.10,-0.29,0.95
170509,0.10,-0.30,0.95
170519,0.10,-0.29,0.95
170528,0.10,-0.29,0.95
170538,0.10,-0.28,0.95
170548,0.10,-0.28,0.95
170557,0.10,-0.28,0.95
170567,0.10,-0.28,0.96
170576,0.10,-0.29,0.96
170586,0.10,-0.30,0.95
170596,0.11,-0.30,0.95
170605,0.10,-0.30,0.95
170615,0.10,-0.30,0.95
170625,0.10,-0.30,0.95
170634,0.10,-0.30,0.95
170644,0.10,-0.30,0.94
170653,0.10,-0.29,0.94
170663,0.11,-0.28,0.94
170673,0.11,-0.27,0.94
170682,0.11,-0.27,0.94
170692,0.11,-0.27,0.94
170701,0.11,-0.27,0.95
170711,0.11,-0.28,0.95
170721,0.10,-0.29,0.96
170730,0.10,-0.30,0.96
170740,0.10,-0.31,0.96
170750,0.10,-0.31,0.96
170759,0.11,-0.30,0.96
170769,0.11,-0.30,0.96
170778,0.11,-0.29,0.96
170788,0.11,-0.29,0.95
170798,0.11,-0.30,0.95
170807,0.11,-0.30,0.95
170817,0.11,-0.29,0.95
170826,0.11,-0.29,0.95
170836,0.11,-0.29,0.95
170846,0.11,-0.29,0.94
170855,0.11,-0.29,0.94
170865,0.10,-0.29,0.94
170875,0.10,-0.29,0.94
170884,0.11,-0.29,0.94
170894,0.11,-0.29,0.95
170903,0.11,-0.29,0.95
170913,0.11,-0.29,0.95
170923,0.11,-0.29,0.95
170932,0.11,-0.29,0.95
170942,0.11,-0.30,0.96
170951,0.10,-0.31,0.96
170961,0.10,-0.31,0.95
170971,0.10,-0.31,0.95
170980,0.11,-0.30,0.95
170990,0.11,-0.30,0.95
171000,0.11,-0.30,0.95
171009,0.11,-0.29,0.95
171019,0.11,-0.29,0.95
171028,0.11,-0.29,0.95
171038,0.11,-0.29,0.95
171048,0.10,-0.29,0.95
171057,0.10,-0.30,0.95
171067,0.10,-0.30,0.95
171076,0.10,-0.30,0.94
171086,0.11,-0.30,0.94
171096,0.11,-0.30,0.94
171105,0.11,-0.31,0.94
171115,0.11,-0.31,0.94
171125,0.11,-0.30,0.95
171134,0.11,-0.30,0.95
171144,0.11,-0.29,0.95
171153,0.10,-0.29,0.95
171163,0.10,-0.29,0.95
171173,0.10,-0.29,0.96
171182,0.10,-0.29,0.96
171192,0.09,-0.28,0.96
171201,0.09,-0.28,0.96
171211,0.10,-0.28,0.95
171221,0.11,-0.28,0.95
171230,0.11,-0.29,0.94
171240,0.11,-0.30,0.94
171250,0.11,-0.31,0.94
171259,0.11,-0.32,0.94
171269,0.10,-0.32,0.94
171278,0.10,-0.32,0.94
171288,0.10,-0.31,0.94
171298,0.10,-0.30,0.94
171307,0.10,-0.29,0.95
171317,0.10,-0.28,0.95
171326,0.10,-0.28,0.96
171336,0.10,-0.28,0.96
171346,0.10,-0.28,0.95
171355,0.10,-0.29,0.95
171365,0.11,-0.29,0.95
171375,0.11,-0.30,0.95
171384,0.11,-0.31,0.95
171394,0.10,-0.31,0.95
171403,0.10,-0.32,0.95
171413,0.09,-0.32,0.95
171423,0.10,-0.31,0.95
171432,0.10,-0.30,0.96
171442,0.10,-0.29,0.96
171451,0.10,-0.29,0.96
171461,0.10,-0.30,0.96
171471,0.10,-0.31,0.96
171480,0.10,-0.31,0.95
171490,0.10,-0.31,0.95
171500,0.10,-0.31,0.95
171509,0.10,-0.31,0.95
171519,0.10,-0.30,0.95
171528,0.10,-0.30,0.95
171538,0.10,-0.29,0.94
171548,0.10,-0.29,0.94
171557,0.10,-0.29,0.95
171567,0.10,-0.29,0.95
171576,0.10,-0.29,0.95
171586,0.10,-0.29,0.95
171596,0.10,-0.30,0.95
171605,0.10,-0.31,0.95
171615,0.09,-0.31,0.95
171625,0.09,-0.31,0.95
171634,0.09,-0.31,0.95
171644,0.10,-0.30,0.94
171653,0.10,-0.30,0.94
171663,0.10,-0.29,0.94
171673,0.10,-0.29,0.94
171682,0.10,-0.29,0.94
171692,0.09,-0.30,0.95
171701,0.09,-0.29,0.95
171711,0.09,-0.29,0.95
171721,0.09,-0.29,0.94
171730,0.10,-0.29,0.94
171740,0.10,-0.29,0.94
171750,0.10,-0.28,0.94
171759,0.10,-0.29,0.94
171769,0.10,-0.29,0.95
171778,0.09,-0.29,0.95
171788,0.09,-0.29,0.96
171798,0.09,-0.29,0.96
171807,0.09,-0.30,0.96
171817,0.09,-0.30,0.95
171826,0.09,-0.30,0.96
171836,0.09,-0.30,0.96
171846,0.09,-0.29,0.96
171855,0.09,-0.29,0.96
171865,0.10,-0.29,0.95
171875,0.10,-0.30,0.95
171884,0.11,-0.30,0.94
171894,0.11,-0.31,0.94
171903,0.10,-0.31,0.94
171913,0.09,-0.31,0.94
171923,0.09,-0.31,0.95
171932,0.09,-0.30,0.95
171942,0.09,-0.30,0.95
171951,0.09,-0.30,0.94
171961,0.09,-0.29,0.94
171971,0.09,-0.29,0.95
171980,0.09,-0.28,0.95
171990,0.09,-0.28,0.95
172000,0.09,-0.29,0.95
172009,0.09,-0.29,0.95
172019,0.09,-0.30,0.95
172028,0.09,-0.31,0.95
172038,0.09,-0.31,0.95
172048,0.09,-0.31,0.95
172057,0.09,-0.31,0.95
172067,0.09,-0.31,0.95
172076,0.09,-0.30,0.95
172086,0.09,-0.29,0.95
172096,0.09,-0.29,0.96
172105,0.09,-0.30,0.96
172115,0.09,-0.30,0.95
172125,0.09,-0.30,0.95
172134,0.09,-0.30,0.95
172144,0.09,-0.30,0.95
172153,0.09,-0.29,0.95
172163,0.09,-0.29,0.94
172173,0.09,-0.29,0.94
172182,0.09,-0.29,0.94
172192,0.10,-0.29,0.94
172201,0.10,-0.29,0.94
172211,0.09,-0.29,0.95
172221,0.09,-0.30,0.95
172230,0.09,-0.30,0.95
172240,0.09,-0.30,0.95
172250,0.09,-0.31,0.95
172259,0.09,-0.31,0.95
172269,0.09,-0.31,0.95
172278,0.09,-0.30,0.95
172288,0.09,-0.30,0.95
172298,0.09,-0.30,0.95
172307,0.09,-0.29,0.95
172317,0.09,-0.29,0.95
172326,0.09,-0.30,0.95
172336,0.09,-0.30,0.95
172346,0.09,-0.30,0.95
172355,0.09,-0.30,0.96
172365,0.09,-0.30,0.95
172375,0.09,-0.31,0.95
172384,0.09,-0.31,0.95
172394,0.09,-0.31,0.94
172403,0.09,-0.30,0.95
172413,0.09,-0.30,0.95
172423,0.09,-0.30,0.95
172432,0.09,-0.31,0.95
172442,0.09,-0.31,0.94
172451,0.09,-0.30,0.94
172461,0.09,-0.30,0.95
172471,0.08,-0.29,0.95
172480,0.08,-0.29,0.96
172490,0.08,-0.29,0.96
172500,0.08,-0.29,0.95
172509,0.09,-0.30,0.95
172519,0.09,-0.31,0.94
172528,0.10,-0.32,0.94
172538,0.09,-0.32,0.94
172548,0.09,-0.31,0.94
172557,0.09,-0.30,0.94
172567,0.09,-0.30,0.95
172576,0.09,-0.29,0.94
172586,0.09,-0.29,0.94
172596,0.09,-0.29,0.95
172605,0.09,-0.29,0.95
172615,0.09,-0.29,0.95
172625,0.09,-0.30,0.95
172634,0.09,-0.31,0.95
172644,0.09,-0.32,0.95
172653,0.09,-0.31,0.94
172663,0.09,-0.31,0.95
172673,0.10,-0.31,0.95
172682,0.10,-0.31,0.95
172692,0.09,-0.31,0.95
172701,0.09,-0.30,0.95
172711,0.09,-0.30,0.95
172721,0.09,-0.30,0.95
172730,0.08,-0.30,0.95
172740,0.08,-0.31,0.95
172750,0.09,-0.31,0.95
172759,0.09,-0.30,0.95
172769,0.09,-0.30,0.94
172778,0.09,-0.31,0.94
172788,0.09,-0.31,0.94
172798,0.09,-0.31,0.94
172807,0.09,-0.30,0.94
172817,0.09,-0.29,0.94
172826,0.09,-0.29,0.94
172836,0.09,-0.29,0.94
172846,0.09,-0.29,0.95
172855,0.09,-0.30,0.95
172865,0.09,-0.31,0.95
172875,0.08,-0.32,0.95
172884,0.09,-0.31,0.95
172894,0.09,-0.31,0.95
172903,0.09,-0.30,0.95
172913,0.09,-0.30,0.95
172923,0.09,-0.30,0.95
172932,0.09,-0.30,0.95
172942,0.09,-0.30,0.95
172951,0.08,-0.30,0.95
172961,0.09,-0.29,0.95
172971,0.09,-0.29,0.95
172980,0.09,-0.30,0.95
172990,0.09,-0.30,0.95
173000,0.09,-0.31,0.95
173009,0.09,-0.32,0.95
173019,0.08,-0.31,0.95
173028,0.08,-0.31,0.95
173038,0.09,-0.31,0.95
173048,0.09,-0.31,0.94
173057,0.09,-0.30,0.94
173067,0.09,-0.30,0.94
173076,0.09,-0.30,0.94
173086,0.08,-0.30,0.95
173096,0.08,-0.29,0.95
173105,0.08,-0.29,0.95
173115,0.08,-0.30,0.95
173125,0.09,-0.30,0.95
173134,0.09,-0.31,0.95
173144,0.09,-0.32,0.95
173153,0.09,-0.32,0.95
173163,0.09,-0.31,0.94
173173,0.09,-0.30,0.94
173182,0.09,-0.29,0.94
173192,0.08,-0.29,0.95
173201,0.08,-0.29,0.95
173211,0.08,-0.29,0.95
173221,0.08,-0.29,0.95
173230,0.08,-0.29,0.95
173240,0.09,-0.30,0.95
173250,0.09,-0.31,0.95
173259,0.09,-0.32,0.95
173269,0.09,-0.32,0.95
173278,0.08,-0.32,0.95
173288,0.08,-0.31,0.95
173298,0.08,-0.31,0.95
173307,0.08,-0.30,0.94
173317,0.09,-0.29,0.94
173326,0.09,-0.29,0.94
173336,0.08,-0.29,0.95
173346,0.08,-0.30,0.95
173355,0.08,-0.31,0.95
173365,0.08,-0.31,0.95
173375,0.08,-0.31,0.95
173384,0.08,-0.31,0.95
173394,0.09,-0.31,0.95
173403,0.08,-0.31,0.95
173413,0.08,-0.31,0.95
173423,0.08,-0.30,0.95
173432,0.08,-0.30,0.95
173442,0.08,-0.29,0.94
173451,0.08,-0.30,0.94
173461,0.08,-0.31,0.95
173471,0.08,-0.31,0.95
173480,0.08,-0.31,0.95
173490,0.08,-0.31,0.95
173500,0.08,-0.31,0.95
173509,0.08,-0.30,0.95
173519,0.09,-0.30,0.95
173528,0.09,-0.31,0.95
173538,0.09,-0.31,0.95
173548,0.08,-0.31,0.95
173557,0.08,-0.31,0.95
173567,0.08,-0.30,0.94
173576,0.08,-0.30,0.94
173586,0.09,-0.30,0.95
173596,0.08,-0.30,0.95
173605,0.08,-0.31,0.95
173615,0.08,-0.31,0.95
173625,0.08,-0.31,0.95
173634,0.08,-0.31,0.95
173644,0.09,-0.31,0.94
173653,0.09,-0.31,0.94
173663,0.08,-0.31,0.94
173673,0.08,-0.31,0.94
173682,0.08,-0.30,0.95
173692,0.08,-0.29,0.95
173701,0.08,-0.29,0.95
173711,0.08,-0.29,0.95
173721,0.08,-0.29,0.95
173730,0.08,-0.30,0.95
173740,0.08,-0.31,0.95
173750,0.09,-0.32,0.94
173759,0.09,-0.32,0.94
173769,0.09,-0.31,0.94
173778,0.09,-0.31,0.94
173788,0.09,-0.30,0.94
173798,0.09,-0.29,0.94
173807,0.08,-0.29,0.94
173817,0.08,-0.29,0.95
173826,0.08,-0.30,0.95
173836,0.08,-0.30,0.95
173846,0.08,-0.31,0.95
173855,0.08,-0.32,0.95
173865,0.08,-0.32,0.95
173875,0.09,-0.32,0.95
173884,0.09,-0.32,0.95
173894,0.09,-0.32,0.94
173903,0.09,-0.31,0.94
173913,0.09,-0.30,0.94
173923,0.08,-0.29,0.94
173932,0.08,-0.29,0.94
173942,0.08,-0.29,0.95
173951,0.08,-0.30,0.95
173961,0.08,-0.31,0.95
173971,0.08,-0.31,0.95
173980,0.08,-0.31,0.95
173990,0.08,-0.31,0.95
174000,0.08,-0.31,0.95
174009,0.08,-0.30,0.94
174019,0.08,-0.30,0.94
174028,0.09,-0.30,0.94
174038,0.09,-0.30,0.94
174048,0.09,-0.30,0.94
174057,0.09,-0.31,0.95
174067,0.09,-0.31,0.95
174076,0.08,-0.31,0.95
174086,0.08,-0.31,0.95
174096,0.09,-0.31,0.95
174105,0.09,-0.31,0.95
174115,0.08,-0.31,0.95
174125,0.08,-0.31,0.95
174134,0.08,-0.31,0.95
174144,0.09,-0.31,0.94
174153,0.09,-0.31,0.94
174163,0.08,-0.30,0.94
174173,0.08,-0.30,0.95
174182,0.08,-0.30,0.95
174192,0.08,-0.30,0.95
174201,0.08,-0.31,0.95
174211,0.08,-0.31,0.94
174221,0.09,-0.31,0.94
174230,0.08,-0.31,0.94
174240,0.09,-0.31,0.94
174250,0.09,-0.31,0.94
174259,0.08,-0.31,0.94
174269,0.08,-0.31,0.94
174278,0.08,-0.30,0.94
174288,0.08,-0.30,0.94
174298,0.08,-0.30,0.95
174307,0.08,-0.30,0.95
174317,0.08,-0.30,0.96
174326,0.08,-0.31,0.96
174336,0.08,-0.31,0.96
174346,0.08,-0.32,0.95
174355,0.09,-0.32,0.94
174365,0.09,-0.32,0.94
174375,0.09,-0.31,0.94
174384,0.09,-0.30,0.94
174394,0.09,-0.30,0.94
174403,0.08,-0.29,0.95
174413,0.08,-0.29,0.95
174423,0.08,-0.30,0.95
174432,0.08,-0.30,0.95
174442,0.08,-0.31,0.95
174451,0.08,-0.32,0.95
174461,0.08,-0.32,0.94
174471,0.09,-0.32,0.94
174480,0.09,-0.32,0.94
174490,0.09,-0.31,0.94
174500,0.09,-0.31,0.94
174509,0.09,-0.31,0.95
174519,0.08,-0.30,0.95
174528,0.08,-0.30,0.95
174538,0.08,-0.30,0.95
174548,0.08,-0.30,0.94
174557,0.08,-0.30,0.94
174567,0.09,-0.30,0.94
174576,0.09,-0.31,0.94
174586,0.09,-0.31,0.94
174596,0.08,-0.31,0.94
174605,0.08,-0.31,0.94
174615,0.08,-0.31,0.94
174625,0.09,-0.31,0.94
174634,0.09,-0.30,0.94
174644,0.09,-0.30,0.94
174653,0.09,-0.30,0.94
174663,0.09,-0.31,0.95
174673,0.08,-0.31,0.95
174682,0.08,-0.32,0.95
174692,0.08,-0.31,0.95
174701,0.08,-0.31,0.95
174711,0.08,-0.30,0.95
174721,0.08,-0.30,0.94
174730,0.09,-0.30,0.94
174740,0.08,-0.30,0.94
174750,0.08,-0.30,0.95
174759,0.08,-0.30,0.95
174769,0.08,-0.31,0.95
174778,0.08,-0.31,0.95
174788,0.08,-0.31,0.95
174798,0.09,-0.31,0.95
174807,0.09,-0.31,0.95
174817,0.09,-0.31,0.94
174826,0.09,-0.30,0.94
174836,0.09,-0.31,0.94
174846,0.09,-0.31,0.94
174855,0.09,-0.32,0.94
174865,0.09,-0.32,0.94
174875,0.09,-0.31,0.94
174884,0.09,-0.31,0.94
174894,0.08,-0.30,0.94
174903,0.08,-0.29,0.95
174913,0.08,-0.28,0.95
174923,0.08,-0.29,0.96
174932,0.08,-0.30,0.96
174942,0.09,-0.31,0.95
174951,0.09,-0.32,0.95
174961,0.09,-0.33,0.95
174971,0.09,-0.33,0.94
174980,0.09,-0.33,0.94
174990,0.09,-0.31,0.94
175000,0.09,-0.30,0.94
175009,0.09,-0.29,0.94
175019,0.09,-0.29,0.94
175028,0.09,-0.29,0.94
175038,0.09,-0.30,0.94
175048,0.09,-0.30,0.94
175057,0.09,-0.31,0.95
175067,0.09,-0.31,0.94
175076,0.09,-0.31,0.94
175086,0.09,-0.32,0.94
175096,0.09,-0.32,0.95
175105,0.09,-0.32,0.95
175115,0.09,-0.32,0.95
175125,0.09,-0.32,0.96
175134,0.08,-0.31,0.96
175144,0.08,-0.30,0.95
175153,0.09,-0.29,0.95
175163,0.09,-0.29,0.95
175173,0.09,-0.30,0.94
175182,0.09,-0.30,0.95
175192,0.09,-0.31,0.95
175201,0.09,-0.32,0.95
175211,0.09,-0.33,0.95
175221,0.09,-0.32,0.95
175230,0.09,-0.32,0.95
175240,0.09,-0.31,0.94
175250,0.10,-0.30,0.94
175259,0.10,-0.30,0.94
175269,0.10,-0.30,0.94
175278,0.09,-0.30,0.94
175288,0.09,-0.31,0.94
175298,0.09,-0.31,0.94
175307,0.09,-0.31,0.94
175317,0.09,-0.31,0.94
175326,0.10,-0.31,0.95
175336,0.10,-0.31,0.95
175346,0.09,-0.31,0.95
175355,0.09,-0.31,0.95
175365,0.09,-0.32,0.95
175375,0.09,-0.31,0.95
175384,0.09,-0.31,0.95
175394,0.09,-0.31,0.95
175403,0.09,-0.31,0.95
175413,0.09,-0.30,0.94
175423,0.09,-0.30,0.94
175432,0.09,-0.30,0.94
175442,0.10,-0.30,0.94
175451,0.10,-0.30,0.94
175461,0.10,-0.30,0.94
175471,0.10,-0.31,0.94
175480,0.10,-0.32,0.94
175490,0.09,-0.32,0.94
175500,0.09,-0.32,0.94
175509,0.09,-0.31,0.95
175519,0.09,-0.30,0.95
175528,0.09,-0.29,0.96
175538,0.09,-0.29,0.96
175548,0.09,-0.29,0.95
175557,0.10,-0.30,0.95
175567,0.10,-0.31,0.94
175576,0.10,-0.32,0.94
175586,0.10,-0.33,0.94
175596,0.10,-0.34,0.94
175605,0.09,-0.34,0.94
175615,0.09,-0.33,0.94
175625,0.09,-0.31,0.94
175634,0.09,-0.30,0.95
175644,0.09,-0.28,0.95
175653,0.10,-0.28,0.95
175663,0.09,-0.28,0.95
175673,0.10,-0.28,0.95
175682,0.10,-0.29,0.95
175692,0.09,-0.30,0.94
175701,0.09,-0.31,0.95
175711,0.09,-0.32,0.95
175721,0.09,-0.32,0.95
175730,0.09,-0.32,0.95
175740,0.09,-0.32,0.95
175750,0.09,-0.31,0.95
175759,0.09,-0.31,0.95
175769,0.10,-0.31,0.95
175778,0.09,-0.31,0.95
175788,0.09,-0.31,0.94
175798,0.09,-0.31,0.94
175807,0.09,-0.31,0.94
175817,0.09,-0.30,0.94
175826,0.09,-0.30,0.94
175836,0.09,-0.30,0.94
175846,0.09,-0.30,0.94
175855,0.09,-0.30,0.94
175865,0.09,-0.30,0.94
175875,0.09,-0.30,0.95
175884,0.09,-0.30,0.95
175894,0.09,-0.31,0.95
175903,0.09,-0.31,0.95
175913,0.09,-0.31,0.95
175923,0.09,-0.32,0.95
175932,0.09,-0.32,0.95
175942,0.09,-0.32,0.95
175951,0.09,-0.31,0.95
175961,0.09,-0.31,0.95
175971,0.09,-0.30,0.95
175980,0.10,-0.30,0.95
175990,0.09,-0.30,0.95
176000,0.09,-0.30,0.95
176009,0.09,-0.30,0.95
176019,0.10,-0.30,0.94
176028,0.10,-0.30,0.94
176038,0.10,-0.30,0.94
176048,0.10,-0.30,0.94
176057,0.10,-0.30,0.95
176067,0.09,-0.31,0.96
176076,0.09,-0.31,0.96
176086,0.10,-0.32,0.95
176096,0.10,-0.32,0.95
176105,0.10,-0.32,0.94
176115,0.10,-0.31,0.94
176125,0.10,-0.30,0.94
176134,0.10,-0.29,0.95
176144,0.09,-0.29,0.96
176153,0.09,-0.28,0.96
176163,0.09,-0.29,0.97
176173,0.09,-0.30,0.96
176182,0.10,-0.30,0.95
176192,0.10,-0.31,0.95
176201,0.10,-0.31,0.94
176211,0.11,-0.31,0.94
176221,0.11,-0.31,0.94
176230,0.10,-0.31,0.94
176240,0.10,-0.30,0.94
176250,0.10,-0.30,0.94
176259,0.10,-0.29,0.94
176269,0.11,-0.29,0.94
176278,0.11,-0.28,0.94
176288,0.11,-0.27,0.94
176298,0.11,-0.27,0.94
176307,0.11,-0.28,0.95
176317,0.11,-0.30,0.95
176326,0.10,-0.31,0.95
176336,0.10,-0.32,0.95
176346,0.10,-0.32,0.95
176355,0.10,-0.31,0.94
176365,0.11,-0.30,0.94
176375,0.12,-0.29,0.94
176384,0.12,-0.29,0.94
176394,0.12,-0.29,0.94
176403,0.11,-0.30,0.94
176413,0.11,-0.30,0.95
176423,0.11,-0.30,0.95
176432,0.10,-0.31,0.95
176442,0.10,-0.31,0.94
176451,0.11,-0.30,0.94
176461,0.11,-0.30,0.93
176471,0.12,-0.30,0.93
176480,0.12,-0.30,0.93
176490,0.11,-0.30,0.94
176500,0.11,-0.30,0.94
176509,0.11,-0.30,0.95
176519,0.10,-0.30,0.95
176528,0.10,-0.30,0.95
176538,0.10,-0.30,0.95
176548,0.11,-0.30,0.95
176557,0.11,-0.30,0.94
176567,0.11,-0.30,0.94
176576,0.11,-0.30,0.94
176586,0.11,-0.30,0.94
176596,0.11,-0.31,0.95
176605,0.11,-0.31,0.95
176615,0.10,-0.32,0.95
176625,0.10,-0.32,0.95
176634,0.10,-0.31,0.95
176644,0.10,-0.31,0.95
176653,0.11,-0.30,0.95
176663,0.11,-0.30,0.94
176673,0.11,-0.30,0.94
176682,0.11,-0.30,0.94
176692,0.10,-0.31,0.95
176701,0.10,-0.31,0.95
176711,0.10,-0.31,0.95
176721,0.10,-0.31,0.95
176730,0.10,-0.31,0.95
176740,0.10,-0.32,0.95
176750,0.10,-0.32,0.94
176759,0.10,-0.32,0.94
176769,0.10,-0.32,0.95
176778,0.10,-0.31,0.95
176788,0.10,-0.30,0.95
176798,0.10,-0.30,0.95
176807,0.10,-0.30,0.94
176817,0.11,-0.30,0.94
176826,0.11,-0.31,0.94
176836,0.11,-0.31,0.93
176846,0.11,-0.32,0.93
176855,0.11,-0.32,0.94
176865,0.10,-0.33,0.94
176875,0.09,-0.33,0.95
176884,0.09,-0.33,0.95
176894,0.10,-0.32,0.95
176903,0.10,-0.31,0.94
176913,0.11,-0.29,0.94
176923,0.12,-0.29,0.94
176932,0.11,-0.29,0.94
176942,0.11,-0.29,0.95
176951,0.10,-0.30,0.95
176961,0.10,-0.31,0.96
176971,0.09,-0.32,0.96
176980,0.09,-0.32,0.95
176990,0.10,-0.33,0.95
177000,0.11,-0.33,0.95
177009,0.10,-0.32,0.95
177019,0.10,-0.31,0.95
177028,0.10,-0.31,0.95
177038,0.10,-0.31,0.94
177048,0.10,-0.31,0.94
177057,0.11,-0.30,0.94
177067,0.11,-0.31,0.94
177076,0.11,-0.31,0.94
177086,0.10,-0.31,0.94
177096,0.10,-0.32,0.94
177105,0.09,-0.31,0.95
177115,0.09,-0.31,0.95
177125,0.10,-0.31,0.95
177134,0.10,-0.31,0.94
177144,0.10,-0.30,0.94
177153,0.11,-0.30,0.94
177163,0.11,-0.30,0.94
177173,0.10,-0.30,0.95
177182,0.10,-0.31,0.95
177192,0.10,-0.31,0.95
177201,0.10,-0.32,0.95
177211,0.10,-0.33,0.95
177221,0.10,-0.33,0.94
177230,0.10,-0.33,0.94
177240,0.10,-0.32,0.94
177250,0.11,-0.32,0.94
177259,0.11,-0.31,0.93
177269,0.11,-0.30,0.93
177278,0.11,-0.30,0.93
177288,0.11,-0.30,0.93
177298,0.11,-0.30,0.94
177307,0.10,-0.31,0.94
177317,0.10,-0.31,0.94
177326,0.10,-0.31,0.95
177336,0.10,-0.31,0.95
177346,0.10,-0.31,0.94
177355,0.11,-0.31,0.95
177365,0.11,-0.30,0.95
177375,0.11,-0.30,0.95
177384,0.11,-0.30,0.95
177394,0.11,-0.31,0.95
177403,0.11,-0.32,0.94
177413,0.10,-0.32,0.94
177423,0.10,-0.32,0.94
177432,0.10,-0.32,0.95
177442,0.10,-0.31,0.95
177451,0.11,-0.31,0.95
177461,0.11,-0.30,0.95
177471,0.11,-0.30,0.95
177480,0.11,-0.31,0.94
177490,0.11,-0.31,0.94
177500,0.11,-0.31,0.93
177509,0.11,-0.31,0.93
177519,0.11,-0.31,0.93
177528,0.11,-0.32,0.93
177538,0.11,-0.32,0.93
177548,0.11,-0.32,0.94
177557,0.10,-0.32,0.94
177567,0.10,-0.31,0.94
177576,0.11,-0.31,0.94
177586,0.11,-0.30,0.94
177596,0.12,-0.29,0.95
177605,0.12,-0.30,0.95
177615,0.11,-0.30,0.95
177625,0.11,-0.31,0.95
177634,0.10,-0.32,0.95
177644,0.10,-0.32,0.95
177653,0.11,-0.32,0.95
177663,0.11,-0.32,0.95
177673,0.11,-0.32,0.95
177682,0.11,-0.32,0.95
177692,0.11,-0.32,0.95
177701,0.11,-0.32,0.95
177711,0.11,-0.32,0.94
177721,0.11,-0.32,0.94
177730,0.11,-0.31,0.94
177740,0.11,-0.31,0.94
177750,0.11,-0.32,0.94
177759,0.10,-0.31,0.94
177769,0.10,-0.31,0.94
177778,0.10,-0.31,0.94
177788,0.11,-0.30,0.94
177798,0.11,-0.29,0.94
177807,0.11,-0.29,0.94
177817,0.11,-0.29,0.94
177826,0.11,-0.29,0.94
177836,0.11,-0.30,0.95
177846,0.10,-0.31,0.96
177855,0.10,-0.32,0.96
177865,0.09,-0.32,0.96
177875,0.10,-0.32,0.96
177884,0.10,-0.32,0.96
177894,0.11,-0.31,0.96
177903,0.11,-0.31,0.95
177913,0.11,-0.31,0.95
177923,0.11,-0.31,0.95
177932,0.11,-0.31,0.94
177942,0.11,-0.31,0.94
177951,0.11,-0.31,0.94
177961,0.10,-0.31,0.94
177971,0.10,-0.32,0.94
177980,0.10,-0.32,0.94
177990,0.10,-0.32,0.94
178000,0.10,-0.32,0.94
178009,0.10,-0.31,0.94
178019,0.10,-0.31,0.94
178028,0.10,-0.30,0.94
178038,0.10,-0.30,0.94
178048,0.10,-0.30,0.94
178057,0.11,-0.30,0.94
178067,0.11,-0.31,0.94
178076,0.10,-0.32,0.95
178086,0.10,-0.32,0.95
178096,0.10,-0.33,0.95
178105,0.09,-0.32,0.96
178115,0.09,-0.31,0.96
178125,0.09,-0.31,0.96
178134,0.10,-0.30,0.96
178144,0.10,-0.31,0.95
178153,0.10,-0.31,0.95
178163,0.11,-0.31,0.94
178173,0.11,-0.32,0.94
178182,0.10,-0.32,0.94
178192,0.10,-0.32,0.94
178201,0.10,-0.31,0.94
178211,0.10,-0.31,0.94
178221,0.10,-0.31,0.94
178230,0.10,-0.30,0.94
178240,0.10,-0.30,0.95
178250,0.10,-0.30,0.95
178259,0.10,-0.30,0.95
178269,0.10,-0.30,0.95
178278,0.10,-0.30,0.94
178288,0.10,-0.31,0.94
178298,0.10,-0.31,0.94
178307,0.10,-0.31,0.94
178317,0.10,-0.32,0.94
178326,0.10,-0.32,0.94
178336,0.10,-0.32,0.95
178346,0.10,-0.31,0.95
178355,0.10,-0.31,0.95
178365,0.10,-0.30,0.95
178375,0.10,-0.30,0.95
178384,0.10,-0.30,0.95
178394,0.10,-0.30,0.95
178403,0.10,-0.30,0.95
178413,0.10,-0.30,0.94
178423,0.10,-0.31,0.94
178432,0.10,-0.31,0.94
178442,0.10,-0.31,0.94
178451,0.10,-0.31,0.95
178461,0.10,-0.31,0.95
178471,0.10,-0.30,0.95
178480,0.10,-0.30,0.94
178490,0.10,-0.30,0.94
178500,0.10,-0.30,0.94
178509,0.10,-0.30,0.94
178519,0.10,-0.30,0.95
178528,0.09,-0.31,0.95
178538,0.09,-0.31,0.95
178548,0.09,-0.31,0.95
178557,0.09,-0.31,0.95
178567,0.10,-0.31,0.95
178576,0.10,-0.31,0.95
178586,0.10,-0.31,0.95
178596,0.10,-0.31,0.95
178605,0.10,-0.31,0.94
178615,0.10,-0.31,0.94
178625,0.10,-0.31,0.94
178634,0.10,-0.30,0.94
178644,0.10,-0.30,0.94
178653,0.10,-0.29,0.94
178663,0.10,-0.29,0.94
178673,0.10,-0.30,0.94
178682,0.10,-0.30,0.94
178692,0.09,-0.31,0.94
178701,0.09,-0.30,0.94
178711,0.10,-0.30,0.94
178721,0.10,-0.31,0.94
178730,0.09,-0.31,0.95
178740,0.09,-0.31,0.95
178750,0.09,-0.31,0.95
178759,0.09,-0.30,0.96
178769,0.09,-0.30,0.96
178778,0.09,-0.29,0.95
178788,0.09,-0.30,0.95
178798,0.09,-0.30,0.95
178807,0.10,-0.31,0.95
178817,0.10,-0.32,0.95
178826,0.09,-0.32,0.94
178836,0.09,-0.32,0.94
178846,0.09,-0.31,0.94
178855,0.09,-0.30,0.94
178865,0.09,-0.30,0.94
178875,0.09,-0.29,0.94
178884,0.09,-0.29,0.94
178894,0.09,-0.29,0.95
178903,0.09,-0.29,0.95
178913,0.09,-0.29,0.95
178923,0.09,-0.30,0.95
178932,0.09,-0.31,0.95
178942,0.09,-0.32,0.95
178951,0.10,-0.32,0.95
178961,0.09,-0.32,0.95
178971,0.09,-0.32,0.95
178980,0.09,-0.32,0.95
178990,0.09,-0.31,0.95
179000,0.09,-0.30,0.95
179009,0.09,-0.30,0.95
179019,0.09,-0.30,0.95
179028,0.09,-0.30,0.95
179038,0.09,-0.30,0.95
179048,0.09,-0.30,0.94
179057,0.09,-0.30,0.94
179067,0.09,-0.30,0.94
179076,0.09,-0.31,0.94
179086,0.09,-0.31,0.94
179096,0.09,-0.31,0.94
179105,0.09,-0.30,0.94
179115,0.09,-0.30,0.94
179125,0.09,-0.29,0.94
179134,0.09,-0.29,0.94
179144,0.09,-0.30,0.95
179153,0.08,-0.30,0.95
179163,0.08,-0.31,0.95
179173,0.08,-0.31,0.95
179182,0.08,-0.31,0.95
179192,0.08,-0.31,0.95
179201,0.09,-0.31,0.95
179211,0.09,-0.30,0.95
179221,0.09,-0.30,0.95
179230,0.09,-0.31,0.95
179240,0.09,-0.31,0.95
179250,0.09,-0.31,0.95
179259,0.09,-0.31,0.95
179269,0.08,-0.31,0.95
179278,0.08,-0.30,0.95
179288,0.08,-0.30,0.95
179298,0.08,-0.30,0.95
179307,0.09,-0.31,0.95
179317,0.09,-0.31,0.95
179326,0.09,-0.31,0.95
179336,0.09,-0.31,0.95
179346,0.09,-0.31,0.94
179355,0.08,-0.31,0.94
179365,0.08,-0.31,0.94
179375,0.08,-0.31,0.95
179384,0.08,-0.31,0.95
179394,0.08,-0.31,0.95
179403,0.08,-0.30,0.95
179413,0.08,-0.30,0.95
179423,0.08,-0.30,0.95
179432,0.08,-0.31,0.96
179442,0.08,-0.31,0.95
179451,0.08,-0.32,0.95
179461,0.08,-0.32,0.94
179471,0.09,-0.32,0.94
179480,0.09,-0.31,0.94
179490,0.08,-0.31,0.94
179500,0.08,-0.31,0.94
179509,0.08,-0.30,0.95
179519,0.08,-0.30,0.95
179528,0.08,-0.30,0.94
179538,0.08,-0.30,0.94
179548,0.08,-0.30,0.94
179557,0.08,-0.31,0.95
179567,0.08,-0.32,0.95
179576,0.08,-0.33,0.95
179586,0.07,-0.33,0.96
179596,0.07,-0.33,0.96
179605,0.08,-0.32,0.95
179615,0.08,-0.32,0.95
179625,0.08,-0.31,0.94
179634,0.08,-0.30,0.94
179644,0.08,-0.30,0.94
179653,0.07,-0.30,0.95
179663,0.07,-0.31,0.94
179673,0.07,-0.31,0.95
179682,0.07,-0.32,0.95
179692,0.07,-0.32,0.95
179701,0.07,-0.31,0.94
179711,0.08,-0.31,0.94
179721,0.08,-0.31,0.94
179730,0.08,-0.31,0.93
179740,0.08,-0.30,0.94
179750,0.08,-0.31,0.94
179759,0.08,-0.31,0.95
179769,0.07,-0.32,0.95
179778,0.07,-0.32,0.95
179788,0.07,-0.32,0.95
179798,0.07,-0.32,0.95
179807,0.07,-0.32,0.95
179817,0.08,-0.31,0.94
179826,0.08,-0.31,0.94
179836,0.08,-0.31,0.94
179846,0.08,-0.31,0.94
179855,0.08,-0.31,0.94
179865,0.08,-0.31,0.94
179875,0.08,-0.32,0.94
179884,0.07,-0.32,0.94
179894,0.07,-0.32,0.94
179903,0.07,-0.31,0.94
179913,0.07,-0.31,0.95
179923,0.07,-0.31,0.94
179932,0.07,-0.31,0.94
179942,0.07,-0.31,0.94
179951,0.07,-0.31,0.94
179961,0.07,-0.31,0.94
179971,0.07,-0.31,0.94
179980,0.07,-0.32,0.94
179990,0.07,-0.32,0.94
180000,0.07,-0.32,0.94
180009,0.07,-0.32,0.94
180019,0.07,-0.31,0.94
180028,0.07,-0.31,0.94
180038,0.07,-0.30,0.95
180048,0.07,-0.30,0.95
180057,0.07,-0.31,0.95
180067,0.07,-0.32,0.95
180076,0.07,-0.33,0.94
180086,0.08,-0.33,0.94
180096,0.07,-0.33,0.93
180105,0.08,-0.32,0.93
180115,0.08,-0.31,0.94
180125,0.07,-0.30,0.94
180134,0.07,-0.30,0.94
180144,0.07,-0.30,0.94
180153,0.06,-0.31,0.95
180163,0.07,-0.31,0.94
180173,0.07,-0.31,0.94
180182,0.07,-0.32,0.94
180192,0.07,-0.33,0.94
180201,0.07,-0.33,0.94
180211,0.07,-0.33,0.95
180221,0.07,-0.33,0.94
180230,0.08,-0.33,0.94
180240,0.08,-0.32,0.94
180250,0.07,-0.32,0.94
180259,0.07,-0.31,0.94
180269,0.07,-0.31,0.95
180278,0.06,-0.30,0.95
180288,0.07,-0.31,0.95
180298,0.07,-0.32,0.95
180307,0.07,-0.32,0.94
180317,0.07,-0.32,0.94
180326,0.07,-0.32,0.94
180336,0.07,-0.32,0.94
180346,0.07,-0.32,0.93
180355,0.07,-0.32,0.94
180365,0.07,-0.32,0.94
180375,0.08,-0.31,0.94
180384,0.07,-0.31,0.94
180394,0.07,-0.31,0.94
180403,0.07,-0.31,0.94
180413,0.07,-0.31,0.94
180423,0.07,-0.32,0.95
180432,0.07,-0.32,0.95
180442,0.07,-0.32,0.95
180451,0.07,-0.32,0.94
180461,0.07,-0.31,0.94
180471,0.07,-0.31,0.94
180480,0.07,-0.31,0.94
180490,0.07,-0.31,0.94
180500,0.07,-0.32,0.94
180509,0.07,-0.32,0.94
180519,0.07,-0.32,0.94
180528,0.07,-0.32,0.94
180538,0.07,-0.32,0.94
180548,0.07,-0.32,0.94
180557,0.07,-0.32,0.94
180567,0.07,-0.32,0.94
180576,0.07,-0.31,0.94
180586,0.07,-0.31,0.94
180596,0.07,-0.31,0.94
180605,0.08,-0.32,0.94
180615,0.07,-0.32,0.94
180625,0.07,-0.32,0.94
180634,0.07,-0.32,0.94
180644,0.07,-0.31,0.94
180653,0.07,-0.31,0.94
180663,0.07,-0.31,0.95
180673,0.06,-0.31,0.95
180682,0.06,-0.31,0.95
180692,0.07,-0.32,0.95
180701,0.08,-0.33,0.94
180711,0.08,-0.33,0.94
180721,0.08,-0.33,0.93
180730,0.08,-0.33,0.93
180740,0.08,-0.32,0.93
180750,0.08,-0.31,0.93
180759,0.08,-0.31,0.94
180769,0.07,-0.30,0.95
180778,0.07,-0.30,0.95
180788,0.07,-0.30,0.95
180798,0.07,-0.31,0.94
180807,0.07,-0.32,0.94
180817,0.08,-0.32,0.94
180826,0.08,-0.32,0.94
180836,0.08,-0.33,0.94
180846,0.08,-0.33,0.94
180855,0.08,-0.33,0.94
180865,0.08,-0.32,0.94
180875,0.08,-0.32,0.94
180884,0.07,-0.31,0.94
180894,0.07,-0.30,0.94
180903,0.07,-0.31,0.94
180913,0.07,-0.31,0.94
180923,0.07,-0.32,0.94
180932,0.07,-0.32,0.94
180942,0.07,-0.32,0.94
180951,0.07,-0.32,0.94
180961,0.08,-0.31,0.94
180971,0.08,-0.31,0.93
180980,0.08,-0.31,0.93
180990,0.08,-0.31,0.94
181000,0.08,-0.31,0.94
181009,0.08,-0.32,0.94
181019,0.08,-0.31,0.94
181028,0.08,-0.32,0.94
181038,0.08,-0.32,0.94
181048,0.08,-0.32,0.94
181057,0.08,-0.32,0.95
181067,0.08,-0.32,0.95
181076,0.07,-0.32,0.95
181086,0.07,-0.33,0.95
181096,0.07,-0.32,0.95
181105,0.07,-0.31,0.95
181115,0.07,-0.31,0.95
181125,0.08,-0.31,0.94
181134,0.08,-0.31,0.94
181144,0.08,-0.31,0.94
181153,0.08,-0.31,0.94
181163,0.08,-0.32,0.94
181173,0.08,-0.32,0.94
181182,0.08,-0.32,0.94
181192,0.08,-0.32,0.94
181201,0.08,-0.32,0.94
181211,0.08,-0.32,0.95
181221,0.08,-0.32,0.95
181230,0.08,-0.32,0.94
181240,0.08,-0.32,0.94
181250,0.09,-0.33,0.94
181259,0.08,-0.33,0.93
181269,0.08,-0.32,0.94
181278,0.08,-0.32,0.94
181288,0.08,-0.31,0.94
181298,0.08,-0.30,0.95
181307,0.07,-0.30,0.95
181317,0.07,-0.30,0.95
181326,0.08,-0.31,0.95
181336,0.08,-0.32,0.95
181346,0.08,-0.32,0.94
181355,0.08,-0.33,0.94
181365,0.08,-0.33,0.94
181375,0.09,-0.33,0.94
181384,0.09,-0.32,0.94
181394,0.08,-0.32,0.94
181403,0.08,-0.31,0.94
181413,0.08,-0.31,0.94
181423,0.08,-0.30,0.94
181432,0.08,-0.30,0.95
181442,0.08,-0.31,0.95
181451,0.08,-0.31,0.95
181461,0.08,-0.32,0.95
181471,0.08,-0.32,0.95
181480,0.08,-0.33,0.95
181490,0.08,-0.33,0.94
181500,0.09,-0.33,0.94
181509,0.09,-0.32,0.94
181519,0.09,-0.31,0.94
181528,0.09,-0.31,0.94
181538,0.08,-0.31,0.95
181548,0.09,-0.31,0.95
181557,0.08,-0.31,0.95
181567,0.08,-0.31,0.95
181576,0.08,-0.31,0.95
181586,0.08,-0.31,0.95
181596,0.08,-0.31,0.95
181605,0.08,-0.31,0.95
181615,0.09,-0.32,0.95
181625,0.09,-0.32,0.95
181634,0.09,-0.32,0.94
181644,0.09,-0.32,0.94
181653,0.09,-0.32,0.94
181663,0.09,-0.31,0.94
181673,0.09,-0.31,0.94
181682,0.09,-0.31,0.94
181692,0.09,-0.31,0.94
181701,0.09,-0.31,0.94
181711,0.08,-0.31,0.94
181721,0.08,-0.31,0.94
181730,0.09,-0.31,0.94
181740,0.09,-0.31,0.94
181750,0.09,-0.31,0.94
181759,0.09,-0.31,0.95
181769,0.09,-0.32,0.95
181778,0.09,-0.32,0.95
181788,0.08,-0.32,0.95
181798,0.08,-0.32,0.95
181807,0.08,-0.31,0.95
181817,0.09,-0.31,0.95
181826,0.09,-0.30,0.95
181836,0.09,-0.30,0.94
181846,0.09,-0.31,0.94
181855,0.09,-0.31,0.94
181865,0.09,-0.32,0.94
181875,0.09,-0.32,0.94
181884,0.09,-0.32,0.94
181894,0.09,-0.32,0.94
181903,0.09,-0.32,0.93
181913,0.09,-0.32,0.94
181923,0.09,-0.31,0.94
181932,0.09,-0.30,0.95
181942,0.09,-0.29,0.95
181951,0.09,-0.29,0.95
181961,0.09,-0.30,0.95
181971,0.09,-0.31,0.95
181980,0.09,-0.31,0.95
181990,0.09,-0.32,0.94
182000,0.09,-0.33,0.94
182009,0.09,-0.33,0.94
182019,0.09,-0.33,0.93
182028,0.09,-0.33,0.93
182038,0.09,-0.31,0.93
182048,0.09,-0.30,0.94
182057,0.09,-0.29,0.94
182067,0.09,-0.28,0.94
182076,0.09,-0.28,0.95
182086,0.09,-0.29,0.95
182096,0.09,-0.30,0.95
182105,0.09,-0.30,0.95
182115,0.09,-0.32,0.95
182125,0.09,-0.32,0.95
182134,0.09,-0.33,0.95
182144,0.09,-0.33,0.95
182153,0.09,-0.34,0.95
182163,0.09,-0.33,0.95
182173,0.09,-0.33,0.95
182182,0.09,-0.32,0.95
182192,0.09,-0.31,0.95
182201,0.09,-0.31,0.94
182211,0.09,-0.30,0.94
182221,0.10,-0.30,0.94
182230,0.10,-0.30,0.94
182240,0.10,-0.31,0.93
182250,0.10,-0.32,0.94
182259,0.09,-0.32,0.94
182269,0.09,-0.32,0.94
182278,0.09,-0.31,0.94
182288,0.10,-0.31,0.94
182298,0.10,-0.30,0.94
182307,0.10,-0.30,0.94
182317,0.10,-0.31,0.94
182326,0.10,-0.31,0.94
182336,0.10,-0.31,0.94
182346,0.10,-0.32,0.94
182355,0.10,-0.32,0.94
182365,0.10,-0.32,0.94
182375,0.10,-0.32,0.94
182384,0.10,-0.32,0.94
182394,0.10,-0.32,0.94
182403,0.10,-0.32,0.94
182413,0.10,-0.31,0.94
182423,0.10,-0.31,0.94
182432,0.10,-0.31,0.94
182442,0.10,-0.31,0.94
182451,0.10,-0.32,0.94
182461,0.10,-0.32,0.94
182471,0.10,-0.32,0.94
182480,0.10,-0.32,0.94
182490,0.10,-0.32,0.95
182500,0.10,-0.32,0.95
182509,0.10,-0.32,0.95
182519,0.10,-0.32,0.94
182528,0.10,-0.33,0.94
182538,0.10,-0.33,0.94
182548,0.10,-0.33,0.94
182557,0.10,-0.33,0.95
182567,0.09,-0.33,0.95
182576,0.09,-0.32,0.95
182586,0.09,-0.31,0.95
182596,0.09,-0.30,0.94
182605,0.10,-0.30,0.94
182615,0.10,-0.31,0.93
182625,0.11,-0.31,0.94
182634,0.10,-0.33,0.94
182644,0.09,-0.34,0.95
182653,0.09,-0.34,0.95
182663,0.09,-0.34,0.95
182673,0.09,-0.34,0.94
182682,0.10,-0.33,0.93
182692,0.10,-0.32,0.93
182701,0.10,-0.30,0.93
182711,0.10,-0.30,0.93
182721,0.10,-0.29,0.94
182730,0.10,-0.29,0.94
182740,0.10,-0.30,0.94
182750,0.10,-0.31,0.95
182759,0.09,-0.32,0.95
182769,0.09,-0.33,0.95
182778,0.09,-0.34,0.95
182788,0.09,-0.34,0.96
182798,0.09,-0.34,0.95
182807,0.09,-0.33,0.95
182817,0.10,-0.33,0.94
182826,0.10,-0.32,0.94
182836,0.10,-0.32,0.93
182846,0.10,-0.31,0.93
182855,0.11,-0.31,0.93
182865,0.10,-0.32,0.94
182875,0.10,-0.32,0.94
182884,0.09,-0.33,0.94
182894,0.09,-0.33,0.94
182903,0.09,-0.33,0.93
182913,0.10,-0.32,0.93
182923,0.10,-0.31,0.93
182932,0.10,-0.31,0.94
182942,0.10,-0.31,0.94
182951,0.10,-0.31,0.94
182961,0.09,-0.31,0.95
182971,0.10,-0.32,0.95
182980,0.10,-0.32,0.94
182990,0.10,-0.32,0.94
183000,0.10,-0.33,0.94
183009,0.10,-0.33,0.94
183019,0.10,-0.33,0.94
183028,0.10,-0.33,0.94
183038,0.10,-0.33,0.94
183048,0.10,-0.33,0.94
183057,0.10,-0.33,0.94
183067,0.10,-0.32,0.94
183076,0.10,-0.32,0.94
183086,0.10,-0.32,0.94
183096,0.10,-0.32,0.94
183105,0.10,-0.32,0.94
183115,0.09,-0.32,0.94
183125,0.09,-0.32,0.94
183134,0.09,-0.32,0.94
183144,0.10,-0.32,0.94
183153,0.10,-0.31,0.94
183163,0.10,-0.31,0.94
183173,0.10,-0.32,0.94
183182,0.10,-0.32,0.94
183192,0.10,-0.32,0.94
183201,0.09,-0.32,0.94
183211,0.09,-0.32,0.95
183221,0.09,-0.32,0.95
183230,0.09,-0.32,0.94
183240,0.10,-0.32,0.94
183250,0.10,-0.32,0.94
183259,0.10,-0.32,0.94
183269,0.10,-0.33,0.93
183278,0.10,-0.33,0.93
183288,0.10,-0.34,0.93
183298,0.10,-0.34,0.93
183307,0.10,-0.34,0.94
183317,0.10,-0.33,0.94
183326,0.09,-0.33,0.94
183336,0.09,-0.32,0.94
183346,0.10,-0.31,0.94
183355,0.10,-0.30,0.93
183365,0.11,-0.30,0.94
183375,0.10,-0.31,0.94
183384,0.10,-0.32,0.95
183394,0.10,-0.32,0.95
183403,0.09,-0.33,0.95
183413,0.09,-0.33,0.95
183423,0.09,-0.33,0.95
183432,0.10,-0.33,0.95
183442,0.10,-0.33,0.95
183451,0.10,-0.33,0.94
183461,0.10,-0.32,0.94
183471,0.10,-0.33,0.94
183480,0.10,-0.33,0.94
183490,0.10,-0.32,0.94
183500,0.10,-0.32,0.94
183509,0.10,-0.32,0.93
183519,0.10,-0.32,0.93
183528,0.10,-0.32,0.93
183538,0.10,-0.32,0.94
183548,0.10,-0.32,0.94
183557,0.09,-0.32,0.94
183567,0.09,-0.31,0.94
183576,0.10,-0.31,0.94
183586,0.10,-0.31,0.94
183596,0.10,-0.32,0.94
183605,0.10,-0.32,0.94
183615,0.10,-0.33,0.94
183625,0.10,-0.33,0.94
183634,0.10,-0.33,0.94
183644,0.10,-0.33,0.95
183653,0.10,-0.33,0.94
183663,0.10,-0.33,0.94
183673,0.10,-0.33,0.94
183682,0.11,-0.33,0.94
183692,0.11,-0.33,0.93
183701,0.10,-0.32,0.94
183711,0.10,-0.31,0.94
183721,0.11,-0.31,0.94
183730,0.11,-0.31,0.94
183740,0.11,-0.32,0.94
183750,0.11,-0.32,0.94
183759,0.10,-0.33,0.94
183769,0.10,-0.33,0.95
183778,0.10,-0.33,0.95
183788,0.10,-0.32,0.95
183798,0.10,-0.32,0.95
183807,0.10,-0.32,0.94
183817,0.11,-0.33,0.94
183826,0.10,-0.33,0.93
183836,0.10,-0.33,0.94
183846,0.09,-0.32,0.94
183855,0.09,-0.31,0.94
183865,0.09,-0.30,0.95
183875,0.10,-0.30,0.95
183884,0.10,-0.30,0.94
183894,0.10,-0.31,0.94
183903,0.10,-0.32,0.94
183913,0.10,-0.33,0.93
183923,0.10,-0.33,0.94
183932,0.10,-0.33,0.94
183942,0.10,-0.33,0.94
183951,0.10,-0.34,0.94
183961,0.10,-0.34,0.94
183971,0.10,-0.33,0.94
183980,0.10,-0.32,0.94
183990,0.10,-0.31,0.94
184000,0.10,-0.30,0.94
184009,0.11,-0.30,0.94
184019,0.11,-0.30,0.94
184028,0.10,-0.31,0.94
184038,0.10,-0.32,0.94
184048,0.10,-0.33,0.94
184057,0.10,-0.33,0.95
184067,0.10,-0.33,0.95
184076,0.10,-0.33,0.94
184086,0.11,-0.32,0.94
184096,0.11,-0.32,0.94
184105,0.11,-0.32,0.94
184115,0.10,-0.32,0.94
184125,0.10,-0.32,0.95
184134,0.10,-0.32,0.95
184144,0.10,-0.32,0.95
184153,0.10,-0.32,0.94
184163,0.10,-0.32,0.94
184173,0.09,-0.32,0.94
184182,0.09,-0.31,0.94
184192,0.09,-0.31,0.94
184201,0.10,-0.30,0.94
184211,0.10,-0.30,0.94
184221,0.10,-0.30,0.93
184230,0.11,-0.31,0.94
184240,0.10,-0.32,0.94
184250,0.10,-0.33,0.94
184259,0.09,-0.33,0.95
184269,0.09,-0.33,0.95
184278,0.09,-0.33,0.95
184288,0.09,-0.33,0.95
184298,0.10,-0.33,0.94
184307,0.10,-0.33,0.94
184317,0.10,-0.32,0.94
184326,0.10,-0.32,0.94
184336,0.10,-0.31,0.93
184346,0.10,-0.31,0.93
184355,0.10,-0.31,0.94
184365,0.10,-0.31,0.94
184375,0.10,-0.31,0.94
184384,0.09,-0.31,0.94
184394,0.09,-0.32,0.95
184403,0.09,-0.32,0.95
184413,0.09,-0.32,0.95
184423,0.10,-0.32,0.95
184432,0.10,-0.32,0.94
184442,0.10,-0.33,0.95
184451,0.09,-0.33,0.95
184461,0.09,-0.32,0.95
184471,0.09,-0.32,0.95
184480,0.09,-0.31,0.95
184490,0.09,-0.30,0.95
184500,0.09,-0.31,0.95
184509,0.09,-0.31,0.94
184519,0.10,-0.32,0.94
184528,0.10,-0.32,0.94
184538,0.09,-0.32,0.93
184548,0.09,-0.32,0.94
184557,0.09,-0.31,0.94
184567,0.08,-0.31,0.94
184576,0.08,-0.31,0.94
184586,0.08,-0.30,0.94
184596,0.09,-0.30,0.94
184605,0.09,-0.30,0.94
184615,0.09,-0.30,0.93
184625,0.10,-0.31,0.93
184634,0.10,-0.31,0.93
184644,0.10,-0.31,0.94
184653,0.10,-0.31,0.94
184663,0.10,-0.32,0.94
184673,0.10,-0.32,0.95
184682,0.09,-0.33,0.95
184692,0.08,-0.32,0.96
184701,0.09,-0.31,0.96
184711,0.09,-0.30,0.96
184721,0.10,-0.30,0.95
184730,0.10,-0.30,0.95
184740,0.10,-0.31,0.95
184750,0.09,-0.31,0.95
184759,0.09,-0.32,0.95
184769,0.09,-0.32,0.95
184778,0.09,-0.32,0.94
184788,0.10,-0.32,0.94
184798,0.10,-0.31,0.93
184807,0.11,-0.31,0.93
184817,0.10,-0.31,0.93
184826,0.10,-0.31,0.94
184836,0.10,-0.31,0.94
184846,0.10,-0.31,0.94
184855,0.10,-0.31,0.94
184865,0.10,-0.32,0.94
184875,0.10,-0.32,0.94
184884,0.09,-0.32,0.95
184894,0.09,-0.32,0.95
184903,0.09,-0.32,0.95
184913,0.09,-0.32,0.95
184923,0.09,-0.31,0.94
184932,0.10,-0.31,0.94
184942,0.10,-0.31,0.94
184951,0.10,-0.31,0.94
184961,0.10,-0.31,0.94
184971,0.09,-0.31,0.95
184980,0.09,-0.32,0.95
184990,0.09,-0.32,0.95
185000,0.09,-0.32,0.94
185009,0.09,-0.32,0.94
185019,0.10,-0.31,0.95
185028,0.10,-0.31,0.95
185038,0.09,-0.32,0.95
185048,0.09,-0.32,0.95
185057,0.09,-0.33,0.95
185067,0.09,-0.32,0.95
185076,0.09,-0.32,0.95
185086,0.09,-0.30,0.95
185096,0.09,-0.29,0.95
185105,0.09,-0.29,0.94
185115,0.09,-0.29,0.94
185125,0.10,-0.31,0.94
185134,0.10,-0.32,0.94
185144,0.10,-0.33,0.94
185153,0.10,-0.33,0.94
185163,0.10,-0.32,0.94
185173,0.10,-0.32,0.94
185182,0.10,-0.31,0.94
185192,0.10,-0.31,0.94
185201,0.10,-0.31,0.94
185211,0.09,-0.30,0.94
185221,0.09,-0.30,0.95
185230,0.09,-0.31,0.95
185240,0.09,-0.31,0.94
185250,0.09,-0.31,0.94
185259,0.10,-0.31,0.94
185269,0.10,-0.31,0.94
185278,0.10,-0.32,0.95
185288,0.10,-0.33,0.95
185298,0.09,-0.33,0.95
185307,0.09,-0.33,0.95
185317,0.09,-0.32,0.95
185326,0.09,-0.31,0.95
185336,0.10,-0.30,0.95
185346,0.10,-0.30,0.94
185355,0.10,-0.31,0.94
185365,0.09,-0.31,0.94
185375,0.09,-0.32,0.94
185384,0.09,-0.32,0.94
185394,0.09,-0.32,0.94
185403,0.10,-0.32,0.94
185413,0.10,-0.31,0.94
185423,0.10,-0.31,0.94
185432,0.10,-0.31,0.94
185442,0.10,-0.31,0.94
185451,0.10,-0.31,0.94
185461,0.10,-0.31,0.94
185471,0.10,-0.31,0.94
185480,0.09,-0.31,0.94
185490,0.09,-0.32,0.95
185500,0.09,-0.32,0.94
185509,0.09,-0.32,0.94
185519,0.09,-0.31,0.94
185528,0.10,-0.31,0.94
185538,0.10,-0.31,0.94
185548,0.09,-0.31,0.94
185557,0.09,-0.31,0.95
185567,0.09,-0.31,0.95
185576,0.09,-0.31,0.94
185586,0.09,-0.31,0.94
185596,0.09,-0.31,0.94
185605,0.09,-0.31,0.94
185615,0.09,-0.31,0.94
185625,0.09,-0.32,0.94
185634,0.09,-0.32,0.94
185644,0.09,-0.33,0.94
185653,0.09,-0.32,0.94
185663,0.09,-0.32,0.94
185673,0.09,-0.31,0.94
185682,0.09,-0.30,0.94
185692,0.09,-0.29,0.94
185701,0.09,-0.29,0.94
185711,0.09,-0.30,0.95
185721,0.09,-0.31,0.95
185730,0.09,-0.33,0.94
185740,0.09,-0.33,0.94
185750,0.09,-0.33,0.94
185759,0.09,-0.33,0.94
185769,0.09,-0.32,0.94
185778,0.09,-0.32,0.93
185788,0.09,-0.31,0.93
185798,0.09,-0.30,0.94
185807,0.08,-0.30,0.94
185817,0.08,-0.29,0.95
185826,0.08,-0.29,0.95
185836,0.08,-0.30,0.95
185846,0.08,-0.31,0.95
185855,0.09,-0.32,0.95
185865,0.09,-0.33,0.95
185875,0.09,-0.33,0.95
185884,0.09,-0.33,0.95
185894,0.09,-0.33,0.95
185903,0.09,-0.32,0.94
185913,0.09,-0.31,0.94
185923,0.09,-0.31,0.95
185932,0.09,-0.30,0.95
185942,0.09,-0.31,0.95
185951,0.08,-0.32,0.94
185961,0.08,-0.33,0.94
185971,0.08,-0.33,0.94
185980,0.08,-0.32,0.94
185990,0.09,-0.32,0.94
186000,0.09,-0.32,0.94
186009,0.09,-0.32,0.94
186019,0.08,-0.32,0.94
186028,0.08,-0.31,0.94
186038,0.08,-0.31,0.94
186048,0.09,-0.31,0.94
186057,0.09,-0.31,0.94
186067,0.09,-0.32,0.94
186076,0.09,-0.32,0.94
186086,0.08,-0.32,0.94
186096,0.08,-0.32,0.94
186105,0.09,-0.32,0.94
186115,0.09,-0.32,0.94
186125,0.09,-0.32,0.94
186134,0.09,-0.32,0.94
186144,0.08,-0.32,0.94
186153,0.08,-0.32,0.94
186163,0.08,-0.32,0.94
186173,0.09,-0.31,0.94
186182,0.09,-0.31,0.94
186192,0.09,-0.31,0.94
186201,0.09,-0.31,0.94
186211,0.09,-0.31,0.94
186221,0.09,-0.32,0.94
186230,0.09,-0.33,0.94
186240,0.08,-0.33,0.94
186250,0.08,-0.33,0.94
186259,0.08,-0.32,0.94
186269,0.08,-0.31,0.94
186278,0.08,-0.31,0.95
186288,0.08,-0.30,0.95
186298,0.08,-0.31,0.95
186307,0.08,-0.31,0.95
186317,0.09,-0.32,0.94
186326,0.09,-0.33,0.94
186336,0.10,-0.34,0.93
186346,0.09,-0.34,0.93
186355,0.09,-0.33,0.93
186365,0.09,-0.32,0.93
186375,0.09,-0.31,0.94
186384,0.08,-0.30,0.94
186394,0.08,-0.30,0.94
186403,0.08,-0.30,0.94
186413,0.08,-0.31,0.94
186423,0.08,-0.32,0.94
186432,0.09,-0.33,0.94
186442,0.09,-0.34,0.94
186451,0.09,-0.34,0.94
186461,0.09,-0.33,0.94
186471,0.09,-0.33,0.94
186480,0.09,-0.32,0.93
186490,0.09,-0.32,0.93
186500,0.09,-0.31,0.94
186509,0.08,-0.31,0.94
186519,0.08,-0.31,0.95
186528,0.08,-0.31,0.95
186538,0.08,-0.32,0.95
186548,0.08,-0.33,0.94
186557,0.08,-0.32,0.94
186567,0.09,-0.32,0.94
186576,0.09,-0.32,0.94
186586,0.09,-0.32,0.94
186596,0.09,-0.32,0.93
186605,0.09,-0.31,0.93
186615,0.09,-0.31,0.93
186625,0.09,-0.31,0.93
186634,0.09,-0.31,0.93
186644,0.09,-0.32,0.93
186653,0.09,-0.32,0.94
186663,0.09,-0.33,0.94
186673,0.09,-0.33,0.94
186682,0.08,-0.33,0.94
186692,0.09,-0.33,0.94
186701,0.09,-0.33,0.94
186711,0.09,-0.32,0.94
186721,0.09,-0.32,0.94
186730,0.09,-0.31,0.94
186740,0.09,-0.31,0.93
186750,0.09,-0.31,0.94
186759,0.09,-0.31,0.94
186769,0.08,-0.32,0.94
186778,0.08,-0.32,0.94
186788,0.09,-0.32,0.94
186798,0.09,-0.32,0.93
186807,0.09,-0.32,0.93
186817,0.09,-0.33,0.93
186826,0.09,-0.33,0.93
186836,0.09,-0.33,0.94
186846,0.08,-0.32,0.94
186855,0.08,-0.32,0.94
186865,0.08,-0.31,0.94
186875,0.08,-0.30,0.94
186884,0.08,-0.30,0.95
186894,0.08,-0.31,0.95
186903,0.08,-0.32,0.95
186913,0.09,-0.33,0.94
186923,0.09,-0.34,0.94
186932,0.09,-0.34,0.94
186942,0.09,-0.34,0.93
186951,0.09,-0.34,0.93
186961,0.09,-0.33,0.93
186971,0.09,-0.32,0.93
186980,0.09,-0.31,0.94
186990,0.09,-0.31,0.94
187000,0.09,-0.31,0.94
187009,0.09,-0.31,0.94
187019,0.09,-0.32,0.95
187028,0.08,-0.33,0.95
187038,0.08,-0.33,0.95
187048,0.08,-0.33,0.95
187057,0.09,-0.33,0.95
187067,0.09,-0.33,0.94
187076,0.09,-0.33,0.94
187086,0.09,-0.32,0.94
187096,0.09,-0.32,0.94
187105,0.09,-0.32,0.94
187115,0.09,-0.32,0.95
187125,0.08,-0.32,0.94
187134,0.08,-0.33,0.94
187144,0.09,-0.33,0.94
187153,0.09,-0.33,0.94
187163,0.09,-0.33,0.94
187173,0.09,-0.33,0.94
187182,0.09,-0.33,0.94
187192,0.09,-0.32,0.93
187201,0.09,-0.32,0.94
187211,0.09,-0.32,0.94
187221,0.09,-0.32,0.94
187230,0.09,-0.32,0.94
187240,0.09,-0.33,0.94
187250,0.08,-0.33,0.94
187259,0.08,-0.33,0.94
187269,0.09,-0.32,0.94
187278,0.09,-0.32,0.94
187288,0.09,-0.32,0.94
187298,0.09,-0.32,0.94
187307,0.09,-0.33,0.94
187317,0.09,-0.33,0.94
187326,0.09,-0.33,0.94
187336,0.09,-0.33,0.94
187346,0.09,-0.33,0.94
187355,0.09,-0.33,0.94
187365,0.09,-0.33,0.94
187375,0.09,-0.33,0.94
187384,0.09,-0.33,0.94
187394,0.09,-0.33,0.94
187403,0.09,-0.32,0.94
187413,0.09,-0.32,0.94
187423,0.09,-0.32,0.93
187432,0.09,-0.32,0.94
187442,0.10,-0.32,0.94
187451,0.09,-0.32,0.94
187461,0.09,-0.31,0.95
187471,0.08,-0.31,0.95
187480,0.08,-0.31,0.95
187490,0.08,-0.32,0.95
187500,0.08,-0.32,0.95
187509,0.08,-0.33,0.94
187519,0.09,-0.33,0.94
187528,0.09,-0.33,0.94
187538,0.09,-0.33,0.94
187548,0.09,-0.33,0.93
187557,0.09,-0.33,0.93
187567,0.08,-0.32,0.93
187576,0.09,-0.32,0.93
187586,0.09,-0.31,0.93
187596,0.10,-0.30,0.93
187605,0.10,-0.30,0.93
187615,0.09,-0.30,0.94
187625,0.09,-0.31,0.94
187634,0.09,-0.32,0.95
187644,0.08,-0.33,0.95
187653,0.08,-0.34,0.95
187663,0.08,-0.34,0.95
187673,0.08,-0.33,0.95
187682,0.08,-0.33,0.95
187692,0.09,-0.32,0.95
187701,0.09,-0.32,0.95
187711,0.09,-0.32,0.95
187721,0.08,-0.33,0.95
187730,0.08,-0.33,0.95
187740,0.08,-0.32,0.95
187750,0.09,-0.32,0.95
187759,0.09,-0.33,0.94
187769,0.09,-0.33,0.94
187778,0.09,-0.34,0.93
187788,0.09,-0.34,0.93
187798,0.09,-0.33,0.94
187807,0.08,-0.32,0.94
187817,0.09,-0.31,0.94
187826,0.09,-0.30,0.93
187836,0.09,-0.30,0.93
187846,0.09,-0.30,0.93
187855,0.09,-0.31,0.93
187865,0.09,-0.32,0.94
187875,0.09,-0.32,0.94
187884,0.09,-0.33,0.94
187894,0.09,-0.33,0.94
187903,0.09,-0.33,0.94
187913,0.09,-0.33,0.93
187923,0.09,-0.33,0.94
187932,0.09,-0.33,0.94
187942,0.09,-0.33,0.94
187951,0.09,-0.32,0.94
187961,0.09,-0.33,0.94
187971,0.08,-0.32,0.94
187980,0.08,-0.32,0.94
187990,0.08,-0.32,0.95
188000,0.09,-0.31,0.95
188009,0.09,-0.31,0.94
188019,0.09,-0.32,0.94
188028,0.09,-0.32,0.93
188038,0.09,-0.32,0.93
188048,0.09,-0.31,0.94
188057,0.09,-0.31,0.94
188067,0.09,-0.31,0.94
188076,0.08,-0.31,0.95
188086,0.09,-0.32,0.95
188096,0.09,-0.33,0.94
188105,0.09,-0.34,0.94
188115,0.09,-0.34,0.93
188125,0.10,-0.34,0.93
188134,0.10,-0.34,0.93
188144,0.10,-0.33,0.92
188153,0.10,-0.33,0.92
188163,0.10,-0.33,0.93
188173,0.10,-0.33,0.93
188182,0.10,-0.32,0.93
188192,0.10,-0.32,0.93
188201,0.10,-0.33,0.94
188211,0.09,-0.33,0.94
188221,0.09,-0.33,0.95
188230,0.08,-0.34,0.95
188240,0.08,-0.34,0.95
188250,0.07,-0.35,0.95
188259,0.07,-0.35,0.95
188269,0.07,-0.34,0.95
188278,0.07,-0.34,0.95
188288,0.07,-0.33,0.95
188298,0.07,-0.33,0.95
188307,0.07,-0.32,0.95
188317,0.07,-0.32,0.95
188326,0.07,-0.31,0.95
188336,0.07,-0.31,0.95
188346,0.07,-0.32,0.95
188355,0.06,-0.33,0.95
188365,0.06,-0.34,0.95
188375,0.06,-0.35,0.95
188384,0.05,-0.35,0.94
188394,0.06,-0.35,0.94
188403,0.06,-0.34,0.94
188413,0.07,-0.33,0.93
188423,0.07,-0.32,0.92
188432,0.08,-0.32,0.92
188442,0.08,-0.32,0.91
188451,0.08,-0.32,0.91
188461,0.08,-0.33,0.91
188471,0.08,-0.33,0.91
188480,0.08,-0.33,0.91
188490,0.09,-0.32,0.91
188500,0.10,-0.31,0.91
188509,0.11,-0.31,0.91
188519,0.12,-0.31,0.92
188528,0.12,-0.32,0.92
188538,0.12,-0.33,0.93
188548,0.12,-0.34,0.94
188557,0.12,-0.35,0.95
188567,0.11,-0.36,0.96
188576,0.11,-0.36,0.97
188586,0.11,-0.37,0.98
188596,0.11,-0.37,0.99
188605,0.11,-0.38,0.99
188615,0.11,-0.38,0.99
188625,0.10,-0.38,0.99
188634,0.10,-0.38,0.98
188644,0.10,-0.37,0.98
188653,0.10,-0.37,0.98
188663,0.10,-0.36,0.97
188673,0.09,-0.35,0.96
188682,0.09,-0.34,0.96
188692,0.10,-0.34,0.95
188701,0.10,-0.34,0.93
188711,0.11,-0.34,0.91
188721,0.11,-0.35,0.90
188730,0.12,-0.35,0.89
188740,0.12,-0.36,0.88
188750,0.13,-0.36,0.87
188759,0.13,-0.35,0.87
188769,0.13,-0.35,0.87
188778,0.14,-0.35,0.87
188788,0.14,-0.35,0.87
188798,0.14,-0.35,0.88
188807,0.14,-0.35,0.88
188817,0.14,-0.35,0.89
188826,0.14,-0.35,0.90
188836,0.14,-0.36,0.90
188846,0.14,-0.36,0.91
188855,0.14,-0.37,0.92
188865,0.13,-0.38,0.93
188875,0.13,-0.39,0.94
188884,0.13,-0.40,0.94
188894,0.12,-0.40,0.95
188903,0.12,-0.40,0.95
188913,0.12,-0.40,0.96
188923,0.12,-0.40,0.95
188932,0.12,-0.40,0.95
188942,0.12,-0.39,0.94
188951,0.12,-0.39,0.94
188961,0.12,-0.39,0.94
188971,0.12,-0.39,0.93
188980,0.12,-0.39,0.92
188990,0.12,-0.39,0.91
189000,0.13,-0.38,0.90
189009,0.13,-0.38,0.90
189019,0.13,-0.38,0.89
189028,0.13,-0.38,0.90
189038,0.13,-0.38,0.90
189048,0.13,-0.38,0.90
189057,0.13,-0.38,0.90
189067,0.13,-0.38,0.91
189076,0.13,-0.39,0.92
189086,0.13,-0.39,0.92
189096,0.13,-0.40,0.92
189105,0.13,-0.40,0.93
189115,0.13,-0.39,0.93
189125,0.13,-0.39,0.93
189134,0.13,-0.39,0.94
189144,0.13,-0.39,0.94
189153,0.12,-0.40,0.94
189163,0.12,-0.40,0.95
189173,0.12,-0.40,0.95
189182,0.12,-0.40,0.94
189192,0.13,-0.40,0.93
189201,0.13,-0.40,0.93
189211,0.14,-0.39,0.92
189221,0.14,-0.39,0.92
189230,0.14,-0.40,0.92
189240,0.14,-0.40,0.92
189250,0.13,-0.41,0.91
189259,0.13,-0.41,0.91
189269,0.13,-0.41,0.91
189278,0.13,-0.40,0.91
189288,0.13,-0.39,0.91
189298,0.13,-0.39,0.91
189307,0.13,-0.38,0.91
189317,0.13,-0.37,0.91
189326,0.13,-0.37,0.90
189336,0.13,-0.38,0.90
189346,0.13,-0.38,0.89
189355,0.14,-0.39,0.89
189365,0.14,-0.40,0.89
189375,0.14,-0.40,0.89
189384,0.14,-0.40,0.89
189394,0.14,-0.40,0.90
189403,0.14,-0.39,0.91
189413,0.13,-0.39,0.92
189423,0.13,-0.38,0.92
189432,0.13,-0.37,0.92
189442,0.14,-0.37,0.92
189451,0.14,-0.36,0.92
189461,0.14,-0.37,0.92
189471,0.14,-0.37,0.92
189480,0.13,-0.38,0.92
189490,0.13,-0.39,0.93
189500,0.13,-0.40,0.92
189509,0.13,-0.40,0.92
189519,0.13,-0.40,0.92
189528,0.13,-0.39,0.92
189538,0.13,-0.38,0.92
189548,0.13,-0.38,0.92
189557,0.12,-0.37,0.92
189567,0.12,-0.37,0.91
189576,0.12,-0.36,0.91
189586,0.12,-0.36,0.92
189596,0.11,-0.36,0.92
189605,0.11,-0.35,0.93
189615,0.11,-0.35,0.93
189625,0.10,-0.35,0.94
189634,0.10,-0.35,0.95
189644,0.09,-0.35,0.95
189653,0.09,-0.35,0.96
189663,0.08,-0.36,0.97
189673,0.07,-0.36,0.97
189682,0.06,-0.36,0.96
189692,0.06,-0.36,0.96
189701,0.06,-0.35,0.95
189711,0.07,-0.34,0.94
189721,0.08,-0.32,0.93
189730,0.08,-0.31,0.92
189740,0.09,-0.29,0.91
189750,0.09,-0.28,0.90
189759,0.10,-0.27,0.90
189769,0.10,-0.28,0.90
189778,0.11,-0.29,0.91
189788,0.11,-0.31,0.91
189798,0.11,-0.33,0.91
189807,0.12,-0.35,0.91
189817,0.13,-0.36,0.90
189826,0.14,-0.36,0.90
189836,0.16,-0.36,0.89
189846,0.17,-0.36,0.89
189855,0.18,-0.36,0.88
189865,0.18,-0.37,0.88
189875,0.18,-0.37,0.88
189884,0.18,-0.38,0.89
189894,0.17,-0.37,0.90
189903,0.17,-0.37,0.91
189913,0.17,-0.36,0.93
189923,0.15,-0.35,0.95
189932,0.13,-0.35,0.97
189942,0.11,-0.35,1.00
189951,0.10,-0.33,1.01
189961,0.08,-0.37,1.03
189971,0.07,-0.37,1.02
189980,0.07,-0.37,1.00
189990,0.07,-0.38,0.98
190000,0.07,-0.38,0.96
190009,0.08,-0.37,0.94
190019,0.09,-0.35,0.92
190028,0.09,-0.34,0.90
190038,0.10,-0.32,0.89
190048,0.11,-0.31,0.87
190057,0.12,-0.30,0.86
190067,0.13,-0.30,0.85
190076,0.13,-0.31,0.85
190086,0.13,-0.32,0.86
190096,0.12,-0.34,0.87
190105,0.11,-0.35,0.89
190115,0.10,-0.36,0.90
190125,0.09,-0.36,0.92
190134,0.08,-0.37,0.93
190144,0.06,-0.37,0.94
190153,0.05,-0.36,0.95
190163,0.05,-0.34,0.95
190173,0.05,-0.32,0.94
190182,0.06,-0.29,0.94
190192,0.07,-0.27,0.93
190201,0.09,-0.27,0.92
190211,0.10,-0.27,0.91
190221,0.11,-0.28,0.90
190230,0.12,-0.29,0.90
190240,0.12,-0.31,0.91
190250,0.12,-0.31,0.91
190259,0.12,-0.32,0.93
190269,0.11,-0.33,0.94
190278,0.10,-0.34,0.95
190288,0.10,-0.34,0.96
190298,0.09,-0.34,0.97
190307,0.07,-0.33,0.98
190317,0.06,-0.32,0.99
190326,0.06,-0.31,1.00
190336,0.06,-0.30,1.00
190346,0.06,-0.29,1.00
190355,0.06,-0.28,1.00
190365,0.06,-0.27,1.00
190375,0.07,-0.27,1.00
190384,0.07,-0.28,1.00
190394,0.07,-0.29,1.00
190403,0.07,-0.31,1.00
190413,0.07,-0.34,1.00
190423,0.06,-0.36,1.00
190432,0.05,-0.38,1.00
190442,0.05,-0.38,0.99
190451,0.06,-0.38,0.98
190461,0.07,-0.36,0.96
190471,0.09,-0.34,0.93
190480,0.10,-0.31,0.91
190490,0.12,-0.29,0.89
190500,0.12,-0.28,0.88
190509,0.13,-0.27,0.89
190519,0.12,-0.26,0.90
190528,0.12,-0.26,0.91
190538,0.11,-0.25,0.92
190548,0.11,-0.25,0.93
190557,0.11,-0.28,0.93
190567,0.11,-0.30,0.93
190576,0.11,-0.33,0.94
190586,0.10,-0.36,0.94
190596,0.08,-0.39,0.94
190605,0.07,-0.40,0.94
190615,0.06,-0.41,0.95
190625,0.06,-0.41,0.95
190634,0.05,-0.39,0.96
190644,0.04,-0.38,0.96
190653,0.03,-0.35,0.96
190663,0.03,-0.33,0.96
190673,0.02,-0.31,0.95
190682,0.03,-0.29,0.95
190692,0.03,-0.28,0.94
190701,0.03,-0.28,0.94
190711,0.03,-0.28,0.95
190721,0.02,-0.29,0.96
190730,0.01,-0.29,0.97
190740,0.01,-0.30,0.97
190750,0.02,-0.30,0.97
190759,0.03,-0.30,0.97
190769,0.04,-0.31,0.97
190778,0.05,-0.32,0.97
190788,0.05,-0.33,0.97
190798,0.05,-0.34,0.97
190807,0.06,-0.33,0.97
190817,0.06,-0.33,0.96
190826,0.07,-0.33,0.96
190836,0.07,-0.32,0.95
190846,0.06,-0.33,0.96
190855,0.06,-0.33,0.96
190865,0.04,-0.33,0.96
190875,0.04,-0.33,0.97
190884,0.03,-0.32,0.97
190894,0.03,-0.32,0.97
190903,0.03,-0.32,0.97
190913,0.03,-0.32,0.97
190923,-0.01,-0.33,0.97
190932,0.04,-0.30,0.96
190942,0.05,-0.31,0.98
190951,0.03,-0.32,0.98
190961,0.02,-0.33,0.97
190971,0.03,-0.34,0.98
190980,0.03,-0.36,0.98
190990,0.03,-0.36,0.97
191000,0.03,-0.36,0.97
191009,0.04,-0.36,0.96
191019,0.04,-0.36,0.95
191028,0.05,-0.35,0.94
191038,0.05,-0.34,0.94
191048,0.04,-0.34,0.94
191057,0.03,-0.33,0.95
191067,0.03,-0.31,0.95
191076,0.03,-0.30,0.96
191086,0.02,-0.30,0.96
191096,0.02,-0.30,0.95
191105,0.02,-0.30,0.94
191115,0.03,-0.30,0.93
191125,0.05,-0.29,0.93
191134,0.06,-0.29,0.92
191144,0.07,-0.30,0.91
191153,0.07,-0.32,0.91
191163,0.07,-0.34,0.92
191173,0.07,-0.37,0.93
191182,0.06,-0.39,0.93
191192,0.05,-0.41,0.94
191201,0.04,-0.41,0.93
191211,0.04,-0.40,0.93
191221,0.05,-0.38,0.92
191230,0.05,-0.37,0.90
191240,0.06,-0.35,0.89
191250,0.06,-0.34,0.88
191259,0.07,-0.34,0.87
191269,0.07,-0.34,0.87
191278,0.07,-0.35,0.86
191288,0.08,-0.35,0.85
191298,0.09,-0.35,0.85
191307,0.10,-0.35,0.84
191317,0.10,-0.36,0.85
191326,0.10,-0.36,0.85
191336,0.10,-0.37,0.86
191346,0.10,-0.36,0.87
191355,0.10,-0.35,0.89
191365,0.10,-0.34,0.91
191375,0.10,-0.34,0.93
191384,0.10,-0.35,0.95
191394,0.09,-0.37,0.96
191403,0.09,-0.38,0.97
191413,0.08,-0.40,0.97
191423,0.08,-0.41,0.97
191432,0.09,-0.41,0.96
191442,0.10,-0.42,0.95
191451,0.11,-0.42,0.94
191461,0.12,-0.42,0.93
191471,0.13,-0.42,0.92
191480,0.14,-0.41,0.91
191490,0.14,-0.39,0.90
191500,0.15,-0.37,0.90
191509,0.15,-0.35,0.90
191519,0.15,-0.34,0.90
191528,0.15,-0.34,0.90
191538,0.14,-0.34,0.91
191548,0.13,-0.35,0.92
191557,0.12,-0.35,0.92
191567,0.11,-0.36,0.93
191576,0.10,-0.37,0.94
191586,0.10,-0.38,0.94
191596,0.10,-0.39,0.94
191605,0.10,-0.39,0.93
191615,0.10,-0.39,0.92
191625,0.11,-0.39,0.92
191634,0.11,-0.40,0.91
191644,0.11,-0.41,0.90
191653,0.11,-0.41,0.89
191663,0.12,-0.41,0.88
191673,0.13,-0.39,0.87
191682,0.13,-0.38,0.85
191692,0.14,-0.36,0.84
191701,0.15,-0.35,0.84
191711,0.14,-0.34,0.85
191721,0.14,-0.33,0.87
191730,0.13,-0.34,0.89
191740,0.12,-0.35,0.90
191750,0.12,-0.37,0.91
191759,0.12,-0.38,0.92
191769,0.13,-0.40,0.92
191778,0.13,-0.40,0.92
191788,0.14,-0.40,0.92
191798,0.14,-0.40,0.92
191807,0.15,-0.41,0.93
191817,0.14,-0.41,0.93
191826,0.14,-0.41,0.93
191836,0.14,-0.41,0.93
191846,0.14,-0.40,0.93
191855,0.14,-0.40,0.93
191865,0.15,-0.41,0.93
191875,0.15,-0.41,0.92
191884,0.15,-0.42,0.91
191894,0.16,-0.42,0.90
191903,0.16,-0.42,0.89
191913,0.16,-0.42,0.88
191923,0.16,-0.41,0.88
191932,0.16,-0.41,0.87
191942,0.16,-0.40,0.88
191951,0.16,-0.39,0.88
191961,0.16,-0.39,0.88
191971,0.16,-0.39,0.87
191980,0.16,-0.39,0.87
191990,0.16,-0.40,0.87
192000,0.15,-0.40,0.87
192009,0.15,-0.41,0.87
192019,0.15,-0.41,0.88
192028,0.15,-0.41,0.88
192038,0.16,-0.41,0.88
192048,0.16,-0.41,0.88
192057,0.15,-0.42,0.89
192067,0.14,-0.43,0.90
192076,0.13,-0.43,0.91
192086,0.11,-0.44,0.93
192096,0.10,-0.43,0.95
192105,0.09,-0.42,0.95
192115,0.09,-0.42,0.94
192125,0.09,-0.42,0.93
192134,0.10,-0.42,0.92
192144,0.12,-0.43,0.92
192153,0.14,-0.46,0.92
192163,0.14,-0.49,0.91
192173,0.14,-0.52,0.91
192182,0.13,-0.54,0.91
192192,0.13,-0.55,0.91
192201,0.12,-0.55,0.91
192211,0.12,-0.55,0.91
192221,0.12,-0.54,0.90
192230,0.11,-0.53,0.89
192240,0.11,-0.50,0.87
192250,0.11,-0.47,0.86
192259,0.11,-0.44,0.86
192269,0.10,-0.43,0.86
192278,0.09,-0.42,0.86
192288,0.08,-0.42,0.87
192298,0.06,-0.43,0.88
192307,0.05,-0.43,0.89
192317,0.04,-0.44,0.90
192326,0.04,-0.46,0.90
192336,0.04,-0.48,0.89
192346,0.05,-0.51,0.88
192355,0.04,-0.53,0.87
192365,0.04,-0.54,0.86
192375,0.03,-0.53,0.85
192384,0.03,-0.51,0.83
192394,0.03,-0.49,0.83
192403,0.03,-0.47,0.84
192413,0.01,-0.47,0.84
192423,-0.01,-0.47,0.85
192432,-0.03,-0.48,0.86
192442,-0.05,-0.49,0.87
192451,-0.06,-0.48,0.87
192461,-0.07,-0.48,0.88
192471,-0.07,-0.48,0.88
192480,-0.07,-0.47,0.86
192490,-0.06,-0.47,0.85
192500,-0.06,-0.48,0.84
192509,-0.05,-0.49,0.82
192519,-0.05,-0.49,0.80
192528,-0.04,-0.49,0.80
192538,-0.04,-0.49,0.80
192548,-0.04,-0.49,0.80
192557,-0.04,-0.49,0.80
192567,-0.06,-0.52,0.81
192576,-0.07,-0.53,0.81
192586,-0.07,-0.53,0.83
192596,-0.08,-0.52,0.84
192605,-0.09,-0.52,0.85
192615,-0.08,-0.51,0.86
192625,-0.08,-0.52,0.86
192634,-0.09,-0.53,0.86
192644,-0.10,-0.53,0.86
192653,-0.10,-0.54,0.87
192663,-0.11,-0.55,0.87
192673,-0.11,-0.55,0.87
192682,-0.11,-0.56,0.87
192692,-0.10,-0.56,0.86
192701,-0.09,-0.57,0.85
192711,-0.09,-0.58,0.84
192721,-0.08,-0.57,0.84
192730,-0.08,-0.57,0.84
192740,-0.07,-0.57,0.85
192750,-0.06,-0.58,0.84
192759,-0.06,-0.59,0.85
192769,-0.08,-0.59,0.85
192778,-0.09,-0.58,0.85
192788,-0.09,-0.56,0.86
192798,-0.08,-0.53,0.86
192807,-0.08,-0.52,0.86
192817,-0.06,-0.50,0.86
192826,-0.05,-0.50,0.86
192836,-0.04,-0.50,0.86
192846,-0.03,-0.51,0.86
192855,-0.01,-0.53,0.85
192865,-0.00,-0.55,0.85
192875,-0.01,-0.56,0.86
192884,-0.01,-0.56,0.88
192894,-0.01,-0.56,0.89
192903,-0.02,-0.55,0.91
192913,-0.03,-0.55,0.91
192923,-0.03,-0.55,0.91
192932,-0.03,-0.54,0.91
192942,-0.02,-0.54,0.90
192951,-0.02,-0.54,0.89
192961,-0.01,-0.53,0.87
192971,0.00,-0.52,0.86
192980,0.01,-0.51,0.85
192990,0.01,-0.51,0.84
193000,0.01,-0.51,0.84
193009,0.01,-0.51,0.84
193019,-0.00,-0.50,0.84
193028,-0.01,-0.49,0.84
193038,-0.02,-0.48,0.86
193048,-0.01,-0.48,0.87
193057,-0.01,-0.49,0.87
193067,-0.01,-0.49,0.88
193076,-0.01,-0.49,0.87
193086,0.00,-0.49,0.86
193096,0.01,-0.49,0.86
193105,0.02,-0.48,0.85
193115,0.02,-0.48,0.85
193125,0.01,-0.48,0.86
193134,0.01,-0.47,0.87
193144,-0.00,-0.46,0.88
193153,-0.01,-0.45,0.89
193163,-0.01,-0.45,0.89
193173,-0.01,-0.45,0.89
193182,-0.02,-0.44,0.88
193192,-0.02,-0.43,0.88
193201,-0.02,-0.42,0.88
193211,-0.02,-0.41,0.88
193221,-0.02,-0.41,0.88
193230,-0.03,-0.42,0.87
193240,-0.03,-0.43,0.86
193250,-0.03,-0.42,0.84
193259,-0.02,-0.41,0.84
193269,-0.01,-0.41,0.84
193278,-0.00,-0.41,0.85
193288,-0.00,-0.41,0.85
193298,-0.00,-0.42,0.85
193307,0.00,-0.43,0.84
193317,0.01,-0.43,0.84
193326,0.02,-0.44,0.84
193336,0.03,-0.43,0.84
193346,0.03,-0.43,0.86
193355,0.03,-0.44,0.88
193365,0.02,-0.45,0.91
193375,0.01,-0.46,0.93
193384,-0.01,-0.47,0.94
193394,-0.03,-0.47,0.95
193403,-0.03,-0.47,0.95
193413,-0.04,-0.46,0.95
193423,-0.04,-0.45,0.94
193432,-0.03,-0.44,0.93
193442,-0.03,-0.43,0.91
193451,-0.04,-0.43,0.90
193461,-0.05,-0.43,0.89
193471,-0.05,-0.43,0.88
193480,-0.05,-0.43,0.87
193490,-0.06,-0.43,0.87
193500,-0.06,-0.44,0.87
193509,-0.07,-0.45,0.87
193519,-0.08,-0.46,0.87
193528,-0.09,-0.46,0.86
193538,-0.09,-0.45,0.86
193548,-0.10,-0.44,0.86
193557,-0.10,-0.43,0.86
193567,-0.10,-0.42,0.86
193576,-0.11,-0.41,0.85
193586,-0.11,-0.40,0.85
193596,-0.11,-0.40,0.84
193605,-0.11,-0.39,0.84
193615,-0.10,-0.39,0.84
193625,-0.09,-0.40,0.84
193634,-0.09,-0.40,0.84
193644,-0.08,-0.41,0.84
193653,-0.07,-0.42,0.84
193663,-0.07,-0.44,0.84
193673,-0.07,-0.44,0.85
193682,-0.07,-0.45,0.86
193692,-0.05,-0.45,0.86
193701,-0.08,-0.49,0.88
193711,-0.10,-0.50,0.89
193721,-0.08,-0.50,0.90
193730,-0.09,-0.49,0.92
193740,-0.09,-0.49,0.94
193750,-0.09,-0.49,0.94
193759,-0.09,-0.50,0.94
193769,-0.10,-0.51,0.92
193778,-0.10,-0.51,0.91
193788,-0.10,-0.52,0.89
193798,-0.10,-0.52,0.88
193807,-0.10,-0.52,0.87
193817,-0.10,-0.52,0.86
193826,-0.10,-0.52,0.85
193836,-0.09,-0.51,0.85
193846,-0.08,-0.50,0.84
193855,-0.08,-0.49,0.84
193865,-0.08,-0.48,0.85
193875,-0.08,-0.48,0.85
193884,-0.08,-0.48,0.85
193894,-0.07,-0.49,0.85
193903,-0.06,-0.51,0.85
193913,-0.05,-0.54,0.85
193923,-0.04,-0.56,0.85
193932,-0.05,-0.57,0.85
193942,-0.06,-0.57,0.86
193951,-0.05,-0.57,0.87
193961,-0.05,-0.56,0.87
193971,-0.05,-0.55,0.87
193980,-0.05,-0.54,0.85
193990,-0.05,-0.52,0.83
194000,-0.03,-0.51,0.82
194009,-0.01,-0.50,0.80
194019,0.01,-0.50,0.79
194028,0.03,-0.51,0.78
194038,0.04,-0.51,0.77
194048,0.04,-0.51,0.76
194057,0.04,-0.51,0.76
194067,0.04,-0.50,0.77
194076,0.05,-0.50,0.77
194086,0.06,-0.51,0.78
194096,0.07,-0.51,0.79
194105,0.08,-0.53,0.80
194115,0.09,-0.53,0.80
194125,0.10,-0.54,0.80
194134,0.10,-0.54,0.81
194144,0.10,-0.53,0.81
194153,0.09,-0.52,0.82
194163,0.08,-0.51,0.83
194173,0.08,-0.51,0.85
194182,0.07,-0.51,0.87
194192,0.06,-0.52,0.88
194201,0.05,-0.52,0.88
194211,0.05,-0.52,0.89
194221,0.05,-0.52,0.89
194230,0.06,-0.51,0.89
194240,0.06,-0.51,0.87
194250,0.07,-0.51,0.85
194259,0.08,-0.51,0.82
194269,0.10,-0.51,0.79
194278,0.12,-0.51,0.77
194288,0.13,-0.51,0.75
194298,0.15,-0.50,0.75
194307,0.18,-0.52,0.75
194317,0.17,-0.52,0.74
194326,0.18,-0.53,0.74
194336,0.18,-0.55,0.73
194346,0.17,-0.55,0.73
194355,0.17,-0.55,0.73
194365,0.15,-0.56,0.73
194375,0.12,-0.55,0.74
194384,0.11,-0.53,0.75
194394,0.09,-0.51,0.76
194403,0.09,-0.49,0.77
194413,0.08,-0.47,0.79
194423,0.08,-0.48,0.79
194432,0.08,-0.49,0.80
194442,0.02,-0.53,0.81
194451,-0.01,-0.55,0.81
194461,-0.03,-0.57,0.81
194471,-0.04,-0.57,0.81
194480,-0.04,-0.55,0.81
194490,-0.02,-0.52,0.81
194500,-0.01,-0.50,0.80
194509,0.01,-0.48,0.80
194519,0.02,-0.48,0.79
194528,0.03,-0.50,0.79
194538,0.03,-0.52,0.79
194548,0.01,-0.54,0.78
194557,0.01,-0.54,0.78
194567,0.00,-0.55,0.78
194576,-0.01,-0.55,0.79
194586,-0.03,-0.54,0.81
194596,-0.02,-0.52,0.81
194605,-0.04,-0.52,0.82
194615,-0.07,-0.54,0.83
194625,-0.08,-0.54,0.84
194634,-0.09,-0.53,0.87
194644,-0.12,-0.53,0.89
194653,-0.14,-0.53,0.89
194663,-0.17,-0.53,0.89
194673,-0.17,-0.53,0.89
194682,-0.18,-0.53,0.87
194692,-0.18,-0.53,0.83
194701,-0.16,-0.55,0.80
194711,-0.13,-0.58,0.75
194721,-0.08,-0.59,0.69
194730,-0.03,-0.60,0.64
194740,0.00,-0.60,0.60
194750,0.03,-0.60,0.58
194759,0.05,-0.60,0.58
194769,0.06,-0.59,0.60
194778,0.04,-0.57,0.64
194788,0.03,-0.56,0.69
194798,0.00,-0.57,0.74
194807,-0.03,-0.57,0.79
194817,-0.07,-0.57,0.84
194826,-0.12,-0.58,0.88
194836,-0.15,-0.58,0.91
194846,-0.17,-0.58,0.94
194855,-0.17,-0.56,0.94
194865,-0.16,-0.56,0.93
194875,-0.14,-0.57,0.89
194884,-0.11,-0.58,0.85
194894,-0.08,-0.60,0.82
194903,-0.06,-0.62,0.80
194913,-0.06,-0.64,0.78
194923,-0.07,-0.66,0.77
194932,-0.08,-0.68,0.76
194942,-0.08,-0.69,0.76
194951,-0.09,-0.69,0.77
194961,-0.11,-0.69,0.77
194971,-0.13,-0.66,0.78
194980,-0.14,-0.63,0.78
194990,-0.15,-0.58,0.79
195000,-0.16,-0.53,0.78
195009,-0.15,-0.50,0.77
195019,-0.14,-0.48,0.75
195028,-0.13,-0.48,0.74
195038,-0.12,-0.50,0.74
195048,-0.11,-0.53,0.75
195057,-0.11,-0.56,0.76
195067,-0.10,-0.59,0.76
195076,-0.09,-0.63,0.76
195086,-0.07,-0.65,0.76
195096,-0.06,-0.68,0.75
195105,-0.05,-0.71,0.74
195115,-0.04,-0.73,0.73
195125,-0.03,-0.75,0.73
195134,-0.03,-0.77,0.74
195144,-0.04,-0.77,0.76
195153,-0.06,-0.76,0.79
195163,-0.07,-0.75,0.82
195173,-0.09,-0.73,0.83
195182,-0.10,-0.71,0.84
195192,-0.10,-0.69,0.85
195201,-0.10,-0.67,0.86
195211,-0.11,-0.67,0.87
195221,-0.12,-0.67,0.88
195230,-0.13,-0.69,0.88
195240,-0.15,-0.71,0.88
195250,-0.16,-0.71,0.87
195259,-0.16,-0.72,0.85
195269,-0.16,-0.71,0.83
195278,-0.15,-0.69,0.82
195288,-0.13,-0.69,0.80
195298,-0.12,-0.68,0.80
195307,-0.11,-0.68,0.80
195317,-0.10,-0.68,0.80
195326,-0.10,-0.70,0.81
195336,-0.07,-0.72,0.82
195346,-0.07,-0.74,0.83
195355,-0.07,-0.77,0.83
195365,-0.09,-0.79,0.85
195375,-0.10,-0.79,0.87
195384,-0.10,-0.77,0.88
195394,-0.09,-0.75,0.89
195403,-0.07,-0.73,0.90
195413,-0.06,-0.72,0.91
195423,-0.06,-0.71,0.92
195432,-0.07,-0.70,0.94
195442,-0.08,-0.69,0.94
195451,-0.08,-0.69,0.93
195461,-0.07,-0.67,0.91
195471,-0.07,-0.65,0.88
195480,-0.05,-0.61,0.85
195490,-0.02,-0.57,0.82
195500,0.01,-0.54,0.80
195509,0.03,-0.52,0.79
195519,0.04,-0.51,0.79
195528,0.04,-0.52,0.81
195538,0.03,-0.53,0.82
195548,0.03,-0.54,0.84
195557,0.02,-0.56,0.86
195567,0.01,-0.59,0.88
195576,0.00,-0.61,0.88
195586,-0.01,-0.62,0.89
195596,-0.02,-0.64,0.90
195605,-0.03,-0.64,0.89
195615,-0.02,-0.64,0.89
195625,-0.01,-0.62,0.88
195634,-0.00,-0.60,0.87
195644,-0.00,-0.57,0.86
195653,-0.00,-0.52,0.86
195663,0.00,-0.48,0.86
195673,0.02,-0.46,0.86
195682,0.02,-0.44,0.86
195692,0.02,-0.43,0.86
195701,0.02,-0.43,0.88
195711,0.01,-0.44,0.89
195721,0.01,-0.46,0.89
195730,0.02,-0.48,0.88
195740,0.03,-0.49,0.88
195750,0.04,-0.50,0.87
195759,0.05,-0.50,0.86
195769,0.05,-0.50,0.86
195778,0.06,-0.49,0.86
195788,0.06,-0.48,0.86
195798,0.05,-0.46,0.86
195807,0.04,-0.44,0.86
195817,0.04,-0.42,0.86
195826,0.05,-0.40,0.86
195836,0.06,-0.38,0.87
195846,0.08,-0.36,0.87
195855,0.09,-0.34,0.88
195865,0.09,-0.34,0.89
195875,0.08,-0.35,0.91
195884,0.06,-0.37,0.93
195894,0.04,-0.39,0.95
195903,0.01,-0.39,0.97
195913,-0.00,-0.40,0.99
195923,-0.00,-0.40,1.00
195932,0.00,-0.40,1.00
195942,0.01,-0.41,0.98
195951,0.03,-0.42,0.95
195961,0.04,-0.43,0.92
195971,0.07,-0.44,0.88
195980,0.08,-0.44,0.85
195990,0.09,-0.43,0.83
196000,0.10,-0.42,0.82
196009,0.11,-0.40,0.81
196019,0.11,-0.38,0.82
196028,0.11,-0.38,0.84
196038,0.11,-0.37,0.86
196048,0.11,-0.37,0.88
196057,0.08,-0.37,0.90
196067,0.07,-0.35,0.92
196076,0.07,-0.33,0.93
196086,0.07,-0.32,0.93
196096,0.07,-0.32,0.94
196105,0.07,-0.32,0.94
196115,0.07,-0.33,0.94
196125,0.08,-0.33,0.95
196134,0.08,-0.33,0.96
196144,0.08,-0.35,0.95
196153,0.09,-0.37,0.94
196163,0.09,-0.39,0.93
196173,0.08,-0.40,0.92
196182,0.08,-0.40,0.92
196192,0.07,-0.39,0.93
196201,0.07,-0.37,0.94
196211,0.07,-0.35,0.94
196221,0.07,-0.33,0.94
196230,0.08,-0.33,0.93
196240,0.09,-0.32,0.91
196250,0.10,-0.32,0.91
196259,0.10,-0.31,0.92
196269,0.09,-0.31,0.95
196278,0.09,-0.31,0.97
196288,0.08,-0.32,0.98
196298,0.08,-0.33,0.99
196307,0.08,-0.35,1.00
196317,0.06,-0.35,1.01
196326,0.05,-0.35,1.03
196336,0.04,-0.34,1.02
196346,0.04,-0.34,1.02
196355,0.04,-0.34,1.00
196365,0.05,-0.33,0.98
196375,0.07,-0.32,0.97
196384,0.09,-0.30,0.96
196394,0.09,-0.29,0.96
196403,0.09,-0.29,0.95
196413,0.09,-0.28,0.96
196423,0.08,-0.27,0.96
196432,0.08,-0.27,0.95
196442,0.09,-0.27,0.95
196451,0.10,-0.27,0.95
196461,0.10,-0.27,0.96
196471,0.10,-0.28,0.96
196480,0.09,-0.28,0.95
196490,0.10,-0.28,0.97
196500,0.11,-0.27,0.98
196509,0.11,-0.28,0.98
196519,0.10,-0.29,0.96
196528,0.09,-0.28,0.98
196538,0.09,-0.26,0.99
196548,0.09,-0.25,1.01
196557,0.07,-0.25,1.00
196567,0.07,-0.26,1.02
196576,0.06,-0.28,0.99
196586,0.07,-0.28,0.97
196596,0.08,-0.28,0.97
196605,0.10,-0.29,0.96
196615,0.08,-0.32,0.95
196625,0.13,-0.30,0.94
196634,0.10,-0.30,0.96
196644,0.06,-0.29,0.97
196653,0.05,-0.27,0.96
196663,0.03,-0.26,0.95
196673,0.03,-0.25,0.93
196682,0.06,-0.22,0.90
196692,0.07,-0.20,0.87
196701,0.09,-0.19,0.85
196711,0.12,-0.18,0.83
196721,0.14,-0.18,0.83
196730,0.14,-0.19,0.85
196740,0.13,-0.21,0.88
196750,0.10,-0.24,0.92
196759,0.08,-0.27,0.96
196769,0.06,-0.30,0.97
196778,0.03,-0.33,0.99
196788,0.02,-0.34,0.98
196798,0.02,-0.33,0.97
196807,0.00,-0.29,0.97
196817,0.01,-0.26,0.98
196826,0.03,-0.23,0.98
196836,0.05,-0.22,0.97
196846,0.06,-0.23,0.96
196855,0.06,-0.24,0.96
196865,0.07,-0.26,0.96
196875,0.07,-0.29,0.94
196884,0.08,-0.32,0.95
196894,0.09,-0.34,0.95
196903,0.08,-0.35,0.96
196913,0.07,-0.35,0.97
196923,0.06,-0.34,0.99
196932,0.06,-0.33,0.99
196942,0.06,-0.32,0.98
196951,0.06,-0.32,0.96
196961,0.07,-0.33,0.94
196971,0.08,-0.34,0.92
196980,0.08,-0.34,0.90
196990,0.08,-0.31,0.91
197000,0.07,-0.29,0.92
197009,0.06,-0.26,0.93
197019,0.06,-0.25,0.93
197028,0.05,-0.26,0.92
197038,0.06,-0.26,0.91
197048,0.07,-0.26,0.91
197057,0.08,-0.27,0.91
197067,0.07,-0.29,0.93
197076,0.06,-0.30,0.95
197086,0.06,-0.31,0.96
197096,0.06,-0.33,0.97
197105,0.06,-0.34,0.97
197115,0.06,-0.33,0.96
197125,0.07,-0.31,0.96
197134,0.08,-0.29,0.95
197144,0.08,-0.28,0.95
197153,0.09,-0.28,0.96
197163,0.08,-0.29,0.97
197173,0.09,-0.30,0.99
197182,0.08,-0.30,1.00
197192,0.08,-0.30,0.99
197201,0.09,-0.29,0.97
197211,0.09,-0.28,0.96
197221,0.09,-0.26,0.95
197230,0.10,-0.24,0.94
197240,0.10,-0.23,0.94
197250,0.10,-0.22,0.94
197259,0.10,-0.22,0.94
197269,0.09,-0.24,0.94
197278,0.09,-0.24,0.94
197288,0.09,-0.25,0.95
197298,0.09,-0.25,0.96
197307,0.08,-0.25,0.97
197317,0.07,-0.25,0.98
197326,0.08,-0.25,0.98
197336,0.09,-0.25,0.98
197346,0.10,-0.25,0.98
197355,0.10,-0.25,0.98
197365,0.10,-0.25,0.98
197375,0.10,-0.25,0.99
197384,0.10,-0.25,0.98
197394,0.09,-0.25,0.96
197403,0.10,-0.25,0.95
197413,0.09,-0.23,0.94
197423,0.09,-0.22,0.94
197432,0.09,-0.22,0.93
197442,0.08,-0.21,0.93
197451,0.07,-0.21,0.94
197461,0.06,-0.21,0.94
197471,0.05,-0.20,0.94
197480,0.05,-0.20,0.95
197490,0.05,-0.20,0.94
197500,0.05,-0.20,0.94
197509,0.05,-0.20,0.94
197519,0.05,-0.20,0.95
197528,0.05,-0.21,0.95
197538,0.05,-0.21,0.96
197548,0.03,-0.21,0.97
197557,0.01,-0.22,0.98
197567,0.03,-0.20,0.97
197576,0.04,-0.20,0.98
197586,0.03,-0.21,0.98
197596,0.04,-0.21,0.97
197605,0.04,-0.23,0.97
197615,0.05,-0.23,0.96
197625,0.05,-0.25,0.97
197634,0.06,-0.25,0.96
197644,0.06,-0.25,0.97
197653,0.04,-0.26,0.98
197663,0.03,-0.25,0.98
197673,0.03,-0.24,0.98
197682,0.02,-0.22,1.00
197692,0.03,-0.20,1.00
197701,0.03,-0.20,0.99
197711,0.03,-0.20,0.97
197721,0.05,-0.20,0.96
197730,0.05,-0.20,0.96
197740,0.04,-0.20,0.97
197750,0.04,-0.20,0.99
197759,0.03,-0.21,1.00
197769,0.02,-0.22,1.00
197778,0.02,-0.21,1.01
197788,0.03,-0.20,1.00
197798,0.04,-0.19,0.99
197807,0.05,-0.18,0.98
197817,0.05,-0.17,0.97
197826,0.06,-0.16,0.97
197836,0.07,-0.16,0.97
197846,0.07,-0.17,0.97
197855,0.07,-0.19,0.98
197865,0.06,-0.21,0.99
197875,0.05,-0.21,0.99
197884,0.04,-0.20,0.99
197894,0.03,-0.17,1.00
197903,0.05,-0.15,0.99
197913,0.05,-0.15,0.98
197923,0.05,-0.15,0.97
197932,0.05,-0.16,0.97
197942,0.05,-0.17,0.97
197951,0.06,-0.19,0.96
197961,0.05,-0.19,0.96
197971,0.05,-0.18,0.96
197980,0.05,-0.17,0.96
197990,0.05,-0.16,0.97
198000,0.05,-0.15,0.97
198009,0.05,-0.15,0.98
198019,0.05,-0.15,0.98
198028,0.04,-0.15,0.98
198038,0.05,-0.16,0.99
198048,0.05,-0.17,0.99
198057,0.05,-0.18,0.99
198067,0.04,-0.18,1.00
198076,0.03,-0.17,1.00
198086,0.03,-0.15,1.00
198096,0.03,-0.13,1.00
198105,0.03,-0.13,1.00
198115,0.03,-0.13,0.99
198125,0.04,-0.13,0.98
198134,0.04,-0.14,0.98
198144,0.04,-0.15,0.97
198153,0.04,-0.15,0.98
198163,0.04,-0.16,0.97
198173,0.04,-0.16,0.97
198182,0.03,-0.15,0.98
198192,0.03,-0.13,0.98
198201,0.04,-0.13,0.98
198211,0.04,-0.13,0.98
198221,0.05,-0.14,0.98
198230,0.05,-0.14,0.99
198240,0.03,-0.13,1.00
198250,0.02,-0.12,1.01
198259,0.03,-0.12,1.02
198269,0.03,-0.13,1.02
198278,0.02,-0.13,1.01
198288,0.03,-0.13,1.00
198298,0.03,-0.14,1.00
198307,0.03,-0.15,1.00
198317,0.04,-0.14,1.00
198326,0.05,-0.15,0.99
198336,0.06,-0.16,0.98
198346,0.06,-0.16,0.98
198355,0.06,-0.16,0.97
198365,0.06,-0.16,0.97
198375,0.06,-0.16,0.97
198384,0.06,-0.16,0.96
198394,0.06,-0.16,0.96
198403,0.06,-0.15,0.96
198413,0.05,-0.14,0.96
198423,0.03,-0.13,0.97
198432,0.03,-0.12,0.97
198442,0.03,-0.13,0.97
198451,0.02,-0.14,0.97
198461,-0.00,-0.15,0.98
198471,-0.02,-0.15,1.00
198480,-0.03,-0.15,1.01
198490,-0.03,-0.14,1.02
198500,-0.02,-0.12,1.03
198509,-0.01,-0.12,1.02
198519,0.01,-0.12,1.00
198528,0.03,-0.13,0.98
198538,0.02,-0.14,1.00
198548,0.02,-0.16,0.99
198557,0.03,-0.17,1.00
198567,0.03,-0.18,1.00
198576,0.03,-0.19,1.00
198586,0.04,-0.19,1.00
198596,0.05,-0.18,0.99
198605,0.05,-0.18,0.98
198615,0.05,-0.17,0.97
198625,0.04,-0.16,0.96
198634,0.04,-0.17,0.97
198644,0.03,-0.17,0.98
198653,0.01,-0.16,0.99
198663,0.00,-0.15,0.99
198673,0.01,-0.13,0.99
198682,0.01,-0.13,0.98
198692,0.02,-0.13,0.97
198701,0.03,-0.13,0.96
198711,0.02,-0.14,0.97
198721,0.01,-0.14,0.98
198730,0.01,-0.14,1.00
198740,0.02,-0.14,1.01
198750,0.02,-0.15,1.01
198759,0.02,-0.15,1.01
198769,0.03,-0.15,0.99
198778,0.03,-0.14,0.98
198788,0.03,-0.13,0.98
198798,0.03,-0.12,0.97
198807,0.04,-0.12,0.97
198817,0.05,-0.14,0.97
198826,0.04,-0.16,0.97
198836,0.03,-0.17,0.97
198846,0.02,-0.17,0.98
198855,0.01,-0.16,0.99
198865,0.01,-0.14,0.98
198875,0.01,-0.12,0.98
198884,0.01,-0.11,0.98
198894,0.01,-0.10,0.98
198903,0.01,-0.11,0.98
198913,0.02,-0.12,0.98
198923,0.02,-0.13,0.99
198932,0.03,-0.14,0.99
198942,0.02,-0.15,0.99
198951,0.02,-0.16,0.99
198961,0.02,-0.15,0.99
198971,0.01,-0.14,0.99
198980,0.01,-0.14,1.00
198990,0.02,-0.14,1.00
199000,0.02,-0.15,1.00
199009,0.03,-0.17,0.99
199019,0.03,-0.17,0.99
199028,0.02,-0.16,0.99
199038,0.02,-0.15,0.99
199048,0.02,-0.14,0.99
199057,0.01,-0.13,0.98
199067,0.01,-0.13,0.98
199076,0.01,-0.13,0.98
199086,0.02,-0.13,0.98
199096,0.03,-0.14,0.98
199105,0.03,-0.15,0.98
199115,0.03,-0.16,0.98
199125,0.03,-0.15,0.98
199134,0.02,-0.14,0.98
199144,0.02,-0.13,0.98
199153,0.02,-0.13,0.99
199163,0.01,-0.12,0.99
199173,0.01,-0.12,1.00
199182,0.01,-0.12,0.99
199192,0.02,-0.13,0.99
199201,0.02,-0.13,0.98
199211,0.02,-0.14,0.98
199221,0.02,-0.14,0.98
199230,0.02,-0.15,0.98
199240,0.02,-0.15,0.98
199250,0.02,-0.14,0.98
199259,0.02,-0.14,0.98
199269,0.01,-0.14,0.98
199278,0.02,-0.13,0.98
199288,0.02,-0.13,0.97
199298,0.03,-0.14,0.97
199307,0.03,-0.15,0.98
199317,0.03,-0.17,0.99
199326,0.03,-0.18,1.00
199336,0.02,-0.18,1.00
199346,0.01,-0.18,1.01
199355,0.01,-0.17,1.01
199365,0.02,-0.15,1.00
199375,0.02,-0.14,0.98
199384,0.03,-0.13,0.98
199394,0.03,-0.13,0.98
199403,0.02,-0.13,0.98
199413,0.02,-0.14,0.98
199423,0.02,-0.14,0.99
199432,0.02,-0.15,0.99
199442,0.02,-0.16,0.99
199451,0.02,-0.16,0.99
199461,0.02,-0.16,0.99
199471,0.02,-0.15,0.99
199480,0.02,-0.14,0.99
199490,0.02,-0.14,0.99
199500,0.02,-0.14,0.98
199509,0.02,-0.14,0.98
199519,0.02,-0.14,0.99
199528,0.02,-0.15,0.99
199538,0.02,-0.16,0.98
199548,0.02,-0.16,0.98
199557,0.03,-0.16,0.97
199567,0.02,-0.15,0.97
199576,0.02,-0.15,0.98
199586,0.01,-0.14,0.99
199596,0.01,-0.14,0.99
199605,0.01,-0.14,0.99
199615,0.01,-0.15,0.99
199625,0.02,-0.16,0.98
199634,0.02,-0.15,0.98
199644,0.01,-0.15,0.98
199653,0.01,-0.15,0.99
199663,0.01,-0.15,0.99
199673,-0.00,-0.15,1.00
199682,-0.01,-0.14,1.00
199692,-0.00,-0.14,0.99
199701,0.01,-0.15,0.99
199711,0.01,-0.15,0.98
199721,0.01,-0.15,0.98
199730,0.01,-0.15,0.98
199740,0.00,-0.16,0.99
199750,-0.00,-0.16,0.99
199759,-0.00,-0.15,0.99
199769,0.00,-0.15,0.99
199778,0.00,-0.15,0.99
199788,0.01,-0.15,0.98
199798,0.01,-0.14,0.98
199807,0.00,-0.14,0.98
199817,0.00,-0.14,0.98
199826,0.00,-0.14,0.98
199836,0.01,-0.15,0.98
199846,0.01,-0.15,0.98
199855,0.02,-0.15,0.99
199865,0.01,-0.16,1.00
199875,0.01,-0.15,1.00
199884,0.00,-0.15,1.00
199894,0.00,-0.14,0.99
199903,0.00,-0.14,0.99
199913,0.01,-0.14,0.98
199923,0.01,-0.14,0.98
199932,0.01,-0.15,0.98
199942,0.01,-0.15,0.98
199951,0.01,-0.15,0.98
199961,0.01,-0.15,0.98
199971,0.01,-0.15,0.98
199980,0.02,-0.15,0.99
199990,0.02,-0.16,0.99
200000,0.02,-0.17,0.99
200009,0.02,-0.17,0.99
200019,0.03,-0.16,0.98
200028,0.03,-0.16,0.98
200038,0.02,-0.16,0.97
200048,0.02,-0.15,0.98
200057,0.02,-0.15,0.98
200067,0.01,-0.15,0.99
200076,0.00,-0.15,0.99
200086,-0.00,-0.15,0.99
200096,0.00,-0.14,0.99
200105,0.01,-0.14,0.98
200115,0.02,-0.14,0.98
200125,0.02,-0.15,0.98
200134,0.02,-0.16,0.98
200144,0.02,-0.16,0.99
200153,0.02,-0.17,1.00
200163,0.01,-0.18,1.00
200173,0.01,-0.17,1.00
200182,0.01,-0.16,0.99
200192,0.01,-0.15,0.99
200201,0.01,-0.13,0.98
200211,0.01,-0.13,0.98
200221,0.01,-0.13,0.97
200230,0.01,-0.13,0.97
200240,0.01,-0.14,0.98
200250,0.01,-0.15,0.98
200259,0.01,-0.16,0.99
200269,0.01,-0.16,0.99
200278,0.02,-0.16,0.98
200288,0.02,-0.15,0.98
200298,0.02,-0.14,0.98
200307,0.02,-0.14,0.98
200317,0.01,-0.13,0.98
200326,0.02,-0.13,0.98
200336,0.02,-0.14,0.98
200346,0.02,-0.14,0.98
200355,0.01,-0.14,0.99
200365,0.01,-0.14,0.99
200375,0.01,-0.15,0.99
200384,0.01,-0.16,1.00
200394,0.00,-0.17,1.00
200403,0.00,-0.17,1.00
200413,0.00,-0.16,1.00
200423,0.01,-0.15,0.99
200432,0.01,-0.14,0.98
200442,0.01,-0.13,0.97
200451,0.01,-0.13,0.97
200461,0.01,-0.13,0.97
200471,0.01,-0.14,0.97
200480,0.01,-0.15,0.98
200490,0.01,-0.16,0.98
200500,0.01,-0.16,0.98
200509,0.01,-0.16,0.98
200519,0.01,-0.15,0.99
200528,0.01,-0.13,0.99
200538,0.01,-0.12,0.99
200548,0.01,-0.13,0.99
200557,0.01,-0.14,0.99
200567,0.02,-0.16,1.00
200576,0.01,-0.17,1.00
200586,0.01,-0.16,1.00
200596,0.01,-0.15,1.00
200605,0.01,-0.14,0.99
200615,0.01,-0.14,0.98
200625,0.01,-0.13,0.98
200634,0.01,-0.14,0.98
200644,0.01,-0.14,0.98
200653,0.01,-0.15,0.98
200663,0.01,-0.15,0.98
200673,0.02,-0.15,0.98
200682,0.02,-0.15,0.98
200692,0.02,-0.16,0.98
200701,0.02,-0.16,0.98
200711,0.01,-0.15,0.99
200721,0.01,-0.15,0.99
200730,0.01,-0.15,0.99
200740,0.01,-0.16,0.99
200750,0.01,-0.16,0.99
200759,0.01,-0.16,0.99
200769,0.01,-0.16,0.99
200778,0.01,-0.15,0.99
200788,0.00,-0.14,0.99
200798,0.00,-0.14,0.99
200807,0.01,-0.14,0.98
200817,0.01,-0.14,0.98
200826,0.01,-0.15,0.99
200836,0.02,-0.15,0.98
200846,0.02,-0.16,0.98
200855,0.02,-0.16,0.98
200865,0.01,-0.16,0.99
200875,0.01,-0.16,0.99
200884,0.01,-0.15,0.99
200894,0.01,-0.15,0.99
200903,0.01,-0.14,0.99
200913,0.01,-0.14,0.98
200923,0.01,-0.14,0.98
200932,0.01,-0.14,0.98
200942,0.01,-0.14,0.98
200951,0.01,-0.14,0.98
200961,0.02,-0.15,0.98
200971,0.01,-0.16,0.98
200980,0.02,-0.16,0.98
200990,0.01,-0.16,0.98
201000,0.01,-0.15,0.98
201009,0.01,-0.14,0.99
201019,0.01,-0.13,0.99
201028,0.01,-0.13,0.99
201038,0.01,-0.13,0.98
201048,0.01,-0.14,0.99
201057,0.01,-0.14,0.99
201067,0.01,-0.15,1.00
201076,0.01,-0.15,1.00
201086,0.01,-0.15,1.00
201096,0.01,-0.15,1.00
201105,0.01,-0.14,1.00
201115,0.01,-0.15,1.00
201125,0.02,-0.15,0.99
201134,0.02,-0.15,0.99
201144,0.01,-0.14,0.99
201153,0.01,-0.14,0.98
201163,0.01,-0.14,0.98
201173,0.01,-0.14,0.99
201182,0.01,-0.14,0.99
201192,0.01,-0.14,0.99
201201,0.01,-0.14,1.00
201211,0.01,-0.14,1.00
201221,0.01,-0.15,1.00
201230,0.01,-0.15,1.00
201240,0.00,-0.15,1.00
201250,0.00,-0.14,1.01
201259,0.01,-0.13,1.00
201269,0.01,-0.13,1.00
201278,0.01,-0.13,0.99
201288,0.01,-0.12,0.99
201298,0.01,-0.12,0.99
201307,0.01,-0.12,0.99
201317,0.01,-0.13,0.98
201326,0.02,-0.13,0.98
201336,0.02,-0.14,0.97
201346,0.02,-0.14,0.97
201355,0.03,-0.13,0.97
201365,0.02,-0.13,0.97
201375,0.02,-0.13,0.97
201384,0.02,-0.14,0.97
201394,0.02,-0.14,0.97
201403,0.02,-0.15,0.98
201413,0.02,-0.15,0.98
201423,0.02,-0.15,0.98
201432,0.02,-0.15,0.99
201442,0.03,-0.16,0.99
201451,0.03,-0.16,0.99
201461,0.03,-0.16,0.99
201471,0.02,-0.15,0.99
201480,0.02,-0.15,0.99
201490,0.02,-0.14,0.99
201500,0.02,-0.14,0.99
201509,0.02,-0.15,0.99
201519,0.02,-0.15,0.98
201528,0.02,-0.16,0.99
201538,0.02,-0.16,0.99
201548,0.02,-0.15,0.99
201557,0.02,-0.15,0.99
201567,0.02,-0.15,0.99
201576,0.02,-0.15,1.00
201586,0.02,-0.15,1.00
201596,0.02,-0.15,1.00
201605,0.02,-0.15,1.00
201615,0.02,-0.15,0.99
201625,0.03,-0.15,0.99
201634,0.03,-0.15,0.99
201644,0.03,-0.15,0.98
201653,0.03,-0.15,0.98
201663,0.03,-0.15,0.98
201673,0.02,-0.15,0.98
201682,0.02,-0.15,0.98
201692,0.02,-0.15,0.98
201701,0.02,-0.16,0.98
201711,0.02,-0.17,0.98
201721,0.02,-0.17,0.98
201730,0.02,-0.17,0.98
201740,0.03,-0.18,0.98
201750,0.03,-0.18,0.98
201759,0.03,-0.18,0.98
201769,0.03,-0.18,0.99
201778,0.03,-0.18,0.99
201788,0.03,-0.18,0.98
201798,0.04,-0.17,0.98
201807,0.04,-0.17,0.98
201817,0.04,-0.17,0.97
201826,0.03,-0.17,0.98
201836,0.03,-0.17,0.98
201846,0.03,-0.17,0.99
201855,0.03,-0.17,0.99
201865,0.03,-0.17,0.99
201875,0.03,-0.17,0.98
201884,0.03,-0.16,0.98
201894,0.03,-0.16,0.97
201903,0.03,-0.16,0.97
201913,0.03,-0.15,0.97
201923,0.04,-0.14,0.97
201932,0.04,-0.14,0.97
201942,0.04,-0.15,0.97
201951,0.05,-0.15,0.97
201961,0.06,-0.15,0.97
201971,0.06,-0.16,0.97
201980,0.05,-0.16,0.98
201990,0.05,-0.16,0.99
202000,0.05,-0.16,1.00
202009,0.04,-0.17,1.00
202019,0.05,-0.16,0.99
202028,0.05,-0.16,0.99
202038,0.05,-0.16,0.99
202048,0.05,-0.16,0.98
202057,0.05,-0.16,0.98
202067,0.06,-0.17,0.98
202076,0.06,-0.17,0.98
202086,0.05,-0.17,0.98
202096,0.05,-0.18,0.98
202105,0.05,-0.18,0.98
202115,0.05,-0.18,0.98
202125,0.05,-0.17,0.98
202134,0.05,-0.17,0.98
202144,0.05,-0.17,0.98
202153,0.04,-0.17,0.98
202163,0.04,-0.17,0.98
202173,0.04,-0.18,0.98
202182,0.04,-0.18,0.98
202192,0.04,-0.18,0.98
202201,0.04,-0.18,0.98
202211,0.04,-0.18,0.98
202221,0.04,-0.17,0.98
202230,0.05,-0.17,0.98
202240,0.05,-0.17,0.98
202250,0.05,-0.18,0.98
202259,0.05,-0.19,0.98
202269,0.05,-0.20,0.98
202278,0.05,-0.20,0.98
202288,0.05,-0.19,0.98
202298,0.05,-0.17,0.98
202307,0.05,-0.16,0.98
202317,0.05,-0.16,0.98
202326,0.05,-0.16,0.98
202336,0.05,-0.17,0.98
202346,0.05,-0.17,0.98
202355,0.05,-0.18,0.99
202365,0.05,-0.19,0.99
202375,0.05,-0.20,0.99
202384,0.04,-0.20,0.99
202394,0.04,-0.20,0.99
202403,0.05,-0.19,0.98
202413,0.05,-0.18,0.97
202423,0.05,-0.17,0.96
202432,0.06,-0.16,0.95
202442,0.07,-0.16,0.94
202451,0.07,-0.15,0.93
202461,0.07,-0.15,0.94
202471,0.07,-0.15,0.94
202480,0.06,-0.16,0.95
202490,0.05,-0.17,0.96
202500,0.05,-0.18,0.97
202509,0.05,-0.19,0.97
202519,0.04,-0.19,0.97
202528,0.05,-0.18,0.97
202538,0.05,-0.17,0.96
202548,0.05,-0.16,0.97
202557,0.05,-0.15,0.97
202567,0.05,-0.15,0.97
202576,0.04,-0.15,0.98
202586,0.04,-0.16,0.98
202596,0.04,-0.17,0.98
202605,0.04,-0.17,0.98
202615,0.05,-0.18,0.98
202625,0.06,-0.18,0.99
202634,0.06,-0.19,0.98
202644,0.06,-0.20,0.99
202653,0.07,-0.20,0.99
202663,0.07,-0.20,1.00
202673,0.06,-0.20,0.99
202682,0.06,-0.20,0.99
202692,0.06,-0.20,0.99
202701,0.05,-0.19,0.99
202711,0.04,-0.18,0.99
202721,0.04,-0.18,0.99
202730,0.04,-0.18,0.99
202740,0.04,-0.18,0.98
202750,0.04,-0.18,0.98
202759,0.04,-0.18,0.98
202769,0.04,-0.18,0.98
202778,0.04,-0.18,0.98
202788,0.04,-0.18,0.98
202798,0.04,-0.18,0.98
202807,0.04,-0.18,0.98
202817,0.04,-0.19,0.97
202826,0.05,-0.19,0.98
202836,0.04,-0.18,0.97
202846,0.04,-0.18,0.97
202855,0.04,-0.18,0.98
202865,0.03,-0.17,0.99
202875,0.02,-0.17,1.00
202884,0.03,-0.17,1.00
202894,0.03,-0.18,0.99
202903,0.03,-0.19,0.98
202913,0.04,-0.18,0.97
202923,0.04,-0.17,0.97
202932,0.04,-0.16,0.97
202942,0.04,-0.16,0.97
202951,0.04,-0.15,0.97
202961,0.04,-0.15,0.98
202971,0.04,-0.17,0.98
202980,0.04,-0.19,0.98
202990,0.05,-0.20,0.98
203000,0.04,-0.21,0.99
203009,0.04,-0.20,1.00
203019,0.04,-0.19,1.00
203028,0.04,-0.19,0.99
203038,0.04,-0.18,0.99
203048,0.04,-0.18,0.99
203057,0.04,-0.18,0.98
203067,0.04,-0.18,0.98
203076,0.04,-0.18,0.98
203086,0.04,-0.17,0.98
203096,0.03,-0.16,0.98
203105,0.03,-0.16,0.97
203115,0.03,-0.15,0.97
203125,0.04,-0.15,0.97
203134,0.04,-0.16,0.97
203144,0.05,-0.17,0.97
203153,0.04,-0.18,0.97
203163,0.04,-0.18,0.98
203173,0.04,-0.19,0.98
203182,0.04,-0.19,0.99
203192,0.03,-0.18,0.99
203201,0.03,-0.17,1.00
203211,0.04,-0.17,0.99
203221,0.04,-0.17,0.99
203230,0.04,-0.18,0.99
203240,0.04,-0.18,0.99
203250,0.03,-0.18,0.99
203259,0.03,-0.17,0.99
203269,0.04,-0.16,0.98
203278,0.04,-0.15,0.98
203288,0.04,-0.15,0.98
203298,0.04,-0.16,0.97
203307,0.05,-0.17,0.97
203317,0.05,-0.18,0.97
203326,0.05,-0.18,0.98
203336,0.05,-0.19,0.98
203346,0.05,-0.20,0.98
203355,0.05,-0.20,0.98
203365,0.04,-0.20,0.98
203375,0.03,-0.19,0.98
203384,0.03,-0.19,0.98
203394,0.02,-0.18,0.98
203403,0.02,-0.16,0.98
203413,0.03,-0.15,0.98
203423,0.03,-0.14,0.97
203432,0.04,-0.15,0.96
203442,0.04,-0.15,0.96
203451,0.04,-0.16,0.96
203461,0.04,-0.17,0.97
203471,0.04,-0.17,0.98
203480,0.03,-0.17,1.00
203490,0.03,-0.16,1.00
203500,0.03,-0.15,1.00
203509,0.03,-0.15,1.00
203519,0.03,-0.15,0.99
203528,0.04,-0.16,0.99
203538,0.04,-0.17,0.99
203548,0.05,-0.18,0.98
203557,0.05,-0.19,0.98
203567,0.05,-0.19,0.98
203576,0.05,-0.19,0.98
203586,0.04,-0.18,0.98
203596,0.04,-0.17,0.98
203605,0.04,-0.17,0.97
203615,0.05,-0.16,0.96
203625,0.05,-0.15,0.96
203634,0.04,-0.15,0.97
203644,0.04,-0.15,0.97
203653,0.04,-0.16,0.97
203663,0.03,-0.17,0.98
203673,0.03,-0.17,0.98
203682,0.03,-0.18,0.99
203692,0.03,-0.18,0.99
203701,0.04,-0.18,0.98
203711,0.04,-0.18,0.99
203721,0.04,-0.17,0.99
203730,0.04,-0.16,0.99
203740,0.04,-0.16,0.98
203750,0.04,-0.16,0.98
203759,0.04,-0.16,0.98
203769,0.04,-0.16,0.98
203778,0.04,-0.16,0.98
203788,0.04,-0.17,0.98
203798,0.04,-0.17,0.98
203807,0.04,-0.17,0.98
203817,0.04,-0.17,0.98
203826,0.04,-0.17,0.98
203836,0.04,-0.16,0.98
203846,0.04,-0.16,0.97
203855,0.04,-0.17,0.97
203865,0.04,-0.17,0.97
203875,0.04,-0.17,0.97
203884,0.04,-0.17,0.98
203894,0.04,-0.17,0.98
203903,0.04,-0.17,0.98
203913,0.04,-0.18,0.98
203923,0.03,-0.18,0.98
203932,0.03,-0.17,0.98
203942,0.03,-0.17,0.98
203951,0.03,-0.17,0.98
203961,0.03,-0.17,0.97
203971,0.03,-0.17,0.97
203980,0.04,-0.17,0.97
203990,0.03,-0.16,0.97
204000,0.03,-0.16,0.97
204009,0.04,-0.16,0.98
204019,0.04,-0.17,0.98
204028,0.04,-0.18,0.98
204038,0.04,-0.18,0.98
204048,0.04,-0.18,0.98
204057,0.04,-0.18,0.98
204067,0.03,-0.17,0.98
204076,0.03,-0.16,0.98
204086,0.04,-0.15,0.98
204096,0.04,-0.16,0.98
204105,0.04,-0.17,0.98
204115,0.03,-0.18,0.99
204125,0.03,-0.17,1.00
204134,0.03,-0.17,1.00
204144,0.03,-0.17,1.00
204153,0.03,-0.15,0.99
204163,0.03,-0.15,0.99
204173,0.03,-0.14,0.98
204182,0.03,-0.15,0.98
204192,0.03,-0.16,0.98
204201,0.03,-0.16,0.99
204211,0.02,-0.17,0.99
204221,0.02,-0.16,0.99
204230,0.03,-0.16,0.99
204240,0.04,-0.16,0.98
204250,0.04,-0.16,0.97
204259,0.04,-0.15,0.97
204269,0.03,-0.15,0.97
204278,0.04,-0.14,0.97
204288,0.03,-0.15,0.98
204298,0.03,-0.16,0.99
204307,0.03,-0.16,0.99
204317,0.02,-0.17,1.00
204326,0.02,-0.16,1.00
204336,0.02,-0.16,1.00
204346,0.02,-0.15,1.00
204355,0.02,-0.15,0.99
204365,0.02,-0.15,0.99
204375,0.03,-0.15,0.98
204384,0.03,-0.15,0.98
204394,0.03,-0.14,0.98
204403,0.03,-0.14,0.98
204413,0.03,-0.15,0.98
204423,0.02,-0.15,0.98
204432,0.02,-0.14,0.99
204442,0.02,-0.14,0.99
204451,0.02,-0.14,0.99
204461,0.02,-0.13,0.98
204471,0.02,-0.13,0.98
204480,0.03,-0.12,0.98
204490,0.03,-0.12,0.98
204500,0.03,-0.12,0.98
204509,0.03,-0.13,0.99
204519,0.03,-0.13,0.99
204528,0.03,-0.13,0.99
204538,0.03,-0.13,0.99
204548,0.03,-0.14,0.99
204557,0.03,-0.14,0.99
204567,0.03,-0.14,0.99
204576,0.03,-0.13,0.99
204586,0.03,-0.13,0.99
204596,0.03,-0.12,0.99
204605,0.03,-0.12,0.99
204615,0.03,-0.12,0.99
204625,0.03,-0.13,0.98
204634,0.02,-0.13,0.99
204644,0.02,-0.14,0.98
204653,0.03,-0.14,0.98
204663,0.03,-0.14,0.98
204673,0.02,-0.13,0.98
204682,0.03,-0.13,0.98
204692,0.02,-0.12,0.98
204701,0.03,-0.12,0.98
204711,0.03,-0.12,0.98
204721,0.03,-0.12,0.98
204730,0.03,-0.13,0.98
204740,0.03,-0.13,0.99
204750,0.02,-0.14,0.99
204759,0.02,-0.13,1.00
204769,0.02,-0.13,1.00
204778,0.02,-0.13,1.00
204788,0.02,-0.13,0.99
204798,0.02,-0.13,0.99
204807,0.02,-0.12,1.00
204817,0.02,-0.12,1.00
204826,0.02,-0.12,1.00
204836,0.02,-0.12,0.99
204846,0.02,-0.12,0.99
204855,0.02,-0.12,0.99
204865,0.02,-0.13,0.99
204875,0.02,-0.13,0.99
204884,0.02,-0.13,0.99
204894,0.02,-0.13,0.99
204903,0.02,-0.13,0.98
204913,0.02,-0.12,0.98
204923,0.03,-0.12,0.98
204932,0.03,-0.12,0.98
204942,0.03,-0.12,0.98
204951,0.02,-0.12,0.98
204961,0.02,-0.11,0.99
204971,0.02,-0.11,0.99
204980,0.03,-0.11,0.99
204990,0.03,-0.12,0.99
205000,0.03,-0.12,0.99
205009,0.03,-0.13,0.99
205019,0.03,-0.13,1.00
205028,0.02,-0.14,1.00
205038,0.01,-0.15,1.01
205048,0.01,-0.14,1.01
205057,0.01,-0.14,1.01
205067,0.01,-0.13,1.00
205076,0.01,-0.13,0.99
205086,0.01,-0.13,0.98
205096,0.02,-0.12,0.97
205105,0.02,-0.12,0.97
205115,0.02,-0.12,0.97
205125,0.02,-0.12,0.98
205134,0.02,-0.13,0.99
205144,0.01,-0.13,0.99
205153,0.01,-0.13,1.00
205163,0.01,-0.13,1.00
205173,0.01,-0.13,1.00
205182,0.01,-0.13,1.00
205192,0.02,-0.12,0.99
205201,0.02,-0.12,0.99
205211,0.02,-0.12,0.99
205221,0.02,-0.12,0.99
205230,0.02,-0.12,1.00
205240,0.02,-0.13,1.00
205250,0.01,-0.12,0.99
205259,0.01,-0.12,0.99
205269,0.01,-0.11,0.99
205278,0.02,-0.10,0.99
205288,0.02,-0.10,0.99
205298,0.02,-0.10,0.99
205307,0.03,-0.11,1.00
205317,0.03,-0.11,1.01
205326,0.03,-0.11,1.02
205336,0.03,-0.12,1.02
205346,0.03,-0.14,1.02
205355,0.03,-0.16,1.01
205365,0.02,-0.17,1.01
205375,0.02,-0.18,1.01
205384,0.02,-0.17,1.02
205394,0.01,-0.17,1.03
205403,0.00,-0.17,1.03
205413,0.00,-0.17,1.01
205423,0.01,-0.18,0.99
205432,0.02,-0.18,0.97
205442,0.03,-0.18,0.95
205451,0.03,-0.17,0.94
205461,0.04,-0.16,0.94
205471,0.04,-0.16,0.94
205480,0.04,-0.15,0.94
205490,0.04,-0.14,0.95
205500,0.03,-0.13,0.96
205509,0.03,-0.12,0.97
205519,0.03,-0.11,0.98
205528,0.02,-0.11,0.99
205538,0.02,-0.12,0.99
205548,0.01,-0.12,1.00
205557,0.01,-0.12,1.00
205567,0.02,-0.12,1.01
205576,0.02,-0.12,1.01
205586,0.03,-0.13,1.01
205596,0.03,-0.13,1.01
205605,0.03,-0.13,1.00
205615,0.03,-0.13,1.00
205625,0.03,-0.12,1.00
205634,0.03,-0.11,0.99
205644,0.03,-0.09,0.99
205653,0.03,-0.08,0.99
205663,0.03,-0.07,0.99
205673,0.03,-0.07,0.99
205682,0.03,-0.07,0.99
205692,0.02,-0.06,0.99
205701,0.02,-0.06,0.98
205711,0.02,-0.06,0.98
205721,0.03,-0.07,0.97
205730,0.03,-0.07,0.97
205740,0.04,-0.08,0.97
205750,0.03,-0.09,0.98
205759,0.03,-0.09,0.98
205769,0.03,-0.09,0.98
205778,0.04,-0.09,0.98
205788,0.04,-0.09,0.98
205798,0.04,-0.09,0.97
205807,0.04,-0.10,0.97
205817,0.04,-0.10,0.97
205826,0.03,-0.11,0.97
205836,0.03,-0.12,0.98
205846,0.03,-0.13,0.98
205855,0.03,-0.13,0.98
205865,0.02,-0.13,0.98
205875,0.02,-0.12,0.98
205884,0.02,-0.11,0.97
205894,0.03,-0.11,0.97
205903,0.03,-0.10,0.97
205913,0.03,-0.11,0.98
205923,0.02,-0.12,0.98
205932,0.02,-0.12,0.98
205942,0.02,-0.12,0.98
205951,0.02,-0.12,0.98
205961,0.03,-0.11,0.98
205971,0.03,-0.10,0.99
205980,0.02,-0.10,0.99
205990,0.02,-0.10,1.00
206000,0.02,-0.11,1.00
206009,0.02,-0.11,1.01
206019,0.02,-0.11,1.01
206028,0.02,-0.12,1.02
206038,0.03,-0.11,1.02
206048,0.01,-0.12,1.02
206057,-0.00,-0.13,1.02
206067,-0.00,-0.14,1.02
206076,-0.01,-0.14,1.03
206086,-0.02,-0.14,1.03
206096,-0.02,-0.14,1.02
206105,-0.02,-0.13,1.02
206115,-0.01,-0.12,1.00
206125,-0.01,-0.11,1.00
206134,0.00,-0.10,0.99
206144,0.00,-0.10,0.98
206153,0.00,-0.09,0.98
206163,0.01,-0.09,0.98
206173,0.01,-0.10,0.98
206182,0.02,-0.11,0.97
206192,0.03,-0.11,0.97
206201,0.03,-0.10,0.98
206211,0.03,-0.10,0.98
206221,0.03,-0.09,0.98
206230,0.03,-0.09,0.99
206240,0.03,-0.10,1.00
206250,0.02,-0.12,1.00
206259,0.01,-0.13,1.01
206269,0.01,-0.15,1.01
206278,0.00,-0.15,1.02
206288,0.01,-0.15,1.02
206298,0.01,-0.15,1.01
206307,0.01,-0.14,1.01
206317,0.00,-0.14,1.00
206326,0.01,-0.13,1.00
206336,0.02,-0.12,0.99
206346,0.02,-0.13,0.98
206355,0.03,-0.13,0.98
206365,0.03,-0.13,0.98
206375,0.03,-0.13,0.98
206384,0.03,-0.13,0.98
206394,0.03,-0.13,0.98
206403,0.03,-0.14,0.98
206413,0.02,-0.15,0.98
206423,0.02,-0.15,0.98
206432,0.02,-0.14,0.99
206442,0.02,-0.14,0.98
206451,0.02,-0.13,0.98
206461,0.02,-0.13,0.98
206471,0.02,-0.14,0.98
206480,0.02,-0.14,0.98
206490,0.02,-0.14,0.97
206500,0.02,-0.14,0.98
206509,0.02,-0.15,0.98
206519,0.02,-0.16,0.98
206528,0.02,-0.16,0.99
206538,0.02,-0.16,0.99
206548,0.02,-0.15,1.00
206557,0.02,-0.14,1.00
206567,0.03,-0.14,0.99
206576,0.04,-0.14,0.98
206586,0.04,-0.15,0.97
206596,0.04,-0.15,0.97
206605,0.04,-0.15,0.97
206615,0.02,-0.15,0.98
206625,-0.00,-0.15,0.98
206634,0.04,-0.18,0.98
206644,0.08,-0.20,1.00
206653,0.03,-0.17,1.00
206663,0.03,-0.18,1.00
206673,0.03,-0.18,0.99
206682,0.04,-0.17,0.98
206692,0.04,-0.17,0.98
206701,0.04,-0.16,0.98
206711,0.04,-0.16,0.99
206721,0.04,-0.17,0.99
206730,0.03,-0.17,0.99
206740,0.04,-0.18,0.99
206750,0.04,-0.18,0.99
206759,0.04,-0.18,0.98
206769,0.04,-0.17,0.98
206778,0.04,-0.18,0.99
206788,0.03,-0.18,0.99
206798,0.03,-0.19,0.99
206807,0.02,-0.20,0.99
206817,0.02,-0.20,0.99
206826,0.03,-0.19,0.98
206836,0.03,-0.19,0.98
206846,0.04,-0.18,0.97
206855,0.03,-0.18,0.97
206865,0.03,-0.18,0.97
206875,0.03,-0.18,0.96
206884,0.04,-0.18,0.96
206894,0.04,-0.18,0.96
206903,0.04,-0.19,0.96
206913,0.04,-0.19,0.96
206923,0.03,-0.19,0.97
206932,0.03,-0.20,0.97
206942,0.03,-0.20,0.97
206951,0.03,-0.21,0.97
206961,0.04,-0.21,0.98
206971,0.04,-0.21,0.98
206980,0.04,-0.21,0.98
206990,0.04,-0.21,0.98
207000,0.04,-0.21,0.98
207009,0.04,-0.21,0.98
207019,0.04,-0.20,0.98
207028,0.03,-0.20,0.98
207038,0.03,-0.21,0.97
207048,0.04,-0.21,0.97
207057,0.03,-0.22,0.97
207067,0.03,-0.22,0.97
207076,0.04,-0.22,0.97
207086,0.04,-0.21,0.96
207096,0.04,-0.21,0.96
207105,0.05,-0.21,0.95
207115,0.05,-0.21,0.95
207125,0.05,-0.21,0.95
207134,0.05,-0.22,0.96
207144,0.04,-0.21,0.96
207153,0.05,-0.21,0.96
207163,0.05,-0.20,0.96
207173,0.05,-0.20,0.96
207182,0.05,-0.20,0.97
207192,0.04,-0.21,0.98
207201,0.04,-0.21,0.98
207211,0.03,-0.21,0.99
207221,0.03,-0.21,0.99
207230,0.04,-0.20,0.98
207240,0.04,-0.20,0.98
207250,0.04,-0.19,0.98
207259,0.04,-0.19,0.98
207269,0.04,-0.19,0.98
207278,0.04,-0.20,0.98
207288,0.04,-0.20,0.98
207298,0.04,-0.21,0.98
207307,0.04,-0.22,0.98
207317,0.04,-0.22,0.98
207326,0.04,-0.21,0.98
207336,0.04,-0.21,0.98
207346,0.04,-0.20,0.97
207355,0.04,-0.20,0.97
207365,0.04,-0.20,0.97
207375,0.04,-0.20,0.97
207384,0.04,-0.21,0.97
207394,0.04,-0.21,0.97
207403,0.04,-0.22,0.98
207413,0.04,-0.24,0.98
207423,0.03,-0.24,0.98
207432,0.03,-0.24,0.98
207442,0.03,-0.23,0.98
207451,0.03,-0.22,0.98
207461,0.03,-0.21,0.97
207471,0.03,-0.20,0.97
207480,0.04,-0.20,0.96
207490,0.04,-0.19,0.96
207500,0.04,-0.19,0.96
207509,0.03,-0.19,0.97
207519,0.03,-0.19,0.97
207528,0.02,-0.20,0.98
207538,0.02,-0.21,0.98
207548,0.02,-0.22,0.98
207557,0.02,-0.22,0.99
207567,0.01,-0.21,1.00
207576,0.02,-0.21,1.00
207586,0.02,-0.22,1.00
207596,0.02,-0.24,0.99
207605,0.02,-0.25,0.98
207615,0.02,-0.26,0.97
207625,0.03,-0.24,0.97
207634,0.03,-0.22,0.97
207644,0.04,-0.19,0.97
207653,0.04,-0.18,0.96
207663,0.04,-0.17,0.96
207673,0.04,-0.17,0.95
207682,0.04,-0.18,0.96
207692,0.03,-0.18,0.96
207701,0.03,-0.19,0.97
207711,0.03,-0.20,0.98
207721,0.03,-0.21,0.98
207730,0.03,-0.22,0.98
207740,0.03,-0.23,0.99
207750,0.03,-0.23,0.99
207759,0.03,-0.22,1.00
207769,0.04,-0.22,1.00
207778,0.04,-0.21,0.99
207788,0.04,-0.20,0.99
207798,0.03,-0.19,0.98
207807,0.03,-0.18,0.98
207817,0.03,-0.18,0.98
207826,0.03,-0.18,0.98
207836,0.03,-0.19,0.97
207846,0.03,-0.20,0.97
207855,0.03,-0.20,0.96
207865,0.03,-0.20,0.96
207875,0.03,-0.19,0.95
207884,0.04,-0.19,0.95
207894,0.04,-0.19,0.96
207903,0.03,-0.20,0.96
207913,0.03,-0.20,0.97
207923,0.03,-0.20,0.97
207932,0.03,-0.20,0.98
207942,0.03,-0.20,0.98
207951,0.03,-0.20,0.98
207961,0.04,-0.19,0.98
207971,0.04,-0.19,0.98
207980,0.03,-0.18,0.98
207990,0.02,-0.18,0.99
208000,0.02,-0.18,1.00
208009,0.02,-0.18,1.00
208019,0.02,-0.18,0.99
208028,0.02,-0.18,0.99
208038,0.02,-0.18,0.99
208048,0.02,-0.17,0.99
208057,0.02,-0.17,0.98
208067,0.02,-0.17,0.98
208076,0.03,-0.17,0.98
208086,0.03,-0.17,0.97
208096,0.04,-0.17,0.97
208105,0.04,-0.17,0.97
208115,0.04,-0.18,0.97
208125,0.04,-0.18,0.97
208134,0.04,-0.19,0.97
208144,0.04,-0.19,0.97
208153,0.04,-0.19,0.97
208163,0.04,-0.19,0.97
208173,0.03,-0.20,0.97
208182,0.02,-0.20,0.97
208192,0.02,-0.20,0.97
208201,0.02,-0.20,0.97
208211,0.03,-0.20,0.97
208221,0.02,-0.20,0.97
208230,0.02,-0.20,0.97
208240,0.02,-0.20,0.97
208250,0.03,-0.21,0.97
208259,0.04,-0.22,0.97
208269,0.04,-0.23,0.97
208278,0.04,-0.24,0.97
208288,0.05,-0.24,0.97
208298,0.05,-0.23,0.97
208307,0.05,-0.23,0.96
208317,0.05,-0.21,0.96
208326,0.05,-0.20,0.96
208336,0.04,-0.18,0.97
208346,0.03,-0.17,0.99
208355,0.02,-0.17,1.00
208365,0.01,-0.17,1.01
208375,0.02,-0.18,1.01
208384,0.02,-0.19,1.00
208394,0.03,-0.19,1.00
208403,0.03,-0.20,0.99
208413,0.04,-0.20,0.99
208423,0.04,-0.21,0.99
208432,0.04,-0.21,0.99
208442,0.04,-0.20,0.98
208451,0.03,-0.20,0.98
208461,0.03,-0.19,0.98
208471,0.03,-0.19,0.97
208480,0.03,-0.18,0.97
208490,0.03,-0.18,0.97
208500,0.04,-0.18,0.97
208509,0.03,-0.19,0.97
208519,0.03,-0.19,0.97
208528,0.03,-0.19,0.97
208538,0.03,-0.18,0.97
208548,0.02,-0.18,0.97
208557,0.02,-0.17,0.97
208567,0.03,-0.17,0.97
208576,0.03,-0.17,0.97
208586,0.03,-0.17,0.97
208596,0.03,-0.18,0.98
208605,0.03,-0.19,0.98
208615,0.03,-0.21,0.99
208625,0.02,-0.21,0.99
208634,0.02,-0.20,1.00
208644,0.01,-0.19,0.99
208653,0.01,-0.18,0.99
208663,0.01,-0.16,0.98
208673,0.01,-0.15,0.97
208682,0.01,-0.15,0.97
208692,0.00,-0.16,0.97
208701,0.00,-0.17,0.97
208711,-0.00,-0.18,0.97
208721,0.00,-0.19,0.97
208730,0.00,-0.19,0.97
208740,0.01,-0.18,0.97
208750,0.01,-0.18,0.98
208759,0.01,-0.18,0.97
208769,0.01,-0.18,0.97
208778,0.01,-0.19,0.97
208788,0.02,-0.19,0.98
208798,0.02,-0.19,0.98
208807,0.02,-0.19,0.97
208817,0.02,-0.21,0.98
208826,0.02,-0.22,0.98
208836,0.02,-0.21,0.99
208846,0.02,-0.20,0.99
208855,0.02,-0.19,0.98
208865,0.03,-0.18,0.98
208875,0.03,-0.17,0.98
208884,0.03,-0.18,0.98
208894,0.03,-0.19,0.98
208903,0.03,-0.21,0.98
208913,0.02,-0.22,0.98
208923,0.03,-0.22,0.98
208932,0.03,-0.21,0.98
208942,0.03,-0.20,0.99
208951,0.03,-0.20,0.99
208961,0.03,-0.20,0.98
208971,0.05,-0.20,0.98
208980,0.06,-0.21,0.98
208990,0.07,-0.22,0.98
209000,0.06,-0.21,0.98
209009,0.04,-0.19,0.98
209019,0.02,-0.16,0.99
209028,0.00,-0.14,1.00
209038,-0.01,-0.13,0.99
209048,-0.03,-0.14,0.98
209057,-0.03,-0.15,0.96
209067,-0.03,-0.15,0.95
209076,-0.03,-0.14,0.94
209086,-0.02,-0.13,0.93
209096,-0.01,-0.12,0.93
209105,-0.00,-0.12,0.93
209115,0.00,-0.13,0.94
209125,0.02,-0.13,0.96
209134,0.04,-0.16,0.98
209144,0.05,-0.17,1.00
209153,0.06,-0.19,1.02
209163,0.06,-0.20,1.03
209173,0.06,-0.20,1.04
209182,0.05,-0.21,1.04
209192,0.04,-0.20,1.04
209201,0.03,-0.19,1.03
209211,0.03,-0.17,1.02
209221,0.03,-0.16,1.00
209230,0.02,-0.16,0.98
209240,0.02,-0.16,0.96
209250,0.01,-0.16,0.96
209259,0.01,-0.16,0.95
209269,0.01,-0.15,0.95
209278,0.01,-0.15,0.95
209288,0.02,-0.16,0.95
209298,0.03,-0.17,0.95
209307,0.03,-0.18,0.96
209317,0.03,-0.19,0.97
209326,0.03,-0.19,0.98
209336,0.02,-0.19,0.98
209346,0.02,-0.19,0.99
209355,0.01,-0.18,0.99
209365,0.01,-0.17,0.99
209375,0.01,-0.16,0.99
209384,0.02,-0.16,0.98
209394,0.02,-0.16,0.99
209403,0.02,-0.17,0.99
209413,0.02,-0.17,0.99
209423,0.03,-0.18,0.98
209432,0.03,-0.18,0.98
209442,0.03,-0.17,0.98
209451,0.03,-0.17,0.98
209461,0.03,-0.17,0.98
209471,0.04,-0.18,0.98
209480,0.03,-0.19,0.98
209490,0.03,-0.20,0.98
209500,0.03,-0.20,0.98
209509,0.03,-0.19,0.99
209519,0.02,-0.19,1.00
209528,0.02,-0.16,1.00
209538,0.02,-0.14,1.00
209548,0.02,-0.14,1.00
209557,0.02,-0.15,0.99
209567,0.03,-0.16,0.98
209576,0.03,-0.17,0.98
209586,0.02,-0.18,0.98
209596,0.01,-0.19,0.98
209605,0.01,-0.18,0.98
209615,0.01,-0.18,0.98
209625,0.01,-0.17,0.98
209634,0.01,-0.15,0.98
209644,0.01,-0.14,0.98
209653,0.01,-0.14,0.98
209663,0.01,-0.14,0.98
209673,0.02,-0.14,0.98
209682,0.02,-0.15,0.98
209692,0.02,-0.15,0.98
209701,0.01,-0.16,0.99
209711,0.02,-0.17,1.00
209721,0.02,-0.18,1.00
209730,0.02,-0.17,1.01
209740,0.02,-0.17,1.01
209750,0.02,-0.17,1.01
209759,0.02,-0.16,1.00
209769,0.02,-0.16,0.99
209778,0.02,-0.15,0.99
209788,0.02,-0.15,0.98
209798,0.02,-0.15,0.98
209807,0.02,-0.15,0.98
209817,0.02,-0.15,0.97
209826,0.02,-0.15,0.97
209836,0.02,-0.14,0.97
209846,0.02,-0.15,0.97
209855,0.03,-0.15,0.97
209865,0.03,-0.15,0.97
209875,0.03,-0.16,0.97
209884,0.03,-0.16,0.97
209894,0.03,-0.16,0.97
209903,0.03,-0.17,0.98
209913,0.03,-0.18,0.99
209923,0.02,-0.19,1.00
209932,0.01,-0.18,1.00
209942,0.01,-0.17,1.00
209951,0.02,-0.16,1.00
209961,0.02,-0.14,0.99
209971,0.02,-0.13,0.98
209980,0.02,-0.13,0.97
209990,0.02,-0.14,0.97
210000,0.02,-0.14,0.97
210009,0.02,-0.15,0.98
210019,0.02,-0.16,0.99
210028,0.02,-0.17,1.00
210038,0.01,-0.18,1.00
210048,0.01,-0.18,1.00
210057,0.01,-0.17,1.00
210067,0.01,-0.16,0.99
210076,0.02,-0.15,0.99
210086,0.02,-0.14,0.98
210096,0.02,-0.13,0.98
210105,0.02,-0.12,0.98
210115,0.02,-0.13,0.99
210125,0.02,-0.13,0.98
210134,0.02,-0.14,0.99
210144,0.02,-0.15,0.99
210153,0.02,-0.17,0.99
210163,0.03,-0.19,0.99
210173,0.03,-0.19,0.99
210182,0.03,-0.19,0.99
210192,0.04,-0.19,0.99
210201,0.04,-0.18,0.98
210211,0.05,-0.17,0.97
210221,0.05,-0.17,0.97
210230,0.05,-0.16,0.97
210240,0.05,-0.16,0.97
210250,0.04,-0.17,0.96
210259,0.04,-0.17,0.96
210269,0.03,-0.16,0.97
210278,0.03,-0.15,0.97
210288,0.03,-0.13,0.97
210298,0.02,-0.12,0.96
210307,0.02,-0.12,0.96
210317,0.02,-0.12,0.97
210326,0.01,-0.13,0.97
210336,0.01,-0.14,0.98
210346,0.01,-0.16,0.99
210355,0.01,-0.16,0.99
210365,0.01,-0.17,0.99
210375,0.01,-0.17,1.00
210384,0.02,-0.18,1.00
210394,0.02,-0.18,1.00
210403,0.02,-0.18,0.99
210413,0.02,-0.18,0.99
210423,0.02,-0.17,0.99
210432,0.02,-0.17,0.99
210442,0.02,-0.17,0.98
210451,0.02,-0.17,0.98
210461,0.03,-0.18,0.97
210471,0.03,-0.18,0.97
210480,0.03,-0.17,0.97
210490,0.02,-0.17,0.98
210500,0.02,-0.16,0.99
210509,0.01,-0.16,1.00
210519,0.01,-0.17,1.00
210528,0.01,-0.17,1.00
210538,0.00,-0.17,1.00
210548,0.00,-0.16,1.00
210557,0.01,-0.16,1.00
210567,0.01,-0.15,0.99
210576,0.02,-0.15,0.98
210586,0.02,-0.15,0.98
210596,0.02,-0.15,0.98
210605,0.02,-0.16,0.98
210615,0.03,-0.18,0.98
210625,0.03,-0.20,0.98
210634,0.03,-0.20,0.97
210644,0.03,-0.20,0.97
210653,0.03,-0.19,0.97
210663,0.03,-0.19,0.97
210673,0.03,-0.18,0.97
210682,0.03,-0.17,0.97
210692,0.04,-0.17,0.96
210701,0.03,-0.17,0.96
210711,0.03,-0.18,0.97
210721,0.03,-0.17,0.98
210730,0.03,-0.18,0.98
210740,0.02,-0.18,0.99
210750,0.02,-0.18,0.98
210759,0.02,-0.18,0.99
210769,0.02,-0.18,0.99
210778,0.02,-0.18,0.99
210788,0.02,-0.18,0.98
210798,0.02,-0.18,0.98
210807,0.03,-0.17,0.97
210817,0.03,-0.17,0.97
210826,0.03,-0.18,0.97
210836,0.03,-0.19,0.97
210846,0.04,-0.19,0.98
210855,0.06,-0.20,0.98
210865,0.05,-0.20,0.98
210875,0.05,-0.20,0.98
210884,0.04,-0.19,0.98
210894,0.03,-0.19,0.99
210903,0.01,-0.19,0.99
210913,0.01,-0.19,0.98
210923,0.00,-0.19,0.98
210932,0.00,-0.18,0.99
210942,-0.00,-0.18,0.99
210951,0.00,-0.18,0.99
210961,0.01,-0.18,0.99
210971,0.01,-0.18,0.98
210980,0.02,-0.16,0.98
210990,0.02,-0.15,0.98
211000,0.03,-0.15,0.99
211009,0.03,-0.16,0.99
211019,0.03,-0.16,0.99
211028,0.03,-0.17,0.99
211038,0.04,-0.17,0.99
211048,0.05,-0.18,0.99
211057,0.05,-0.18,0.98
211067,0.04,-0.18,0.97
211076,0.04,-0.18,0.97
211086,0.04,-0.18,0.97
211096,0.04,-0.18,0.97
211105,0.03,-0.18,0.97
211115,0.02,-0.17,0.97
211125,0.02,-0.16,0.97
211134,0.01,-0.15,0.98
211144,0.02,-0.14,0.98
211153,0.03,-0.14,0.98
211163,0.03,-0.14,0.97
211173,0.04,-0.14,0.97
211182,0.05,-0.15,0.96
211192,0.04,-0.16,0.97
211201,0.05,-0.17,0.98
211211,0.05,-0.19,0.98
211221,0.04,-0.20,0.99
211230,0.04,-0.20,0.99
211240,0.03,-0.21,1.00
211250,0.03,-0.21,1.01
211259,0.02,-0.21,1.01
211269,0.02,-0.20,1.00
211278,0.02,-0.20,0.99
211288,0.02,-0.20,0.98
211298,0.02,-0.19,0.97
211307,0.02,-0.19,0.97
211317,0.02,-0.20,0.98
211326,0.03,-0.20,0.99
211336,0.03,-0.21,0.99
211346,0.03,-0.22,0.99
211355,0.02,-0.23,0.98
211365,0.01,-0.24,0.98
211375,-0.00,-0.24,0.97
211384,-0.03,-0.24,0.97
211394,-0.05,-0.25,0.97
211403,-0.07,-0.25,0.97
211413,-0.08,-0.24,0.97
211423,-0.08,-0.22,0.96
211432,-0.07,-0.18,0.95
211442,-0.06,-0.14,0.95
211451,-0.04,-0.12,0.94
211461,-0.03,-0.09,0.94
211471,-0.02,-0.09,0.95
211480,-0.01,-0.10,0.95
211490,-0.01,-0.13,0.96
211500,-0.01,-0.15,0.97
211509,-0.01,-0.19,0.99
211519,-0.01,-0.22,1.00
211528,-0.01,-0.24,1.01
211538,-0.01,-0.25,1.01
211548,-0.01,-0.25,1.00
211557,-0.01,-0.24,1.00
211567,-0.00,-0.22,1.00
211576,-0.01,-0.20,1.00
211586,-0.00,-0.18,1.00
211596,0.00,-0.17,0.99
211605,0.01,-0.17,0.98
211615,0.02,-0.17,0.97
211625,0.03,-0.17,0.96
211634,0.04,-0.17,0.95
211644,0.05,-0.17,0.95
211653,0.05,-0.18,0.96
211663,0.05,-0.19,0.96
211673,0.05,-0.20,0.97
211682,0.04,-0.21,0.98
211692,0.04,-0.23,0.99
211701,0.03,-0.24,1.00
211711,0.02,-0.25,1.01
211721,0.01,-0.25,1.02
211730,0.01,-0.24,1.02
211740,0.00,-0.23,1.01
211750,-0.00,-0.23,1.01
211759,-0.01,-0.22,1.00
211769,-0.02,-0.22,0.99
211778,-0.02,-0.22,0.98
211788,-0.02,-0.21,0.97
211798,-0.02,-0.19,0.97
211807,-0.02,-0.18,0.96
211817,-0.01,-0.17,0.96
211826,-0.00,-0.17,0.95
211836,0.00,-0.17,0.95
211846,0.01,-0.18,0.95
211855,0.01,-0.19,0.96
211865,0.00,-0.20,0.97
211875,0.00,-0.21,0.97
211884,0.00,-0.21,0.98
211894,0.00,-0.22,0.97
211903,0.01,-0.20,0.97
211913,0.02,-0.19,0.96
211923,0.03,-0.17,0.95
211932,0.04,-0.16,0.95
211942,0.04,-0.15,0.95
211951,0.04,-0.16,0.96
211961,0.04,-0.17,0.97
211971,0.03,-0.19,0.98
211980,0.02,-0.20,0.98
211990,0.02,-0.21,0.99
212000,0.01,-0.21,0.99
212009,0.01,-0.20,1.00
212019,0.01,-0.20,1.00
212028,0.01,-0.20,1.00
212038,-0.00,-0.20,1.01
212048,-0.01,-0.19,1.01
212057,-0.00,-0.19,1.00
212067,0.00,-0.18,1.00
212076,0.01,-0.17,0.99
212086,0.01,-0.16,0.98
212096,0.01,-0.15,0.99
212105,0.01,-0.15,1.00
212115,0.01,-0.15,1.00
212125,0.02,-0.17,1.01
212134,0.03,-0.19,1.01
212144,0.02,-0.21,0.99
212153,-0.00,-0.24,0.97
212163,-0.02,-0.27,0.96
212173,-0.03,-0.26,0.96
212182,-0.03,-0.25,0.97
212192,-0.02,-0.22,0.98
212201,-0.01,-0.19,0.97
212211,-0.02,-0.18,0.97
212221,-0.02,-0.18,0.96
212230,-0.02,-0.18,0.96
212240,-0.02,-0.20,0.96
212250,-0.03,-0.23,0.98
212259,-0.05,-0.25,1.00
212269,-0.08,-0.26,1.02
212278,-0.09,-0.26,1.04
212288,-0.07,-0.25,1.04
212298,-0.03,-0.23,1.03
212307,0.00,-0.20,1.01
212317,0.05,-0.19,0.99
212326,0.09,-0.19,0.97
212336,0.11,-0.18,0.96
212346,0.13,-0.17,0.95
212355,0.14,-0.15,0.95
212365,0.14,-0.13,0.94
212375,0.12,-0.11,0.95
212384,0.08,-0.09,0.97
212394,0.06,-0.08,0.98
212403,0.04,-0.07,0.98
212413,0.03,-0.07,0.99
212423,0.01,-0.07,0.99
212432,0.01,-0.07,0.98
212442,0.01,-0.10,0.98
212451,0.00,-0.12,0.97
212461,-0.01,-0.14,0.98
212471,-0.01,-0.16,0.99
212480,-0.01,-0.16,0.99
212490,-0.01,-0.17,0.99
212500,0.00,-0.16,0.99
212509,0.01,-0.16,0.98
212519,0.02,-0.17,0.97
212528,0.03,-0.18,0.96
212538,0.02,-0.18,0.96
212548,0.01,-0.19,0.97
212557,-0.00,-0.20,0.98
212567,-0.01,-0.19,0.99
212576,-0.01,-0.17,1.00
212586,-0.01,-0.16,1.00
212596,-0.01,-0.16,1.00
212605,-0.02,-0.16,0.99
212615,-0.02,-0.16,0.98
212625,-0.02,-0.16,0.98
212634,-0.01,-0.16,0.98
212644,-0.00,-0.15,0.96
212653,0.00,-0.15,0.96
212663,0.01,-0.14,0.95
212673,0.02,-0.14,0.95
212682,0.02,-0.13,0.96
212692,0.02,-0.13,0.97
212701,0.02,-0.13,0.98
212711,0.02,-0.14,0.98
212721,0.03,-0.14,0.98
212730,0.04,-0.14,0.98
212740,0.04,-0.14,0.98
212750,0.04,-0.14,0.98
212759,0.03,-0.14,0.99
212769,0.02,-0.14,0.99
212778,0.02,-0.14,1.00
212788,0.01,-0.15,1.00
212798,0.01,-0.15,1.01
212807,-0.00,-0.16,1.01
212817,-0.01,-0.16,1.01
212826,-0.00,-0.15,1.01
212836,-0.01,-0.15,1.01
212846,-0.01,-0.14,1.01
212855,-0.02,-0.14,1.01
212865,-0.02,-0.13,1.00
212875,-0.02,-0.14,0.99
212884,-0.02,-0.14,0.98
212894,-0.02,-0.13,0.97
212903,-0.01,-0.13,0.97
212913,-0.02,-0.14,0.96
212923,-0.02,-0.15,0.97
212932,-0.01,-0.15,0.97
212942,-0.01,-0.16,0.98
212951,-0.01,-0.16,0.99
212961,-0.01,-0.15,1.00
212971,-0.01,-0.14,1.00
212980,-0.00,-0.13,0.99
212990,0.01,-0.14,0.98
213000,0.01,-0.15,0.97
213009,0.02,-0.15,0.96
213019,0.03,-0.16,0.96
213028,0.03,-0.16,0.96
213038,0.04,-0.16,0.97
213048,0.03,-0.16,0.98
213057,0.03,-0.17,0.98
213067,0.04,-0.17,0.97
213076,0.05,-0.17,0.97
213086,0.07,-0.18,0.96
213096,0.08,-0.18,0.96
213105,0.08,-0.19,0.95
213115,0.07,-0.19,0.94
213125,0.06,-0.18,0.93
213134,0.05,-0.17,0.94
213144,0.04,-0.16,0.95
213153,0.02,-0.15,0.97
213163,0.01,-0.15,0.98
213173,-0.02,-0.15,1.00
213182,-0.04,-0.15,1.02
213192,-0.06,-0.14,1.03
213201,-0.07,-0.13,1.04
213211,-0.07,-0.12,1.05
213221,-0.06,-0.11,1.05
213230,-0.06,-0.11,1.05
213240,-0.05,-0.12,1.05
213250,-0.04,-0.14,1.04
213259,-0.04,-0.16,1.04
213269,-0.03,-0.18,1.04
213278,-0.03,-0.19,1.03
213288,-0.02,-0.19,1.02
213298,-0.02,-0.19,1.01
213307,-0.00,-0.18,1.00
213317,0.02,-0.17,0.99
213326,0.02,-0.16,0.97
213336,0.03,-0.15,0.96
213346,0.04,-0.14,0.95
213355,0.04,-0.13,0.95
213365,0.04,-0.11,0.95
213375,0.05,-0.10,0.95
213384,0.05,-0.10,0.94
213394,0.05,-0.10,0.93
213403,0.06,-0.10,0.93
213413,0.06,-0.09,0.93
213423,0.07,-0.09,0.94
213432,0.07,-0.08,0.95
213442,0.07,-0.08,0.96
213451,0.07,-0.09,0.96
213461,0.06,-0.09,0.97
213471,0.05,-0.10,0.98
213480,0.04,-0.11,0.99
213490,0.03,-0.12,1.00
213500,0.02,-0.14,1.00
213509,0.01,-0.15,1.00
213519,0.01,-0.17,1.00
213528,0.00,-0.17,1.00
213538,-0.00,-0.18,1.00
213548,0.00,-0.18,1.00
213557,0.00,-0.18,0.99
213567,-0.00,-0.18,0.99
213576,-0.00,-0.18,0.98
213586,-0.01,-0.18,0.98
213596,-0.02,-0.17,0.99
213605,-0.03,-0.16,1.00
213615,-0.03,-0.15,1.00
213625,-0.03,-0.14,1.00
213634,-0.03,-0.14,1.00
213644,-0.03,-0.14,0.99
213653,-0.02,-0.14,0.99
213663,-0.01,-0.13,0.99
213673,-0.01,-0.12,0.99
213682,-0.01,-0.11,1.00
213692,-0.01,-0.11,1.01
213701,-0.00,-0.12,1.01
213711,0.00,-0.14,1.00
213721,-0.00,-0.15,0.99
213730,-0.00,-0.16,0.99
213740,-0.01,-0.16,1.00
213750,-0.01,-0.15,1.00
213759,-0.00,-0.13,0.99
213769,0.01,-0.11,0.99
213778,0.03,-0.10,0.98
213788,0.04,-0.10,0.97
213798,0.05,-0.10,0.97
213807,0.05,-0.11,0.97
213817,0.04,-0.12,0.97
213826,0.04,-0.13,0.97
213836,0.05,-0.14,0.97
213846,0.05,-0.14,0.97
213855,0.05,-0.14,0.97
213865,0.05,-0.14,0.97
213875,0.04,-0.14,0.98
213884,0.03,-0.15,0.99
213894,0.02,-0.16,1.00
213903,0.01,-0.16,1.01
213913,-0.00,-0.17,1.02
213923,-0.01,-0.16,1.03
213932,-0.01,-0.16,1.03
213942,-0.01,-0.15,1.02
213951,-0.00,-0.13,1.01
213961,0.00,-0.13,1.00
213971,0.00,-0.13,0.99
213980,-0.00,-0.13,0.98
213990,-0.01,-0.13,0.98
214000,-0.02,-0.13,0.98
214009,-0.02,-0.14,0.98
214019,-0.02,-0.14,0.98
214028,-0.02,-0.13,0.98
214038,-0.02,-0.13,0.98
214048,-0.02,-0.12,0.99
214057,-0.02,-0.11,0.99
214067,-0.02,-0.10,0.99
214076,-0.02,-0.10,0.99
214086,-0.02,-0.10,0.99
214096,-0.02,-0.11,0.98
214105,-0.01,-0.11,0.98
214115,-0.01,-0.11,0.97
214125,-0.00,-0.11,0.97
214134,0.00,-0.11,0.97
214144,0.01,-0.11,0.97
214153,0.02,-0.12,0.97
214163,0.03,-0.12,0.97
214173,0.04,-0.12,0.98
214182,0.05,-0.13,0.98
214192,0.05,-0.14,0.98
214201,0.06,-0.15,0.98
214211,0.05,-0.16,0.98
214221,0.03,-0.17,0.99
214230,0.03,-0.17,0.99
214240,0.02,-0.17,0.99
214250,-0.00,-0.17,1.00
214259,-0.02,-0.17,1.00
214269,-0.03,-0.16,1.01
214278,-0.04,-0.15,1.01
214288,-0.04,-0.14,1.00
214298,-0.03,-0.13,1.00
214307,-0.03,-0.12,0.99
214317,-0.03,-0.13,0.98
214326,-0.03,-0.13,0.98
214336,-0.02,-0.14,0.98
214346,-0.02,-0.14,0.98
214355,-0.02,-0.14,0.99
214365,-0.01,-0.15,0.99
214375,-0.00,-0.15,0.99
214384,0.01,-0.15,0.99
214394,0.01,-0.14,0.99
214403,0.01,-0.14,0.99
214413,0.01,-0.15,1.00
214423,0.02,-0.16,0.99
214432,0.01,-0.17,0.99
214442,0.01,-0.17,0.98
214451,0.01,-0.16,0.98
214461,0.01,-0.15,0.98
214471,0.02,-0.13,0.98
214480,0.03,-0.10,0.98
214490,0.03,-0.09,0.97
214500,0.02,-0.08,0.98
214509,0.02,-0.08,0.98
214519,0.01,-0.08,0.99
214528,0.01,-0.09,1.00
214538,0.01,-0.10,1.01
214548,0.01,-0.12,1.01
214557,0.01,-0.14,1.01
214567,0.01,-0.16,1.01
214576,0.01,-0.17,1.00
214586,0.01,-0.18,1.00
214596,0.01,-0.18,0.99
214605,0.01,-0.18,0.98
214615,0.01,-0.17,0.98
214625,0.00,-0.15,0.98
214634,0.00,-0.14,0.99
214644,-0.00,-0.14,0.99
214653,-0.01,-0.13,0.98
214663,-0.01,-0.13,0.98
214673,-0.01,-0.12,0.98
214682,-0.01,-0.12,0.98
214692,-0.01,-0.12,0.98
214701,-0.00,-0.12,0.98
214711,0.00,-0.13,0.98
214721,0.00,-0.13,0.98
214730,0.01,-0.13,0.98
214740,0.01,-0.13,0.99
214750,0.01,-0.13,0.99
214759,0.02,-0.13,0.98
214769,0.01,-0.14,0.98
214778,0.01,-0.14,0.98
214788,0.01,-0.15,0.99
214798,0.01,-0.15,0.99
214807,0.01,-0.15,0.98
214817,0.02,-0.15,0.98
214826,0.02,-0.15,0.99
214836,0.02,-0.15,0.98
214846,0.03,-0.15,0.98
214855,0.03,-0.15,0.98
214865,0.03,-0.15,0.98
214875,0.03,-0.16,0.98
214884,0.03,-0.17,0.98
214894,0.03,-0.17,0.99
214903,0.02,-0.17,0.99
214913,0.01,-0.17,0.99
214923,0.01,-0.16,1.00
214932,0.00,-0.16,1.00
214942,-0.00,-0.15,0.99
214951,-0.01,-0.14,0.99
214961,-0.01,-0.14,1.00
214971,-0.02,-0.14,1.00
214980,-0.03,-0.15,1.00
214990,-0.03,-0.15,1.00
215000,-0.03,-0.15,1.00
215009,-0.03,-0.16,0.99
215019,-0.03,-0.16,0.99
215028,-0.03,-0.15,0.99
215038,-0.02,-0.15,0.99
215048,-0.01,-0.14,0.98
215057,-0.00,-0.14,0.97
215067,0.01,-0.14,0.96
215076,0.02,-0.14,0.96
215086,0.03,-0.14,0.96
215096,0.04,-0.14,0.96
215105,0.05,-0.15,0.97
215115,0.05,-0.15,0.98
215125,0.05,-0.15,1.00
215134,0.06,-0.16,1.00
215144,0.06,-0.17,1.00
215153,0.07,-0.17,0.99
215163,0.07,-0.17,0.99
215173,0.08,-0.18,0.99
215182,0.08,-0.18,0.99
215192,0.07,-0.18,0.99
215201,0.06,-0.19,0.99
215211,0.05,-0.19,0.99
215221,0.03,-0.19,0.99
215230,0.02,-0.17,0.99
215240,0.01,-0.14,0.99
215250,-0.01,-0.12,0.98
215259,-0.03,-0.10,0.98
215269,-0.05,-0.10,0.98
215278,-0.06,-0.10,0.98
215288,-0.07,-0.09,0.98
215298,-0.06,-0.09,0.98
215307,-0.05,-0.09,0.98
215317,-0.04,-0.10,0.99
215326,-0.04,-0.12,1.00
215336,-0.05,-0.12,1.01
215346,-0.05,-0.13,1.02
215355,-0.05,-0.13,1.03
215365,-0.04,-0.13,1.02
215375,-0.04,-0.13,1.02
215384,-0.03,-0.12,1.01
215394,-0.02,-0.13,1.00
215403,-0.02,-0.14,1.00
215413,-0.02,-0.13,0.98
215423,-0.00,-0.13,0.98
215432,0.01,-0.14,0.98
215442,0.01,-0.16,0.97
215451,-0.00,-0.18,0.97
215461,0.02,-0.19,0.97
215471,0.02,-0.19,0.97
215480,0.01,-0.18,0.97
215490,0.02,-0.18,0.97
215500,0.03,-0.17,0.97
215509,0.03,-0.17,0.97
215519,0.03,-0.18,0.97
215528,0.02,-0.18,0.97
215538,0.01,-0.18,0.97
215548,0.00,-0.17,0.97
215557,-0.00,-0.15,0.97
215567,-0.00,-0.14,0.98
215576,0.00,-0.13,0.98
215586,0.01,-0.13,0.98
215596,0.02,-0.13,0.98
215605,0.02,-0.14,0.98
215615,0.02,-0.15,0.98
215625,-0.00,-0.17,0.98
215634,-0.01,-0.20,0.98
215644,-0.02,-0.20,0.98
215653,0.00,-0.21,0.98
215663,0.00,-0.20,0.98
215673,0.01,-0.20,0.98
215682,0.00,-0.19,1.00
215692,-0.00,-0.20,0.99
215701,-0.01,-0.19,0.98
215711,0.01,-0.19,0.98
215721,0.02,-0.17,0.97
215730,0.03,-0.15,0.96
215740,0.04,-0.14,0.96
215750,0.04,-0.14,0.96
215759,0.04,-0.14,0.96
215769,0.04,-0.15,0.96
215778,0.03,-0.16,0.98
215788,0.02,-0.16,0.99
215798,0.02,-0.16,1.00
215807,0.02,-0.16,1.00
215817,0.03,-0.16,1.00
215826,0.03,-0.16,1.00
215836,0.03,-0.16,1.00
215846,0.03,-0.16,1.01
215855,0.02,-0.17,1.01
215865,0.02,-0.18,1.01
215875,0.02,-0.19,1.01
215884,0.02,-0.20,1.00
215894,0.03,-0.19,1.00
215903,0.03,-0.19,1.01
215913,0.04,-0.17,0.98
215923,0.04,-0.17,0.97
215932,0.04,-0.17,0.96
215942,0.03,-0.18,0.96
215951,0.03,-0.18,0.94
215961,0.04,-0.17,0.96
215971,0.03,-0.16,0.95
215980,0.03,-0.16,0.97
215990,0.03,-0.17,0.98
216000,0.03,-0.17,0.99
216009,0.02,-0.18,0.97
216019,0.02,-0.20,0.98
216028,0.03,-0.21,0.97
216038,0.03,-0.21,0.97
216048,0.03,-0.21,0.99
216057,0.03,-0.21,0.98
216067,0.03,-0.20,0.98
216076,0.04,-0.20,0.98
216086,0.04,-0.21,0.96
216096,0.04,-0.23,0.97
216105,0.02,-0.23,0.99
216115,0.00,-0.23,1.00
216125,-0.02,-0.22,1.03
216134,-0.03,-0.21,1.02
216144,-0.02,-0.21,1.01
216153,0.00,-0.19,0.98
216163,0.02,-0.18,0.96
216173,0.03,-0.18,0.95
216182,0.03,-0.17,0.94
216192,0.04,-0.18,0.95
216201,0.04,-0.18,0.96
216211,0.04,-0.17,0.96
216221,0.04,-0.17,0.96
216230,0.04,-0.17,0.97
216240,0.04,-0.17,0.97
216250,0.04,-0.18,0.98
216259,0.03,-0.19,0.98
216269,0.02,-0.19,0.98
216278,0.01,-0.19,0.98
216288,0.01,-0.19,0.98
216298,0.02,-0.18,0.98
216307,0.03,-0.17,0.98
216317,0.03,-0.16,0.98
216326,0.03,-0.15,0.98
216336,0.02,-0.14,0.98
216346,0.01,-0.14,0.99
216355,-0.01,-0.15,1.00
216365,-0.03,-0.16,1.02
216375,-0.05,-0.17,1.03
216384,-0.06,-0.19,1.03
216394,-0.06,-0.19,1.02
216403,-0.04,-0.18,1.01
216413,-0.01,-0.15,0.99
216423,0.01,-0.14,0.98
216432,0.02,-0.13,0.97
216442,0.04,-0.12,0.96
216451,0.04,-0.13,0.96
216461,0.03,-0.14,0.96
216471,0.02,-0.15,0.96
216480,0.00,-0.16,0.97
216490,0.00,-0.16,0.98
216500,0.01,-0.17,0.98
216509,0.01,-0.17,0.97
216519,-0.00,-0.18,0.97
216528,-0.00,-0.18,0.97
216538,0.01,-0.19,0.96
216548,0.01,-0.20,0.95
216557,0.01,-0.22,0.93
216567,0.01,-0.22,0.93
216576,0.02,-0.20,0.94
216586,0.04,-0.19,0.94
216596,0.06,-0.18,0.95
216605,0.07,-0.17,0.95
216615,0.07,-0.16,0.95
216625,0.07,-0.15,0.95
216634,0.07,-0.15,0.95
216644,0.06,-0.15,0.97
216653,0.04,-0.16,1.00
216663,0.01,-0.16,1.04
216673,-0.00,-0.18,1.07
216682,-0.02,-0.19,1.07
216692,-0.02,-0.20,1.07
216701,-0.01,-0.21,1.05
216711,0.02,-0.20,1.02
216721,0.04,-0.20,0.99
216730,0.03,-0.20,0.98
216740,0.02,-0.19,0.97
216750,0.02,-0.19,0.97
216759,0.02,-0.19,0.97
216769,0.02,-0.18,0.96
216778,0.03,-0.17,0.95
216788,0.03,-0.16,0.94
216798,0.04,-0.15,0.94
216807,0.04,-0.13,0.95
216817,0.03,-0.11,0.96
216826,0.02,-0.10,0.98
216836,0.01,-0.10,1.00
216846,0.01,-0.12,1.01
216855,0.00,-0.15,1.01
216865,-0.00,-0.18,1.01
216875,-0.01,-0.21,1.01
216884,-0.01,-0.22,1.00
216894,-0.01,-0.22,1.00
216903,-0.01,-0.21,1.00
216913,-0.01,-0.20,0.99
216923,-0.00,-0.19,0.98
216932,0.00,-0.19,0.97
216942,0.00,-0.19,0.96
216951,0.01,-0.19,0.95
216961,0.02,-0.18,0.95
216971,0.03,-0.17,0.96
216980,0.03,-0.16,0.97
216990,0.05,-0.15,0.97
217000,0.07,-0.13,0.96
217009,0.07,-0.12,0.96
217019,0.07,-0.12,0.96
217028,0.07,-0.13,0.97
217038,0.05,-0.15,0.99
217048,0.04,-0.17,1.01
217057,0.03,-0.18,1.01
217067,0.02,-0.20,1.02
217076,0.02,-0.22,1.01
217086,0.02,-0.22,1.00
217096,0.02,-0.22,1.00
217105,0.02,-0.21,0.99
217115,0.01,-0.20,0.99
217125,0.01,-0.18,0.98
217134,0.01,-0.17,0.97
217144,0.01,-0.16,0.97
217153,0.01,-0.15,0.97
217163,0.00,-0.15,0.98
217173,0.00,-0.16,0.98
217182,-0.00,-0.16,0.99
217192,-0.00,-0.16,0.99
217201,-0.00,-0.16,0.99
217211,0.00,-0.15,0.99
217221,0.02,-0.14,0.99
217230,0.03,-0.14,0.98
217240,0.04,-0.15,0.98
217250,0.05,-0.16,0.97
217259,0.05,-0.18,0.97
217269,0.05,-0.19,0.97
217278,0.04,-0.21,0.97
217288,0.04,-0.21,0.97
217298,0.04,-0.19,0.97
217307,0.05,-0.17,0.98
217317,0.06,-0.16,0.98
217326,0.07,-0.15,0.97
217336,0.06,-0.16,0.96
217346,0.06,-0.17,0.97
217355,0.06,-0.17,0.96
217365,0.05,-0.17,0.97
217375,0.03,-0.17,0.98
217384,0.01,-0.18,0.99
217394,-0.00,-0.19,0.99
217403,-0.01,-0.19,1.00
217413,-0.03,-0.19,1.01
217423,-0.04,-0.19,1.03
217432,-0.04,-0.18,1.03
217442,-0.04,-0.16,1.02
217451,-0.03,-0.15,1.01
217461,-0.02,-0.14,0.99
217471,-0.02,-0.14,0.97
217480,-0.03,-0.14,0.96
217490,-0.05,-0.15,0.98
217500,-0.06,-0.16,0.99
217509,-0.07,-0.17,1.00
217519,-0.07,-0.17,1.00
217528,-0.07,-0.16,0.99
217538,-0.06,-0.15,0.99
217548,-0.03,-0.11,0.99
217557,0.03,-0.09,0.99
217567,0.09,-0.09,0.97
217576,0.12,-0.10,0.96
217586,0.12,-0.13,0.94
217596,0.11,-0.16,0.94
217605,0.08,-0.19,0.93
217615,0.07,-0.21,0.94
217625,0.06,-0.22,0.94
217634,0.05,-0.22,0.95
217644,0.04,-0.22,0.95
217653,0.03,-0.22,0.96
217663,0.02,-0.20,0.97
217673,0.01,-0.19,0.99
217682,0.00,-0.18,1.00
217692,-0.00,-0.17,1.01
217701,0.00,-0.17,1.01
217711,0.01,-0.17,1.01
217721,0.02,-0.17,1.01
217730,0.02,-0.17,1.01
217740,0.01,-0.17,1.00
217750,0.00,-0.16,1.00
217759,0.00,-0.15,0.99
217769,0.01,-0.14,0.99
217778,0.01,-0.13,0.99
217788,0.01,-0.12,0.99
217798,0.01,-0.12,0.99
217807,0.00,-0.12,0.98
217817,-0.00,-0.12,0.99
217826,-0.01,-0.13,0.99
217836,-0.01,-0.13,1.00
217846,-0.02,-0.14,1.00
217855,-0.02,-0.14,1.00
217865,-0.02,-0.15,1.01
217875,-0.00,-0.15,1.00
217884,0.01,-0.15,0.99
217894,0.03,-0.15,0.99
217903,0.03,-0.15,0.98
217913,0.04,-0.16,0.98
217923,0.03,-0.17,0.98
217932,0.02,-0.17,0.98
217942,0.02,-0.17,0.97
217951,0.02,-0.17,0.97
217961,0.02,-0.16,0.97
217971,0.02,-0.15,0.97
217980,0.02,-0.14,0.97
217990,0.01,-0.14,0.97
218000,0.00,-0.14,0.98
218009,-0.00,-0.15,0.99
218019,-0.01,-0.15,1.00
218028,0.00,-0.15,1.00
218038,-0.00,-0.15,1.00
218048,0.00,-0.14,1.00
218057,0.00,-0.14,1.00
218067,0.00,-0.15,1.00
218076,0.00,-0.16,1.00
218086,-0.00,-0.16,1.00
218096,-0.01,-0.17,1.00
218105,-0.02,-0.17,0.99
218115,-0.02,-0.17,1.00
218125,-0.04,-0.17,1.00
218134,-0.00,-0.14,0.98
218144,0.03,-0.13,0.99
218153,0.03,-0.14,0.98
218163,0.03,-0.15,0.97
218173,0.03,-0.16,0.96
218182,0.03,-0.16,0.97
218192,0.02,-0.15,0.98
218201,0.01,-0.14,0.99
218211,0.01,-0.14,0.99
218221,0.01,-0.14,1.00
218230,-0.00,-0.14,1.01
218240,-0.00,-0.13,1.01
218250,-0.00,-0.13,1.01
218259,0.00,-0.13,1.00
218269,0.01,-0.13,0.99
218278,0.01,-0.12,0.99
218288,0.02,-0.11,0.98
218298,0.02,-0.11,0.98
218307,0.02,-0.10,0.98
218317,0.02,-0.11,0.98
218326,0.02,-0.12,0.99
218336,0.03,-0.12,0.98
218346,0.02,-0.15,0.99
218355,0.01,-0.16,0.99
218365,-0.00,-0.15,1.00
218375,-0.01,-0.14,1.00
218384,-0.01,-0.13,1.00
218394,-0.00,-0.13,1.00
218403,0.01,-0.13,1.00
218413,0.02,-0.13,0.99
218423,0.03,-0.14,0.98
218432,0.03,-0.17,0.98
218442,0.03,-0.18,0.97
218451,0.04,-0.18,0.97
218461,0.04,-0.18,0.97
218471,0.04,-0.18,0.97
218480,0.04,-0.18,0.97
218490,0.04,-0.17,0.97
218500,0.04,-0.17,0.98
218509,0.04,-0.17,0.98
218519,0.03,-0.18,0.98
218528,0.02,-0.18,0.98
218538,0.01,-0.18,0.98
218548,0.01,-0.17,0.97
218557,0.01,-0.16,0.98
218567,0.01,-0.15,0.97
218576,0.01,-0.16,0.97
218586,0.01,-0.18,0.97
218596,0.00,-0.19,0.97
218605,-0.00,-0.20,0.98
218615,-0.00,-0.20,0.98
218625,-0.00,-0.20,0.99
218634,-0.00,-0.19,0.99
218644,0.00,-0.18,0.98
218653,0.00,-0.17,0.98
218663,0.01,-0.17,0.98
218673,0.01,-0.18,0.98
218682,0.01,-0.18,0.98
218692,0.02,-0.18,0.98
218701,0.01,-0.19,0.98
218711,0.01,-0.20,0.98
218721,0.02,-0.20,0.99
218730,0.03,-0.20,0.99
218740,0.03,-0.20,0.98
218750,0.03,-0.20,0.99
218759,0.02,-0.20,0.99
218769,0.03,-0.20,1.00
218778,0.03,-0.20,0.99
218788,0.03,-0.20,0.98
218798,0.04,-0.20,0.98
218807,0.04,-0.20,0.98
218817,0.05,-0.20,0.98
218826,0.05,-0.21,0.98
218836,0.05,-0.21,0.98
218846,0.05,-0.20,0.98
218855,0.05,-0.20,0.98
218865,0.05,-0.20,0.98
218875,0.05,-0.20,0.97
218884,0.05,-0.21,0.97
218894,0.04,-0.21,0.97
218903,0.04,-0.21,0.97
218913,0.04,-0.20,0.97
218923,0.05,-0.20,0.98
218932,0.04,-0.20,0.98
218942,0.04,-0.20,0.98
218951,0.04,-0.21,0.98
218961,0.04,-0.22,0.98
218971,0.04,-0.23,0.98
218980,0.04,-0.22,0.98
218990,0.03,-0.21,0.98
219000,0.03,-0.20,0.98
219009,0.04,-0.20,0.97
219019,0.04,-0.20,0.96
219028,0.04,-0.20,0.96
219038,0.04,-0.20,0.96
219048,0.03,-0.20,0.97
219057,0.03,-0.20,0.98
219067,0.02,-0.20,0.98
219076,0.02,-0.20,0.98
219086,0.02,-0.20,0.98
219096,0.02,-0.19,0.98
219105,0.02,-0.19,0.98
219115,0.02,-0.19,0.98
219125,0.02,-0.19,0.99
219134,0.02,-0.20,0.99
219144,0.02,-0.20,0.99
219153,0.02,-0.21,0.98
219163,0.02,-0.22,0.98
219173,0.02,-0.22,0.98
219182,0.02,-0.21,0.98
219192,0.02,-0.20,0.98
219201,0.02,-0.19,0.99
219211,0.02,-0.19,0.99
219221,0.02,-0.19,0.99
219230,0.02,-0.20,0.98
219240,0.03,-0.21,0.97
219250,0.03,-0.21,0.97
219259,0.03,-0.21,0.96
219269,0.03,-0.21,0.97
219278,0.03,-0.20,0.98
219288,0.03,-0.20,0.98
219298,0.02,-0.20,0.99
219307,0.02,-0.20,0.99
219317,0.03,-0.21,0.98
219326,0.03,-0.20,0.97
219336,0.03,-0.19,0.96
219346,0.04,-0.19,0.96
219355,0.04,-0.20,0.96
219365,0.04,-0.21,0.96
219375,0.03,-0.22,0.95
219384,0.03,-0.22,0.95
219394,0.04,-0.23,0.94
219403,0.05,-0.23,0.94
219413,0.05,-0.23,0.94
219423,0.05,-0.22,0.95
219432,0.05,-0.21,0.95
219442,0.04,-0.20,0.97
219451,0.04,-0.19,0.97
219461,0.04,-0.19,0.97
219471,0.04,-0.19,0.96
219480,0.04,-0.20,0.96
219490,0.03,-0.20,0.96
219500,0.03,-0.19,0.97
219509,0.03,-0.19,0.98
219519,0.04,-0.21,0.99
219528,0.04,-0.23,0.99
219538,0.03,-0.24,0.99
219548,0.03,-0.24,0.99
219557,0.04,-0.23,0.99
219567,0.05,-0.22,0.98
219576,0.05,-0.21,0.98
219586,0.05,-0.20,0.97
219596,0.05,-0.20,0.98
219605,0.05,-0.21,0.98
219615,0.05,-0.21,0.98
219625,0.04,-0.22,0.98
219634,0.05,-0.23,0.97
219644,0.05,-0.23,0.97
219653,0.04,-0.22,0.97
219663,0.04,-0.22,0.97
219673,0.04,-0.21,0.97
219682,0.05,-0.20,0.97
219692,0.05,-0.21,0.97
219701,0.04,-0.21,0.97
219711,0.04,-0.21,0.97
219721,0.04,-0.21,0.97
219730,0.05,-0.21,0.97
219740,0.05,-0.21,0.96
219750,0.05,-0.21,0.96
219759,0.04,-0.21,0.96
219769,0.04,-0.21,0.97
219778,0.04,-0.21,0.97
219788,0.04,-0.21,0.97
219798,0.04,-0.22,0.97
219807,0.04,-0.22,0.98
219817,0.04,-0.22,0.98
219826,0.04,-0.22,0.97
219836,0.04,-0.23,0.97
219846,0.04,-0.22,0.96
219855,0.04,-0.21,0.96
219865,0.04,-0.20,0.97
219875,0.04,-0.20,0.97
219884,0.04,-0.21,0.97
219894,0.04,-0.22,0.97
219903,0.04,-0.23,0.98
219913,0.04,-0.24,0.98
219923,0.04,-0.24,0.99
219932,0.04,-0.23,0.99
219942,0.03,-0.22,0.99
219951,0.03,-0.21,0.98
219961,0.03,-0.20,0.97
219971,0.03,-0.20,0.97
219980,0.02,-0.19,0.97
219990,0.03,-0.19,0.98
220000,0.03,-0.21,0.99
220009,0.03,-0.23,0.98
220019,0.03,-0.24,0.98
220028,0.03,-0.24,0.98
220038,0.03,-0.23,0.98
220048,0.02,-0.22,0.97
220057,0.02,-0.21,0.96
220067,0.02,-0.19,0.96
220076,0.03,-0.18,0.96
220086,0.03,-0.19,0.96
220096,0.03,-0.20,0.96
220105,0.02,-0.21,0.96
220115,0.02,-0.22,0.97
220125,0.01,-0.22,0.98
220134,0.01,-0.21,0.98
220144,0.01,-0.20,0.98
220153,0.02,-0.20,0.98
220163,0.02,-0.20,0.97
220173,0.02,-0.20,0.97
220182,0.02,-0.21,0.98
220192,0.02,-0.22,0.98
220201,0.02,-0.22,0.99
220211,0.02,-0.22,1.00
220221,0.01,-0.22,0.99
220230,0.02,-0.21,0.98
220240,0.02,-0.20,0.98
220250,0.02,-0.20,0.97
220259,0.02,-0.19,0.97
220269,0.02,-0.19,0.96
220278,0.02,-0.20,0.96
220288,0.02,-0.21,0.97
220298,0.02,-0.22,0.98
220307,0.01,-0.23,0.98
220317,0.01,-0.23,0.99
220326,0.01,-0.22,0.99
220336,0.02,-0.22,0.98
220346,0.01,-0.21,0.98
220355,0.02,-0.20,0.97
220365,0.02,-0.20,0.97
220375,0.02,-0.20,0.97
220384,0.03,-0.21,0.96
220394,0.03,-0.22,0.96
220403,0.03,-0.22,0.96
220413,0.03,-0.22,0.96
220423,0.02,-0.22,0.97
220432,0.02,-0.22,0.96
220442,0.02,-0.22,0.97
220451,0.02,-0.22,0.97
220461,0.01,-0.22,0.97
220471,0.00,-0.21,0.97
220480,0.00,-0.20,0.98
220490,-0.00,-0.19,0.98
220500,-0.01,-0.18,0.98
220509,-0.01,-0.18,0.98
220519,-0.00,-0.18,0.98
220528,0.00,-0.19,0.97
220538,0.00,-0.20,0.97
220548,0.00,-0.21,0.97
220557,-0.00,-0.21,0.98
220567,-0.00,-0.22,0.99
220576,-0.00,-0.22,0.99
220586,0.00,-0.22,0.99
220596,0.00,-0.21,0.98
220605,0.01,-0.20,0.98
220615,0.01,-0.19,0.98
220625,0.01,-0.19,0.98
220634,0.01,-0.18,0.98
220644,0.01,-0.19,0.98
220653,0.01,-0.20,0.97
220663,0.01,-0.21,0.97
220673,0.01,-0.22,0.97
220682,0.01,-0.22,0.97
220692,0.01,-0.22,0.98
220701,0.00,-0.22,0.98
220711,-0.01,-0.21,0.99
220721,-0.01,-0.21,0.99
220730,-0.01,-0.21,0.99
220740,-0.01,-0.20,0.98
220750,-0.00,-0.20,0.98
220759,0.00,-0.20,0.97
220769,0.01,-0.20,0.98
220778,0.01,-0.20,0.97
220788,0.01,-0.21,0.97
220798,0.01,-0.21,0.97
220807,0.00,-0.21,0.97
220817,0.00,-0.21,0.98
220826,-0.00,-0.21,0.98
220836,0.00,-0.20,0.97
220846,0.00,-0.19,0.97
220855,0.01,-0.18,0.97
220865,0.01,-0.18,0.97
220875,0.01,-0.19,0.97
220884,0.01,-0.19,0.97
220894,0.01,-0.19,0.98
220903,-0.00,-0.20,0.99
220913,-0.01,-0.20,1.01
220923,-0.01,-0.21,1.01
220932,-0.01,-0.21,1.00
220942,-0.01,-0.21,0.99
220951,-0.01,-0.20,0.99
220961,-0.00,-0.19,0.99
220971,-0.00,-0.19,0.99
220980,-0.00,-0.19,0.99
220990,0.00,-0.19,0.99
221000,0.00,-0.20,0.99
221009,0.00,-0.20,0.98
221019,0.00,-0.20,0.98
221028,0.00,-0.19,0.97
221038,0.00,-0.18,0.97
221048,0.00,-0.18,0.96
221057,0.00,-0.17,0.97
221067,0.00,-0.17,0.97
221076,0.00,-0.18,0.97
221086,0.00,-0.19,0.98
221096,0.00,-0.20,0.98
221105,0.00,-0.20,0.99
221115,0.00,-0.20,0.99
221125,0.00,-0.20,0.98
221134,0.00,-0.19,0.98
221144,0.00,-0.18,0.98
221153,-0.00,-0.17,0.98
221163,-0.00,-0.17,0.98
221173,-0.00,-0.17,0.98
221182,-0.00,-0.18,0.98
221192,-0.00,-0.19,0.98
221201,-0.00,-0.19,0.99
221211,-0.01,-0.20,0.99
221221,-0.01,-0.19,0.99
221230,-0.01,-0.19,0.99
221240,-0.01,-0.18,0.98
221250,-0.01,-0.17,0.98
221259,-0.01,-0.16,0.98
221269,-0.01,-0.15,0.98
221278,-0.01,-0.16,0.98
221288,-0.00,-0.16,0.98
221298,-0.00,-0.18,0.99
221307,-0.00,-0.19,0.99
221317,-0.01,-0.19,0.99
221326,-0.01,-0.19,0.99
221336,-0.01,-0.19,0.99
221346,-0.01,-0.18,0.99
221355,-0.01,-0.17,0.99
221365,-0.00,-0.16,0.98
221375,-0.00,-0.16,0.98
221384,0.00,-0.17,0.99
221394,-0.00,-0.18,0.99
221403,-0.01,-0.18,0.99
221413,-0.01,-0.19,0.99
221423,-0.01,-0.19,0.98
221432,-0.01,-0.19,0.98
221442,-0.01,-0.18,0.98
221451,-0.00,-0.17,0.97
221461,-0.00,-0.16,0.97
221471,-0.00,-0.15,0.97
221480,-0.00,-0.15,0.97
221490,0.00,-0.16,0.97
221500,0.00,-0.17,0.98
221509,-0.00,-0.18,0.98
221519,-0.01,-0.19,0.99
221528,-0.01,-0.19,0.99
221538,-0.01,-0.18,1.00
221548,-0.01,-0.17,1.00
221557,-0.01,-0.16,0.99
221567,-0.01,-0.15,0.99
221576,-0.01,-0.15,0.98
221586,-0.01,-0.15,0.98
221596,-0.01,-0.15,0.98
221605,-0.01,-0.16,0.98
221615,-0.01,-0.17,0.98
221625,-0.01,-0.18,0.99
221634,-0.01,-0.17,0.99
221644,-0.02,-0.17,0.99
221653,-0.01,-0.16,0.99
221663,-0.01,-0.15,0.99
221673,-0.01,-0.15,0.98
221682,-0.01,-0.14,0.98
221692,-0.00,-0.15,0.97
221701,-0.01,-0.15,0.98
221711,-0.01,-0.16,0.98
221721,-0.01,-0.16,0.99
221730,-0.01,-0.17,0.99
221740,-0.01,-0.17,0.98
221750,-0.01,-0.16,0.98
221759,-0.01,-0.16,0.98
221769,-0.01,-0.16,0.98
221778,-0.01,-0.16,0.98
221788,-0.01,-0.16,0.99
221798,-0.01,-0.17,0.99
221807,-0.01,-0.17,0.99
221817,-0.01,-0.17,0.98
221826,-0.01,-0.16,0.98
221836,-0.01,-0.16,0.98
221846,-0.01,-0.15,0.98
221855,-0.01,-0.15,0.98
221865,-0.01,-0.15,0.98
221875,-0.01,-0.16,0.98
221884,-0.01,-0.17,0.98
221894,-0.01,-0.18,0.99
221903,-0.01,-0.18,0.99
221913,-0.01,-0.18,0.99
221923,-0.01,-0.17,0.99
221932,-0.00,-0.17,0.98
221942,-0.00,-0.16,0.97
221951,-0.01,-0.15,0.97
221961,-0.01,-0.14,0.97
221971,-0.01,-0.14,0.97
221980,-0.00,-0.15,0.97
221990,-0.00,-0.16,0.98
222000,-0.00,-0.17,0.01
222009,-0.01,-0.18,0.99
222019,-0.01,-0.18,0.99
222028,-0.01,-0.18,0.99
222038,-0.01,-0.18,0.99
222048,-0.01,-0.17,0.99
222057,-0.01,-0.16,0.99
222067,-0.01,-0.16,0.98
222076,-0.00,-0.16,0.98
222086,-0.01,-0.16,0.98
222096,-0.01,-0.17,0.98
222105,-0.01,-0.18,0.98
222115,-0.01,-0.17,0.98
222125,-0.01,-0.17,0.98
222134,-0.01,-0.17,0.98
222144,-0.01,-0.17,0.98
222153,-0.01,-0.17,0.98
222163,-0.01,-0.17,0.98
222173,-0.01,-0.17,0.98
222182,-0.01,-0.17,0.98
222192,-0.01,-0.17,0.98
222201,-0.01,-0.17,0.98
222211,-0.01,-0.17,0.99
222221,-0.00,-0.17,0.99
222230,-0.00,-0.18,0.99
222240,-0.00,-0.18,0.99
222250,-0.01,-0.17,0.99
222259,-0.01,-0.17,0.99
222269,-0.01,-0.16,0.99
222278,-0.01,-0.16,0.98
222288,-0.01,-0.15,0.97
222298,-0.01,-0.15,0.97
222307,-0.01,-0.16,0.97
222317,-0.01,-0.16,0.97
222326,-0.01,-0.16,0.98
222336,-0.01,-0.17,0.98
222346,-0.01,-0.18,0.98
222355,-0.00,-0.19,0.98
222365,-0.01,-0.19,0.99
222375,-0.01,-0.19,0.99
222384,-0.01,-0.19,0.99
222394,-0.01,-0.18,0.98
222403,-0.01,-0.17,0.98
222413,-0.01,-0.16,0.98
222423,-0.01,-0.16,0.98
222432,-0.01,-0.16,0.98
222442,-0.01,-0.17,0.98
222451,-0.01,-0.18,0.99
222461,-0.01,-0.19,0.99
222471,-0.01,-0.18,0.99
222480,-0.01,-0.18,0.98
222490,-0.01,-0.17,0.98
222500,-0.01,-0.16,0.98
222509,-0.01,-0.16,0.98
222519,-0.01,-0.16,0.98
222528,-0.01,-0.16,0.99
222538,-0.01,-0.16,1.00
222548,-0.01,-0.17,1.00
222557,-0.01,-0.18,0.99
222567,-0.01,-0.18,0.99
222576,-0.01,-0.18,0.98
222586,-0.01,-0.17,0.98
222596,-0.01,-0.16,0.97
222605,-0.01,-0.15,0.97
222615,-0.00,-0.15,0.97
222625,0.00,-0.16,0.97
222634,0.00,-0.17,0.97
222644,-0.00,-0.18,0.98
222653,-0.01,-0.18,0.99
222663,-0.01,-0.17,0.99
222673,-0.01,-0.16,0.99
222682,-0.01,-0.15,0.99
222692,-0.00,-0.15,0.98
222701,-0.00,-0.15,0.97
222711,-0.00,-0.15,0.97
222721,-0.01,-0.16,0.98
222730,-0.01,-0.16,0.98
222740,-0.01,-0.17,0.99
222750,-0.01,-0.18,0.99
222759,-0.01,-0.19,0.99
222769,-0.01,-0.20,0.99
222778,-0.01,-0.19,0.99
222788,-0.01,-0.17,0.98
222798,-0.00,-0.16,0.97
222807,-0.00,-0.15,0.97
222817,-0.00,-0.15,0.97
222826,-0.01,-0.15,0.97
222836,-0.01,-0.16,0.97
222846,-0.01,-0.16,0.97
222855,-0.01,-0.17,0.98
222865,-0.01,-0.17,0.99
222875,-0.01,-0.18,0.99
222884,-0.01,-0.18,0.99
222894,-0.01,-0.18,0.99
222903,-0.01,-0.17,0.99
222913,-0.00,-0.17,0.98
222923,-0.00,-0.16,0.98
222932,-0.00,-0.16,0.98
222942,-0.00,-0.16,0.98
222951,-0.01,-0.16,0.97
222961,-0.01,-0.16,0.98
222971,-0.01,-0.16,0.98
222980,-0.01,-0.16,0.98
222990,-0.01,-0.17,0.98
223000,-0.01,-0.18,0.98
223009,-0.01,-0.18,0.98
223019,-0.01,-0.18,0.98
223028,-0.01,-0.17,0.99
223038,-0.01,-0.16,0.98
223048,-0.01,-0.16,0.98
223057,-0.01,-0.16,0.98
223067,-0.01,-0.16,0.99
223076,-0.01,-0.17,0.99
223086,-0.01,-0.17,0.98
223096,-0.01,-0.17,0.98
223105,-0.01,-0.17,0.98
223115,-0.01,-0.17,0.98
223125,-0.01,-0.17,0.98
223134,-0.01,-0.17,0.98
223144,-0.01,-0.17,0.98
223153,-0.00,-0.17,0.98
223163,-0.00,-0.17,0.98
223173,-0.00,-0.18,0.98
223182,-0.01,-0.18,0.98
223192,-0.01,-0.18,0.98
223201,-0.01,-0.18,0.98
223211,-0.01,-0.18,0.98
223221,-0.01,-0.18,0.98
223230,-0.01,-0.17,0.98
223240,-0.01,-0.17,0.98
223250,-0.01,-0.16,0.98
223259,-0.01,-0.16,0.98
223269,-0.00,-0.17,0.98
223278,-0.00,-0.18,0.98
223288,-0.00,-0.19,0.98
223298,-0.00,-0.19,0.98
223307,-0.00,-0.20,0.98
223317,0.00,-0.19,0.98
223326,-0.00,-0.19,0.98
223336,-0.00,-0.18,0.98
223346,0.00,-0.17,0.98
223355,-0.00,-0.17,0.98
223365,-0.00,-0.17,0.98
223375,0.00,-0.17,0.98
223384,0.00,-0.18,0.98
223394,0.00,-0.18,0.98
223403,0.00,-0.18,0.98
223413,0.00,-0.19,0.98
223423,-0.00,-0.19,0.98
223432,-0.00,-0.19,0.98
223442,-0.00,-0.19,0.98
223451,-0.01,-0.19,0.98
223461,-0.00,-0.19,0.98
223471,-0.00,-0.19,0.98
223480,-0.00,-0.19,0.98
223490,0.00,-0.19,0.98
223500,-0.00,-0.18,0.97
223509,0.00,-0.18,0.97
223519,0.00,-0.18,0.97
223528,0.01,-0.18,0.97
223538,0.00,-0.18,0.97
223548,0.00,-0.18,0.97
223557,0.00,-0.19,0.98
223567,-0.00,-0.19,0.98
223576,0.00,-0.19,0.98
223586,0.00,-0.18,0.97
223596,0.01,-0.18,0.98
223605,0.01,-0.19,0.98
223615,0.01,-0.19,0.98
223625,0.01,-0.19,0.98
223634,0.01,-0.19,0.98
223644,0.01,-0.19,0.98
223653,0.00,-0.19,0.98
223663,0.00,-0.19,0.98
223673,0.00,-0.19,0.98
223682,0.00,-0.19,0.98
223692,0.01,-0.19,0.97
223701,0.01,-0.19,0.97
223711,0.01,-0.19,0.97
223721,0.01,-0.19,0.96
223730,0.01,-0.19,0.97
223740,0.01,-0.19,0.97
223750,0.00,-0.19,0.97
223759,0.00,-0.19,0.97
223769,0.00,-0.19,0.98
223778,0.00,-0.19,0.98
223788,0.00,-0.19,0.98
223798,0.01,-0.19,0.98
223807,0.01,-0.20,0.98
223817,0.01,-0.21,0.98
223826,0.02,-0.22,0.97
223836,0.02,-0.22,0.97
223846,0.02,-0.22,0.98
223855,0.02,-0.21,0.98
223865,0.01,-0.20,0.99
223875,0.01,-0.20,0.98
223884,0.02,-0.20,0.98
223894,0.01,-0.21,0.97
223903,0.02,-0.22,0.97
223913,0.02,-0.21,0.97
223923,0.01,-0.21,0.97
223932,0.01,-0.20,0.97
223942,0.01,-0.20,0.97
223951,0.01,-0.19,0.97
223961,0.01,-0.19,0.97
223971,0.01,-0.19,0.97
223980,0.01,-0.20,0.97
223990,0.02,-0.22,0.97
224000,0.02,-0.22,0.97
224009,0.02,-0.23,0.97
224019,0.02,-0.22,0.97
224028,0.02,-0.22,0.97
224038,0.02,-0.21,0.97
224048,0.02,-0.21,0.97
224057,0.02,-0.20,0.97
224067,0.02,-0.20,0.97
224076,0.01,-0.20,0.98
224086,0.01,-0.21,0.98
224096,0.01,-0.21,0.98
224105,0.02,-0.22,0.98
224115,0.02,-0.22,0.98
224125,0.02,-0.22,0.97
224134,0.02,-0.22,0.97
224144,0.02,-0.22,0.97
224153,0.02,-0.22,0.97
224163,0.02,-0.22,0.97
224173,0.02,-0.22,0.97
224182,0.02,-0.21,0.97
224192,0.02,-0.21,0.97
224201,0.02,-0.21,0.97
224211,0.02,-0.21,0.97
224221,0.02,-0.21,0.97
224230,0.02,-0.21,0.97
224240,0.02,-0.21,0.97
224250,0.02,-0.22,0.97
224259,0.02,-0.22,0.97
224269,0.02,-0.22,0.97
224278,0.02,-0.22,0.97
224288,0.02,-0.21,0.97
224298,0.02,-0.21,0.97
224307,0.02,-0.21,0.97
224317,0.03,-0.21,0.97
224326,0.02,-0.22,0.97
224336,0.02,-0.23,0.97
224346,0.02,-0.22,0.97
224355,0.02,-0.22,0.97
224365,0.02,-0.21,0.96
224375,0.03,-0.21,0.96
224384,0.03,-0.21,0.96
224394,0.02,-0.22,0.96
224403,0.02,-0.22,0.97
224413,0.02,-0.22,0.97
224423,0.02,-0.21,0.97
224432,0.02,-0.21,0.97
224442,0.02,-0.21,0.97
224451,0.02,-0.21,0.97
224461,0.02,-0.22,0.98
224471,0.02,-0.22,0.98
224480,0.01,-0.22,0.98
224490,0.02,-0.21,0.98
224500,0.02,-0.21,0.98
224509,0.02,-0.21,0.98
224519,0.02,-0.21,0.97
224528,0.02,-0.22,0.97
224538,0.02,-0.21,0.97
224548,0.02,-0.21,0.97
224557,0.02,-0.20,0.96
224567,0.03,-0.20,0.96
224576,0.02,-0.21,0.96
224586,0.02,-0.22,0.96
224596,0.02,-0.22,0.97
224605,0.02,-0.21,0.98
224615,0.02,-0.21,0.98
224625,0.02,-0.21,0.98
224634,0.01,-0.21,0.98
224644,0.01,-0.21,0.98
224653,0.01,-0.21,0.98
224663,0.02,-0.21,0.97
224673,0.02,-0.21,0.97
224682,0.02,-0.22,0.97
224692,0.02,-0.22,0.97
224701,0.02,-0.22,0.97
224711,0.02,-0.22,0.97
224721,0.02,-0.22,0.97
224730,0.01,-0.21,0.97
224740,0.02,-0.21,0.97
224750,0.01,-0.21,0.97
224759,0.01,-0.20,0.97
224769,0.01,-0.21,0.97
224778,0.01,-0.21,0.97
224788,0.01,-0.22,0.98
224798,0.01,-0.23,0.98
224807,0.01,-0.23,0.98
224817,0.01,-0.23,0.97
224826,0.01,-0.22,0.97
224836,0.02,-0.22,0.97
224846,0.02,-0.21,0.96
224855,0.02,-0.22,0.96
224865,0.02,-0.21,0.96
224875,0.01,-0.21,0.97
224884,0.01,-0.21,0.97
224894,0.01,-0.21,0.98
224903,0.01,-0.22,0.98
224913,0.01,-0.22,0.98
224923,0.01,-0.22,0.98
224932,0.01,-0.22,0.98
224942,0.01,-0.22,0.98
224951,0.01,-0.22,0.97
224961,0.01,-0.22,0.97
224971,0.01,-0.21,0.97
224980,0.01,-0.21,0.97
224990,0.01,-0.21,0.97
225000,0.02,-0.21,0.97
225009,0.01,-0.21,0.97
225019,0.01,-0.21,0.97
225028,0.01,-0.21,0.97
225038,0.01,-0.21,0.97
225048,0.01,-0.22,0.97
225057,0.01,-0.22,0.97
225067,0.01,-0.22,0.98
225076,0.01,-0.22,0.98
225086,0.01,-0.22,0.98
225096,0.01,-0.22,0.97
225105,0.01,-0.22,0.97
225115,0.01,-0.21,0.97
225125,0.01,-0.21,0.97
225134,0.01,-0.21,0.97
225144,0.01,-0.21,0.97
225153,0.01,-0.22,0.97
225163,0.01,-0.22,0.97
225173,0.01,-0.22,0.97
225182,0.01,-0.22,0.97
225192,0.01,-0.22,0.97
225201,0.01,-0.21,0.97
225211,0.01,-0.21,0.97
225221,0.01,-0.21,0.97
225230,0.01,-0.21,0.97
225240,0.01,-0.21,0.97
225250,0.01,-0.21,0.97
225259,0.01,-0.22,0.97
225269,0.01,-0.23,0.97
225278,0.01,-0.23,0.97
225288,0.01,-0.23,0.98
225298,0.00,-0.22,0.98
225307,0.00,-0.21,0.98
225317,0.00,-0.21,0.97
225326,0.00,-0.20,0.97
225336,0.00,-0.20,0.97
225346,0.01,-0.21,0.97
225355,0.01,-0.22,0.97
225365,0.01,-0.23,0.97
225375,0.01,-0.23,0.97
225384,0.01,-0.23,0.97
225394,0.01,-0.23,0.97
225403,0.01,-0.22,0.96
225413,0.01,-0.21,0.96
225423,0.01,-0.20,0.96
225432,0.01,-0.20,0.95
225442,0.01,-0.20,0.95
225451,0.01,-0.20,0.96
225461,0.01,-0.21,0.97
225471,0.01,-0.22,0.98
225480,0.00,-0.24,1.00
225490,-0.01,-0.25,1.01
225500,-0.01,-0.26,1.01
225509,-0.01,-0.25,1.01
225519,-0.00,-0.24,0.99
225528,0.00,-0.22,0.98
225538,0.01,-0.21,0.97
225548,0.01,-0.20,0.96
225557,0.01,-0.20,0.96
225567,0.00,-0.20,0.96
225576,-0.00,-0.21,0.97
225586,-0.00,-0.22,0.97
225596,-0.00,-0.23,0.97
225605,-0.00,-0.23,0.97
225615,-0.00,-0.23,0.97
225625,0.00,-0.22,0.97
225634,0.00,-0.22,0.97
225644,0.01,-0.22,0.97
225653,0.00,-0.22,0.97
225663,0.00,-0.22,0.97
225673,0.00,-0.22,0.98
225682,-0.00,-0.22,0.98
225692,-0.00,-0.22,0.98
225701,0.00,-0.21,0.97
225711,0.00,-0.21,0.97
225721,0.00,-0.21,0.97
225730,0.00,-0.21,0.96
225740,0.00,-0.21,0.97
225750,0.00,-0.21,0.96
225759,-0.00,-0.21,0.97
225769,-0.00,-0.21,0.98
225778,-0.01,-0.21,0.98
225788,-0.01,-0.22,0.98
225798,-0.01,-0.22,0.98
225807,-0.01,-0.22,0.98
225817,-0.00,-0.22,0.98
225826,-0.00,-0.22,0.97
225836,-0.00,-0.22,0.97
225846,-0.00,-0.22,0.97
225855,-0.00,-0.22,0.97
225865,-0.00,-0.22,0.97
225875,-0.00,-0.22,0.97
225884,-0.00,-0.22,0.97
225894,-0.00,-0.22,0.97
225903,-0.00,-0.22,0.97
225913,-0.00,-0.22,0.97
225923,-0.00,-0.22,0.97
225932,-0.00,-0.22,0.97
225942,-0.00,-0.21,0.97
225951,-0.01,-0.21,0.97
225961,-0.01,-0.21,0.97
225971,-0.00,-0.21,0.96
225980,-0.00,-0.21,0.97
225990,-0.00,-0.21,0.97
226000,-0.01,-0.21,0.98
226009,-0.01,-0.21,0.98
226019,-0.01,-0.21,0.98
226028,-0.01,-0.20,0.99
226038,-0.01,-0.20,0.99
226048,-0.01,-0.20,0.99
226057,-0.01,-0.21,0.98
226067,-0.01,-0.21,0.98
226076,-0.01,-0.22,0.98
226086,-0.01,-0.22,0.98
226096,-0.02,-0.22,0.99
226105,-0.03,-0.22,0.99
226115,-0.02,-0.20,0.99
226125,-0.01,-0.19,0.98
226134,-0.00,-0.19,0.97
226144,0.00,-0.19,0.96
226153,0.00,-0.19,0.96
226163,0.01,-0.20,0.96
226173,0.01,-0.21,0.96
226182,0.01,-0.21,0.96
226192,0.01,-0.22,0.97
226201,-0.00,-0.22,0.98
226211,-0.01,-0.21,0.99
226221,-0.00,-0.20,0.98
226230,0.00,-0.20,0.97
226240,0.01,-0.19,0.97
226250,0.01,-0.18,0.96
226259,0.01,-0.18,0.96
226269,0.01,-0.18,0.96
226278,0.01,-0.18,0.97
226288,0.00,-0.19,0.97
226298,-0.01,-0.19,0.98
226307,-0.02,-0.19,0.98
226317,-0.02,-0.19,0.98
226326,-0.01,-0.18,0.98
226336,-0.01,-0.17,0.97
226346,-0.01,-0.16,0.97
226355,-0.01,-0.16,0.97
226365,-0.01,-0.17,0.97
226375,-0.01,-0.18,0.97
226384,-0.01,-0.19,0.98
226394,-0.01,-0.19,0.99
226403,-0.02,-0.19,1.00
226413,-0.01,-0.19,1.00
226423,-0.01,-0.18,1.00
226432,-0.01,-0.18,1.00
226442,-0.00,-0.18,0.99
226451,0.00,-0.18,0.99
226461,-0.00,-0.18,0.98
226471,-0.01,-0.19,0.97
226480,-0.01,-0.18,0.97
226490,-0.01,-0.18,0.97
226500,-0.02,-0.18,0.97
226509,-0.02,-0.18,0.97
226519,-0.01,-0.18,0.97
226528,-0.01,-0.18,0.97
226538,-0.01,-0.19,0.98
226548,-0.02,-0.19,0.98
226557,-0.02,-0.19,0.98
226567,-0.03,-0.19,0.98
226576,-0.03,-0.19,0.98
226586,-0.02,-0.19,0.98
226596,-0.02,-0.19,0.98
226605,-0.02,-0.19,0.97
226615,-0.01,-0.19,0.97
226625,-0.02,-0.20,0.97
226634,-0.02,-0.20,0.97
226644,-0.01,-0.19,0.97
226653,-0.02,-0.20,0.97
226663,-0.02,-0.20,0.98
226673,-0.02,-0.19,0.98
226682,-0.03,-0.19,0.98
226692,-0.03,-0.19,0.98
226701,-0.03,-0.19,0.98
226711,-0.02,-0.19,0.98
226721,-0.02,-0.19,0.98
226730,-0.02,-0.19,0.98
226740,-0.02,-0.20,0.98
226750,-0.02,-0.19,0.98
226759,-0.02,-0.18,0.98
226769,-0.02,-0.18,0.98
226778,-0.02,-0.17,0.98
226788,-0.02,-0.18,0.98
226798,-0.02,-0.19,0.98
226807,-0.02,-0.20,0.97
226817,-0.01,-0.20,0.98
226826,-0.01,-0.20,0.98
226836,-0.01,-0.20,0.98
226846,-0.01,-0.20,0.98
226855,-0.01,-0.20,0.98
226865,-0.01,-0.19,0.98
226875,-0.02,-0.18,0.98
226884,-0.02,-0.18,0.98
226894,-0.02,-0.17,0.98
226903,-0.02,-0.17,0.98
226913,-0.02,-0.17,0.98
226923,-0.02,-0.18,0.98
226932,-0.02,-0.18,0.98
226942,-0.02,-0.19,0.98
226951,-0.02,-0.19,0.98
226961,-0.02,-0.19,0.98
226971,-0.02,-0.20,0.98
226980,-0.02,-0.20,0.99
226990,-0.02,-0.20,0.98
227000,-0.01,-0.19,0.98
227009,-0.01,-0.19,0.98
227019,-0.01,-0.18,0.98
227028,-0.01,-0.18,0.98
227038,-0.01,-0.18,0.98
227048,-0.02,-0.18,0.98
227057,-0.02,-0.19,0.98
227067,-0.02,-0.19,0.98
227076,-0.02,-0.19,0.98
227086,-0.02,-0.19,0.98
227096,-0.02,-0.19,0.98
227105,-0.02,-0.19,0.98
227115,-0.01,-0.19,0.97
227125,-0.01,-0.19,0.97
227134,-0.02,-0.18,0.98
227144,-0.02,-0.18,0.98
227153,-0.02,-0.18,0.98
227163,-0.02,-0.18,0.99
227173,-0.03,-0.18,0.99
227182,-0.03,-0.18,0.98
227192,-0.03,-0.19,0.98
227201,-0.03,-0.19,0.97
227211,-0.03,-0.19,0.97
227221,-0.03,-0.18,0.97
227230,-0.03,-0.18,0.97
227240,-0.03,-0.18,0.97
227250,-0.02,-0.18,0.97
227259,-0.02,-0.18,0.98
227269,-0.02,-0.19,0.98
227278,-0.02,-0.19,0.98
227288,-0.02,-0.19,0.99
227298,-0.02,-0.19,0.98
227307,-0.02,-0.18,0.98
227317,-0.02,-0.18,0.98
227326,-0.02,-0.18,0.98
227336,-0.02,-0.18,0.98
227346,-0.02,-0.18,0.98
227355,-0.02,-0.18,0.98
227365,-0.02,-0.18,0.98
227375,-0.02,-0.18,0.98
227384,-0.01,-0.18,0.98
227394,-0.01,-0.18,0.98
227403,-0.01,-0.18,0.98
227413,-0.01,-0.18,0.98
227423,-0.01,-0.19,0.98
227432,-0.01,-0.20,0.98
227442,-0.01,-0.20,0.98
227451,-0.01,-0.20,0.98
227461,-0.01,-0.19,0.98
227471,-0.01,-0.19,0.98
227480,-0.01,-0.18,0.98
227490,-0.01,-0.18,0.98
227500,-0.01,-0.18,0.98
227509,-0.01,-0.18,0.98
227519,-0.01,-0.18,0.98
227528,-0.01,-0.19,0.98
227538,-0.01,-0.19,0.98
227548,-0.00,-0.20,0.98
227557,0.00,-0.20,0.97
227567,0.01,-0.20,0.97
227576,0.01,-0.20,0.97
227586,0.01,-0.19,0.97
227596,0.01,-0.19,0.98
227605,0.01,-0.18,0.98
227615,0.00,-0.19,0.98
227625,0.00,-0.19,0.99
227634,0.00,-0.19,0.99
227644,0.00,-0.19,0.99
227653,0.00,-0.19,0.99
227663,0.00,-0.19,0.98
227673,-0.00,-0.19,0.98
227682,-0.00,-0.19,0.97
227692,-0.01,-0.19,0.97
227701,-0.00,-0.20,0.97
227711,-0.00,-0.20,0.97
227721,-0.00,-0.19,0.97
227730,-0.00,-0.19,0.97
227740,-0.00,-0.18,0.97
227750,-0.00,-0.18,0.97
227759,-0.00,-0.18,0.98
227769,-0.00,-0.18,0.97
227778,-0.00,-0.19,0.98
227788,-0.01,-0.19,0.98
227798,-0.01,-0.19,0.99
227807,-0.01,-0.19,0.99
227817,-0.01,-0.19,0.99
227826,-0.00,-0.19,0.98
227836,-0.00,-0.19,0.98
227846,-0.00,-0.19,0.98
227855,0.00,-0.19,0.98
227865,0.00,-0.19,0.98
227875,0.00,-0.19,0.98
227884,-0.00,-0.19,0.98
227894,-0.00,-0.19,0.98
227903,-0.00,-0.18,0.98
227913,-0.00,-0.18,0.98
227923,-0.00,-0.18,0.98
227932,-0.00,-0.18,0.97
227942,-0.00,-0.19,0.97
227951,-0.00,-0.19,0.97
227961,-0.00,-0.19,0.98
227971,-0.01,-0.20,0.98
227980,-0.01,-0.20,0.98
227990,-0.01,-0.20,0.99
228000,-0.01,-0.20,0.99
228009,-0.00,-0.20,0.98
228019,-0.00,-0.19,0.98
228028,-0.00,-0.19,0.97
228038,0.00,-0.19,0.97
228048,-0.00,-0.19,0.97
228057,-0.00,-0.19,0.97
228067,-0.00,-0.20,0.97
228076,-0.00,-0.19,0.98
228086,-0.00,-0.20,0.98
228096,-0.00,-0.20,0.98
228105,-0.00,-0.20,0.98
228115,-0.00,-0.20,0.98
228125,-0.00,-0.20,0.98
228134,-0.00,-0.20,0.98
228144,0.00,-0.20,0.97
228153,0.00,-0.21,0.97
228163,0.00,-0.21,0.97
228173,0.00,-0.20,0.97
228182,0.00,-0.20,0.97
228192,-0.00,-0.20,0.98
228201,-0.00,-0.20,0.98
228211,-0.00,-0.20,0.98
228221,-0.00,-0.20,0.98
228230,-0.00,-0.20,0.98
228240,0.00,-0.21,0.97
228250,0.01,-0.21,0.97
228259,0.01,-0.21,0.97
228269,0.01,-0.21,0.97
228278,0.01,-0.20,0.97
228288,0.00,-0.20,0.98
228298,0.00,-0.20,0.98
228307,0.00,-0.20,0.98
228317,0.00,-0.20,0.98
228326,0.00,-0.20,0.98
228336,-0.00,-0.20,0.98
228346,0.00,-0.20,0.97
228355,0.01,-0.20,0.97
228365,0.01,-0.20,0.97
228375,0.00,-0.20,0.97
228384,0.00,-0.20,0.97
228394,0.00,-0.21,0.97
228403,-0.00,-0.21,0.98
228413,-0.00,-0.21,0.98
228423,-0.00,-0.21,0.98
228432,-0.00,-0.21,0.98
228442,0.00,-0.21,0.98
228451,0.00,-0.21,0.97
228461,0.00,-0.21,0.97
228471,0.01,-0.21,0.97
228480,0.01,-0.21,0.97
228490,0.00,-0.20,0.97
228500,0.00,-0.20,0.97
228509,0.00,-0.20,0.98
228519,0.01,-0.20,0.97
228528,0.01,-0.20,0.97
228538,0.01,-0.20,0.97
228548,0.01,-0.20,0.97
228557,0.01,-0.19,0.97
228567,0.01,-0.19,0.97
228576,0.01,-0.19,0.97
228586,0.01,-0.20,0.98
228596,0.01,-0.20,0.98
228605,0.00,-0.20,0.98
228615,0.00,-0.21,0.98
228625,0.00,-0.21,0.98
228634,0.00,-0.20,0.98
228644,0.01,-0.20,0.98
228653,0.01,-0.20,0.98
228663,0.01,-0.21,0.98
228673,0.01,-0.21,0.98
228682,0.01,-0.20,0.98
228692,0.01,-0.20,0.98
228701,0.01,-0.20,0.97
228711,0.01,-0.19,0.97
228721,0.01,-0.20,0.97
228730,0.01,-0.20,0.97
228740,0.01,-0.21,0.98
228750,0.01,-0.21,0.97
228759,0.01,-0.20,0.97
228769,0.01,-0.20,0.97
228778,0.01,-0.20,0.97
228788,0.01,-0.20,0.97
228798,0.01,-0.20,0.97
228807,0.01,-0.20,0.97
228817,0.01,-0.21,0.97
228826,0.01,-0.21,0.97
228836,0.00,-0.21,0.97
228846,0.00,-0.22,0.97
228855,0.01,-0.21,0.96
228865,0.01,-0.21,0.96
228875,0.01,-0.21,0.96
228884,0.01,-0.20,0.96
228894,0.01,-0.20,0.96
228903,0.01,-0.20,0.96
228913,0.01,-0.21,0.96
228923,0.01,-0.21,0.96
228932,0.01,-0.22,0.96
228942,0.02,-0.22,0.97
228951,0.02,-0.22,0.97
228961,0.01,-0.21,0.97
228971,0.01,-0.21,0.97
228980,0.01,-0.21,0.98
228990,0.01,-0.20,0.98
229000,0.01,-0.20,0.98
229009,0.01,-0.21,0.99
229019,0.00,-0.21,0.99
229028,0.00,-0.22,0.99
229038,0.00,-0.22,0.98
229048,0.01,-0.22,0.98
229057,0.01,-0.22,0.97
229067,0.01,-0.21,0.96
229076,0.01,-0.21,0.96
229086,0.01,-0.20,0.96
229096,0.02,-0.21,0.96
229105,0.01,-0.21,0.96
229115,0.01,-0.21,0.97
229125,0.01,-0.21,0.97
229134,0.01,-0.20,0.97
229144,0.01,-0.20,0.97
229153,0.01,-0.21,0.97
229163,0.01,-0.22,0.97
229173,0.01,-0.22,0.98
229182,0.01,-0.22,0.98
229192,0.01,-0.21,0.98
229201,0.01,-0.21,0.97
229211,0.01,-0.20,0.97
229221,0.01,-0.20,0.97
229230,0.01,-0.20,0.97
229240,0.01,-0.21,0.97
229250,0.01,-0.21,0.97
229259,0.00,-0.21,0.97
229269,0.00,-0.21,0.97
229278,0.00,-0.21,0.98
229288,0.00,-0.21,0.97
229298,0.00,-0.21,0.97
229307,0.00,-0.21,0.97
229317,-0.00,-0.21,0.97
229326,-0.00,-0.21,0.97
229336,-0.00,-0.21,0.97
229346,0.00,-0.21,0.97
229355,0.00,-0.21,0.97
229365,0.00,-0.21,0.97
229375,0.00,-0.21,0.97
229384,0.00,-0.21,0.97
229394,-0.00,-0.21,0.97
229403,-0.00,-0.21,0.98
229413,-0.00,-0.21,0.98
229423,-0.00,-0.21,0.98
229432,-0.00,-0.21,0.98
229442,-0.00,-0.21,0.97
229451,0.00,-0.21,0.97
229461,0.00,-0.21,0.97
229471,0.00,-0.21,0.97
229480,-0.00,-0.21,0.98
229490,-0.00,-0.22,0.98
229500,-0.00,-0.22,0.97
229509,-0.00,-0.22,0.97
229519,-0.00,-0.22,0.97
229528,-0.00,-0.21,0.98
229538,-0.00,-0.21,0.98
229548,-0.00,-0.20,0.97
229557,-0.01,-0.20,0.97
229567,-0.01,-0.20,0.98
229576,-0.01,-0.20,0.98
229586,-0.01,-0.21,0.98
229596,-0.01,-0.22,0.98
229605,-0.00,-0.22,0.98
229615,-0.00,-0.23,0.97
229625,0.00,-0.22,0.97
229634,0.00,-0.22,0.97
229644,0.00,-0.21,0.97
229653,0.00,-0.21,0.97
229663,-0.00,-0.21,0.97
229673,-0.01,-0.21,0.98
229682,-0.01,-0.21,0.98
229692,-0.01,-0.21,0.98
229701,-0.01,-0.21,0.98
229711,-0.01,-0.21,0.98
229721,-0.01,-0.21,0.98
229730,-0.01,-0.21,0.97
229740,-0.01,-0.21,0.97
229750,-0.01,-0.21,0.97
229759,-0.01,-0.21,0.97
229769,-0.01,-0.21,0.97
229778,-0.01,-0.22,0.97
229788,-0.01,-0.22,0.97
229798,-0.01,-0.21,0.97
229807,-0.01,-0.21,0.97
229817,-0.01,-0.21,0.97
229826,-0.01,-0.21,0.97
229836,-0.01,-0.22,0.98
229846,-0.01,-0.22,0.98
229855,-0.01,-0.22,0.98
229865,-0.01,-0.22,0.97
229875,-0.01,-0.22,0.97
229884,-0.00,-0.21,0.97
229894,0.00,-0.21,0.96
229903,-0.00,-0.21,0.97
229913,-0.01,-0.21,0.97
229923,-0.01,-0.21,0.98
229932,-0.01,-0.21,0.98
229942,-0.01,-0.21,0.98
229951,-0.01,-0.21,0.97
229961,-0.01,-0.21,0.97
229971,-0.01,-0.21,0.97
229980,-0.01,-0.21,0.97
229990,-0.01,-0.21,0.97
230000,-0.01,-0.22,0.98
230009,-0.01,-0.22,0.98
230019,-0.02,-0.23,0.98
230028,-0.02,-0.23,0.98
230038,-0.02,-0.22,0.98
230048,-0.02,-0.21,0.97
230057,-0.01,-0.21,0.97
230067,-0.01,-0.21,0.96
230076,-0.01,-0.21,0.96
230086,-0.01,-0.21,0.96
230096,-0.02,-0.21,0.97
230105,-0.02,-0.21,0.97
230115,-0.02,-0.21,0.98
230125,-0.02,-0.22,0.98
230134,-0.02,-0.22,0.97
230144,-0.02,-0.22,0.97
230153,-0.02,-0.21,0.97
230163,-0.02,-0.20,0.97
230173,-0.02,-0.20,0.97
230182,-0.02,-0.20,0.97
230192,-0.02,-0.21,0.97
230201,-0.02,-0.21,0.98
230211,-0.02,-0.21,0.98
230221,-0.02,-0.21,0.98
230230,-0.02,-0.21,0.98
230240,-0.02,-0.20,0.98
230250,-0.02,-0.20,0.98
230259,-0.02,-0.20,0.98
230269,-0.02,-0.21,0.98
230278,-0.02,-0.21,0.98
230288,-0.02,-0.21,0.98
230298,-0.02,-0.21,0.98
230307,-0.02,-0.22,0.97
230317,-0.02,-0.22,0.97
230326,-0.02,-0.21,0.97
230336,-0.01,-0.21,0.96
230346,-0.01,-0.20,0.97
230355,-0.01,-0.20,0.97
230365,-0.02,-0.20,0.97
230375,-0.02,-0.19,0.97
230384,-0.02,-0.19,0.97
230394,-0.02,-0.19,0.98
230403,-0.02,-0.19,0.98
230413,-0.02,-0.19,0.98
230423,-0.02,-0.20,0.98
230432,-0.02,-0.20,0.98
230442,-0.02,-0.20,0.98
230451,-0.02,-0.21,0.98
230461,-0.02,-0.21,0.98
230471,-0.02,-0.21,0.98
230480,-0.02,-0.20,0.98
230490,-0.02,-0.20,0.98
230500,-0.02,-0.20,0.98
230509,-0.02,-0.20,0.98
230519,-0.02,-0.20,0.98
230528,-0.02,-0.20,0.98
230538,-0.02,-0.20,0.97
230548,-0.02,-0.19,0.97
230557,-0.02,-0.19,0.97
230567,-0.02,-0.19,0.97
230576,-0.02,-0.19,0.97
230586,-0.02,-0.19,0.97
230596,-0.02,-0.19,0.97
230605,-0.02,-0.19,0.98
230615,-0.02,-0.19,0.98
230625,-0.02,-0.19,0.98
230634,-0.02,-0.19,0.98
230644,-0.02,-0.19,0.98
230653,-0.02,-0.19,0.98
230663,-0.02,-0.19,0.98
230673,-0.02,-0.19,0.98
230682,-0.02,-0.19,0.98
230692,-0.02,-0.19,0.98
230701,-0.02,-0.18,0.97
230711,-0.02,-0.18,0.97
230721,-0.02,-0.18,0.97
230730,-0.02,-0.18,0.97
230740,-0.02,-0.18,0.98
230750,-0.02,-0.18,0.98
230759,-0.02,-0.19,0.99
230769,-0.02,-0.19,0.98
230778,-0.02,-0.20,0.98
230788,-0.02,-0.19,0.98
230798,-0.02,-0.19,0.98
230807,-0.02,-0.18,0.97
230817,-0.02,-0.18,0.97
230826,-0.02,-0.18,0.97
230836,-0.02,-0.18,0.98
230846,-0.02,-0.18,0.98
230855,-0.02,-0.19,0.98
230865,-0.02,-0.19,0.98
230875,-0.03,-0.19,0.99
230884,-0.03,-0.19,0.99
230894,-0.03,-0.19,0.99
230903,-0.02,-0.19,0.98
230913,-0.02,-0.18,0.98
230923,-0.02,-0.17,0.98
230932,-0.02,-0.17,0.98
230942,-0.02,-0.17,0.98
230951,-0.02,-0.17,0.98
230961,-0.02,-0.17,0.98
230971,-0.03,-0.18,0.98
230980,-0.03,-0.18,0.98
230990,-0.03,-0.18,0.98
231000,-0.02,-0.17,0.98
231009,-0.02,-0.17,0.98
231019,-0.02,-0.17,0.98
231028,-0.02,-0.17,0.97
231038,-0.02,-0.18,0.98
231048,-0.02,-0.18,0.98
231057,-0.02,-0.18,0.98
231067,-0.02,-0.17,0.98
231076,-0.02,-0.17,0.98
231086,-0.02,-0.16,0.98
231096,-0.02,-0.16,0.98
231105,-0.02,-0.15,0.98
231115,-0.02,-0.16,0.98
231125,-0.03,-0.16,0.98
231134,-0.03,-0.17,0.99
231144,-0.03,-0.17,0.99
231153,-0.03,-0.18,0.99
231163,-0.03,-0.18,0.99
231173,-0.03,-0.18,0.99
231182,-0.02,-0.17,0.98
231192,-0.02,-0.17,0.98
231201,-0.02,-0.16,0.98
231211,-0.02,-0.16,0.98
231221,-0.03,-0.16,0.98
231230,-0.03,-0.16,0.98
231240,-0.03,-0.16,0.98
231250,-0.03,-0.17,0.98
231259,-0.03,-0.17,0.98
231269,-0.03,-0.17,0.98
231278,-0.03,-0.17,0.98
231288,-0.03,-0.17,0.98
231298,-0.03,-0.16,0.98
231307,-0.03,-0.16,0.98
231317,-0.02,-0.16,0.98
231326,-0.02,-0.16,0.98
231336,-0.02,-0.16,0.98
231346,-0.02,-0.16,0.98
231355,-0.02,-0.16,0.98
231365,-0.03,-0.16,0.98
231375,-0.03,-0.17,0.98
231384,-0.03,-0.17,0.98
231394,-0.03,-0.17,0.98
231403,-0.03,-0.17,0.98
231413,-0.03,-0.17,0.98
231423,-0.02,-0.17,0.98
231432,-0.02,-0.16,0.98
231442,-0.02,-0.17,0.98
231451,-0.02,-0.17,0.98
231461,-0.03,-0.17,0.98
231471,-0.03,-0.17,0.98
231480,-0.02,-0.17,0.98
231490,-0.02,-0.17,0.98
231500,-0.02,-0.17,0.98
231509,-0.03,-0.17,0.98
231519,-0.03,-0.17,0.98
231528,-0.03,-0.17,0.98
231538,-0.03,-0.17,0.98
231548,-0.03,-0.17,0.98
231557,-0.02,-0.17,0.98
231567,-0.02,-0.16,0.98
231576,-0.02,-0.17,0.98
231586,-0.02,-0.17,0.98
231596,-0.02,-0.17,0.98
231605,-0.02,-0.17,0.98
231615,-0.02,-0.18,0.98
231625,-0.03,-0.17,0.98
231634,-0.03,-0.17,0.99
231644,-0.03,-0.17,0.99
231653,-0.03,-0.16,0.98
231663,-0.02,-0.16,0.98
231673,-0.03,-0.16,0.98
231682,-0.03,-0.16,0.98
231692,-0.03,-0.16,0.98
231701,-0.02,-0.17,0.98
231711,-0.02,-0.17,0.98
231721,-0.02,-0.18,0.98
231730,-0.02,-0.18,0.98
231740,-0.02,-0.18,0.98
231750,-0.02,-0.18,0.98
231759,-0.02,-0.17,0.98
231769,-0.02,-0.17,0.98
231778,-0.02,-0.16,0.98
231788,-0.02,-0.16,0.98
231798,-0.03,-0.16,0.99
231807,-0.03,-0.16,0.99
231817,-0.03,-0.15,0.99
231826,-0.03,-0.15,0.99
231836,-0.03,-0.16,0.99
231846,-0.03,-0.17,0.99
231855,-0.03,-0.18,0.99
231865,-0.02,-0.18,0.98
231875,-0.02,-0.18,0.98
231884,-0.02,-0.18,0.98
231894,-0.01,-0.16,0.98
231903,-0.01,-0.15,0.98
231913,-0.01,-0.15,0.99
231923,-0.02,-0.15,0.99
231932,-0.02,-0.15,1.00
231942,-0.02,-0.16,1.00
231951,-0.03,-0.17,1.00
231961,-0.03,-0.18,1.01
231971,-0.04,-0.18,1.01
231980,-0.04,-0.19,1.02
231990,-0.04,-0.19,1.02
232000,-0.04,-0.20,1.02
232009,-0.03,-0.19,1.01
232019,-0.03,-0.19,1.01
232028,-0.03,-0.18,1.00
232038,-0.02,-0.18,0.98
232048,-0.02,-0.17,0.96
232057,-0.02,-0.18,0.93
232067,-0.03,-0.17,0.92
232076,-0.03,-0.14,0.92
232086,-0.02,-0.10,0.92
232096,-0.01,-0.08,0.93
232105,-0.00,-0.08,0.92
232115,0.01,-0.10,0.91
232125,0.02,-0.13,0.91
232134,0.02,-0.16,0.93
232144,0.01,-0.19,0.96
232153,-0.00,-0.22,0.99
232163,-0.02,-0.24,1.01
232173,-0.03,-0.25,1.03
232182,-0.04,-0.26,1.04
232192,-0.05,-0.26,1.05
232201,-0.05,-0.25,1.04
232211,-0.05,-0.22,1.02
232221,-0.04,-0.19,1.00
232230,-0.04,-0.16,0.99
232240,-0.04,-0.13,0.98
232250,-0.04,-0.12,0.97
232259,-0.05,-0.12,0.96
232269,-0.05,-0.13,0.96
232278,-0.04,-0.13,0.95
232288,-0.04,-0.13,0.95
232298,-0.02,-0.12,0.95
232307,-0.01,-0.12,0.95
232317,0.00,-0.14,0.95
232326,0.01,-0.16,0.95
232336,0.02,-0.18,0.95
232346,0.02,-0.20,0.97
232355,0.01,-0.21,0.99
232365,-0.01,-0.22,1.00
232375,-0.02,-0.22,1.01
232384,-0.02,-0.22,1.02
232394,-0.03,-0.22,1.01
232403,-0.03,-0.22,1.01
232413,-0.03,-0.21,1.00
232423,-0.04,-0.21,0.99
232432,-0.04,-0.20,0.99
232442,-0.04,-0.19,0.99
232451,-0.03,-0.18,0.98
232461,-0.03,-0.18,0.97
232471,-0.03,-0.17,0.95
232480,-0.02,-0.17,0.95
232490,-0.02,-0.16,0.94
232500,-0.01,-0.16,0.94
232509,-0.01,-0.15,0.95
232519,-0.02,-0.16,0.96
232528,-0.02,-0.16,0.97
232538,-0.02,-0.18,0.98
232548,-0.03,-0.18,0.99
232557,-0.02,-0.19,1.00
232567,-0.02,-0.19,1.00
232576,-0.02,-0.19,1.00
232586,-0.02,-0.19,1.00
232596,-0.02,-0.19,1.00
232605,-0.02,-0.19,1.00
232615,-0.03,-0.19,1.01
232625,-0.03,-0.17,1.01
232634,-0.03,-0.16,1.01
232644,-0.03,-0.16,1.00
232653,-0.03,-0.16,0.98
232663,-0.02,-0.17,0.98
232673,-0.03,-0.19,0.98
232682,-0.04,-0.20,0.98
232692,-0.05,-0.20,0.98
232701,-0.05,-0.20,0.99
232711,-0.05,-0.20,0.98
232721,-0.04,-0.19,0.97
232730,-0.03,-0.18,0.96
232740,-0.02,-0.17,0.95
232750,-0.01,-0.16,0.94
232759,0.00,-0.15,0.94
232769,0.01,-0.15,0.94
232778,0.01,-0.15,0.94
232788,0.01,-0.16,0.95
232798,0.00,-0.17,0.96
232807,-0.00,-0.18,0.98
232817,-0.01,-0.19,0.99
232826,-0.02,-0.20,1.00
232836,-0.02,-0.20,1.00
232846,-0.02,-0.20,1.00
232855,-0.02,-0.20,1.00
232865,-0.03,-0.19,1.00
232875,-0.03,-0.19,0.99
232884,-0.04,-0.18,0.99
232894,-0.04,-0.17,0.99
232903,-0.04,-0.17,0.98
232913,-0.04,-0.16,0.98
232923,-0.04,-0.16,0.97
232932,-0.04,-0.16,0.97
232942,-0.03,-0.16,0.96
232951,-0.03,-0.16,0.96
232961,-0.03,-0.17,0.96
232971,-0.02,-0.17,0.96
232980,-0.02,-0.17,0.97
232990,-0.02,-0.17,0.97
233000,-0.02,-0.18,0.97
233009,-0.02,-0.19,0.98
233019,-0.02,-0.20,0.98
233028,-0.02,-0.20,0.98
233038,-0.02,-0.20,0.99
233048,-0.02,-0.19,1.00
233057,-0.02,-0.19,1.00
233067,-0.02,-0.18,0.99
233076,-0.02,-0.18,0.99
233086,-0.02,-0.17,0.99
233096,-0.03,-0.18,0.98
233105,-0.03,-0.18,0.98
233115,-0.03,-0.18,0.97
233125,-0.02,-0.19,0.97
233134,-0.02,-0.19,0.97
233144,-0.02,-0.19,0.96
233153,-0.02,-0.19,0.97
233163,-0.02,-0.19,0.97
233173,-0.02,-0.19,0.97
233182,-0.02,-0.19,0.97
233192,-0.02,-0.18,0.97
233201,-0.02,-0.18,0.97
233211,-0.02,-0.17,0.97
233221,-0.02,-0.17,0.97
233230,-0.01,-0.17,0.97
233240,-0.01,-0.17,0.97
233250,-0.01,-0.17,0.98
233259,-0.02,-0.18,0.99
233269,-0.02,-0.19,0.99
233278,-0.03,-0.20,0.99
233288,-0.04,-0.21,0.99
233298,-0.05,-0.20,0.99
233307,-0.05,-0.19,1.00
233317,-0.04,-0.18,0.99
233326,-0.02,-0.17,0.99
233336,-0.01,-0.17,0.98
233346,-0.00,-0.18,0.97
233355,0.01,-0.19,0.97
233365,0.00,-0.21,0.96
233375,-0.00,-0.21,0.96
233384,-0.00,-0.20,0.96
233394,-0.01,-0.19,0.97
233403,-0.01,-0.18,0.98
233413,-0.01,-0.18,0.98
233423,-0.01,-0.17,0.98
233432,-0.01,-0.17,0.98
233442,-0.02,-0.17,0.98
233451,-0.04,-0.17,0.98
233461,-0.05,-0.17,0.99
233471,-0.06,-0.17,0.99
233480,-0.05,-0.18,0.99
233490,-0.04,-0.18,0.98
233500,-0.03,-0.18,0.97
233509,-0.01,-0.18,0.96
233519,-0.01,-0.18,0.96
233528,-0.01,-0.19,0.96
233538,-0.02,-0.19,0.97
233548,-0.02,-0.18,0.98
233557,-0.03,-0.18,0.99
233567,-0.03,-0.18,1.00
233576,-0.03,-0.19,1.00
233586,-0.03,-0.20,0.99
233596,-0.02,-0.20,0.98
233605,-0.02,-0.20,0.98
233615,-0.01,-0.20,0.98
233625,-0.01,-0.20,0.98
233634,-0.00,-0.21,0.97
233644,-0.00,-0.23,0.97
233653,-0.01,-0.24,0.97
233663,-0.01,-0.24,0.97
233673,-0.01,-0.24,0.97
233682,-0.02,-0.24,0.98
233692,-0.02,-0.22,0.98
233701,-0.02,-0.20,0.98
233711,-0.02,-0.19,0.99
233721,-0.02,-0.18,0.99
233730,-0.03,-0.17,0.99
233740,-0.03,-0.17,0.99
233750,-0.04,-0.18,0.98
233759,-0.03,-0.18,0.98
233769,-0.03,-0.18,0.97
233778,-0.02,-0.18,0.96
233788,-0.01,-0.18,0.96
233798,-0.01,-0.19,0.96
233807,-0.01,-0.19,0.96
233817,-0.01,-0.20,0.96
233826,-0.02,-0.21,0.97
233836,-0.02,-0.21,0.98
233846,-0.02,-0.22,0.98
233855,-0.02,-0.23,0.98
233865,-0.01,-0.23,0.98
233875,-0.01,-0.21,0.98
233884,-0.01,-0.19,0.98
233894,-0.01,-0.18,0.99
233903,-0.01,-0.16,0.99
233913,-0.03,-0.15,1.00
233923,-0.04,-0.13,1.01
233932,-0.05,-0.12,1.01
233942,-0.04,-0.12,1.00
233951,-0.03,-0.13,0.98
233961,-0.02,-0.15,0.96
233971,-0.01,-0.16,0.95
233980,-0.00,-0.18,0.95
233990,-0.01,-0.19,0.95
234000,-0.01,-0.20,0.96
234009,-0.01,-0.21,0.97
234019,-0.01,-0.21,0.98
234028,-0.02,-0.21,0.98
234038,-0.02,-0.20,0.99
234048,-0.03,-0.19,1.00
234057,-0.03,-0.19,1.00
234067,-0.03,-0.19,0.99
234076,-0.03,-0.19,0.99
234086,-0.03,-0.19,0.98
234096,-0.02,-0.19,0.98
234105,-0.03,-0.19,0.97
234115,-0.02,-0.18,0.96
234125,-0.02,-0.17,0.96
234134,-0.02,-0.17,0.96
234144,-0.02,-0.17,0.96
234153,-0.02,-0.17,0.96
234163,-0.02,-0.18,0.97
234173,-0.02,-0.19,0.97
234182,-0.03,-0.19,0.98
234192,-0.03,-0.19,0.98
234201,-0.03,-0.19,0.98
234211,-0.02,-0.18,0.98
234221,-0.02,-0.18,0.99
234230,-0.02,-0.17,0.99
234240,-0.02,-0.17,0.99
234250,-0.02,-0.17,0.99
234259,-0.02,-0.17,0.99
234269,-0.02,-0.17,0.98
234278,-0.02,-0.17,0.98
234288,-0.01,-0.17,0.97
234298,-0.02,-0.18,0.97
234307,-0.02,-0.18,0.97
234317,-0.02,-0.18,0.97
234326,-0.02,-0.18,0.98
234336,-0.02,-0.18,0.98
234346,-0.03,-0.18,0.98
234355,-0.03,-0.18,0.98
234365,-0.03,-0.17,0.99
234375,-0.03,-0.17,0.99
234384,-0.03,-0.17,0.98
234394,-0.03,-0.17,0.98
234403,-0.03,-0.17,0.98
234413,-0.03,-0.18,0.98
234423,-0.03,-0.18,0.99
234432,-0.03,-0.19,0.99
234442,-0.03,-0.19,0.98
234451,-0.02,-0.19,0.98
234461,-0.02,-0.20,0.98
234471,-0.02,-0.20,0.97
234480,-0.02,-0.20,0.97
234490,-0.02,-0.20,0.97
234500,-0.02,-0.20,0.97
234509,-0.02,-0.19,0.97
234519,-0.02,-0.19,0.98
234528,-0.03,-0.18,0.98
234538,-0.03,-0.18,0.98
234548,-0.03,-0.18,0.98
234557,-0.03,-0.19,0.98
234567,-0.03,-0.19,0.97
234576,-0.02,-0.19,0.97
234586,-0.02,-0.19,0.97
234596,-0.02,-0.19,0.97
234605,-0.02,-0.18,0.97
234615,-0.02,-0.18,0.97
234625,-0.03,-0.18,0.98
234634,-0.03,-0.18,0.98
234644,-0.03,-0.18,0.99
234653,-0.03,-0.18,0.99
234663,-0.03,-0.17,0.99
234673,-0.03,-0.17,0.99
234682,-0.02,-0.17,0.99
234692,-0.02,-0.18,0.98
234701,-0.02,-0.18,0.98
234711,-0.03,-0.19,0.98
234721,-0.03,-0.19,0.99
234730,-0.03,-0.20,0.99
234740,-0.03,-0.20,0.98
234750,-0.03,-0.19,0.98
234759,-0.02,-0.19,0.97
234769,-0.02,-0.18,0.97
234778,-0.01,-0.17,0.96
234788,-0.01,-0.17,0.96
234798,-0.02,-0.17,0.96
234807,-0.02,-0.17,0.97
234817,-0.02,-0.17,0.98
234826,-0.03,-0.18,0.98
234836,-0.03,-0.18,0.98
234846,-0.02,-0.19,0.98
234855,-0.02,-0.19,0.98
234865,-0.02,-0.19,0.98
234875,-0.02,-0.18,0.98
234884,-0.02,-0.18,0.99
234894,-0.03,-0.18,0.99
234903,-0.03,-0.18,1.00
234913,-0.03,-0.18,1.00
234923,-0.03,-0.18,0.99
234932,-0.03,-0.17,0.99
234942,-0.03,-0.15,0.98
234951,-0.02,-0.15,0.98
234961,-0.02,-0.16,0.97
234971,-0.02,-0.16,0.97
234980,-0.02,-0.17,0.97
234990,-0.02,-0.18,0.97
235000,-0.02,-0.18,0.97
235009,-0.03,-0.18,0.98
235019,-0.03,-0.19,0.98
235028,-0.04,-0.18,0.99
235038,-0.04,-0.18,0.99
235048,-0.04,-0.17,0.99
235057,-0.03,-0.17,0.98
235067,-0.03,-0.17,0.98
235076,-0.03,-0.17,0.97
235086,-0.02,-0.17,0.98
235096,-0.02,-0.17,0.98
235105,-0.02,-0.17,0.98
235115,-0.02,-0.17,0.98
235125,-0.02,-0.18,0.98
235134,-0.02,-0.18,0.98
235144,-0.02,-0.18,0.98
235153,-0.02,-0.18,0.98
235163,-0.02,-0.17,0.98
235173,-0.02,-0.17,0.98
235182,-0.03,-0.18,0.98
235192,-0.03,-0.18,0.98
235201,-0.03,-0.18,0.98
235211,-0.03,-0.18,0.99
235221,-0.03,-0.18,0.98
235230,-0.03,-0.17,0.98
235240,-0.03,-0.17,0.98
235250,-0.02,-0.17,0.98
235259,-0.02,-0.18,0.97
235269,-0.02,-0.18,0.98
235278,-0.03,-0.19,0.98
235288,-0.03,-0.20,0.98
235298,-0.03,-0.19,0.98
235307,-0.03,-0.17,0.98
235317,-0.03,-0.16,0.99
235326,-0.03,-0.14,0.99
235336,-0.03,-0.14,0.98
235346,-0.02,-0.15,0.98
235355,-0.02,-0.16,0.99
235365,-0.03,-0.17,0.99
235375,-0.03,-0.19,1.00
235384,-0.03,-0.20,1.00
235394,-0.03,-0.20,1.00
235403,-0.03,-0.20,0.99
235413,-0.03,-0.19,0.99
235423,-0.03,-0.19,0.98
235432,-0.04,-0.19,0.97
235442,-0.04,-0.19,0.97
235451,-0.03,-0.19,0.95
235461,-0.02,-0.20,0.94
235471,-0.01,-0.20,0.94
235480,0.00,-0.20,0.93
235490,0.01,-0.20,0.93
235500,0.01,-0.19,0.94
235509,0.01,-0.19,0.95
235519,-0.00,-0.18,0.97
235528,-0.01,-0.17,0.99
235538,-0.02,-0.17,1.01
235548,-0.03,-0.17,1.02
235557,-0.04,-0.18,1.02
235567,-0.04,-0.18,1.02
235576,-0.05,-0.18,1.02
235586,-0.05,-0.17,1.02
235596,-0.05,-0.16,1.02
235605,-0.05,-0.16,1.01
235615,-0.05,-0.16,1.00
235625,-0.03,-0.17,0.98
235634,-0.02,-0.19,0.96
235644,-0.00,-0.20,0.94
235653,0.00,-0.21,0.93
235663,-0.00,-0.21,0.93
235673,-0.01,-0.20,0.94
235682,-0.02,-0.19,0.96
235692,-0.03,-0.18,0.97
235701,-0.04,-0.17,0.99
235711,-0.04,-0.17,0.99
235721,-0.04,-0.16,1.00
235730,-0.04,-0.17,1.00
235740,-0.04,-0.18,1.00
235750,-0.03,-0.18,1.00
235759,-0.03,-0.19,0.99
235769,-0.03,-0.19,0.99
235778,-0.03,-0.19,0.99
235788,-0.03,-0.20,0.98
235798,-0.03,-0.20,0.98
235807,-0.03,-0.19,0.98
235817,-0.03,-0.19,0.98
235826,-0.04,-0.18,0.99
235836,-0.05,-0.17,0.99
235846,-0.04,-0.16,0.99
235855,-0.04,-0.17,0.97
235865,-0.02,-0.18,0.96
235875,-0.00,-0.18,0.94
235884,0.01,-0.19,0.94
235894,0.01,-0.19,0.94
235903,0.01,-0.20,0.95
235913,-0.00,-0.20,0.96
235923,-0.02,-0.19,0.98
235932,-0.03,-0.18,1.00
235942,-0.04,-0.16,1.01
235951,-0.04,-0.15,1.01
235961,-0.04,-0.14,1.01
235971,-0.04,-0.13,1.00
235980,-0.04,-0.13,1.00
235990,-0.04,-0.14,0.99
236000,-0.03,-0.15,0.98
236009,-0.03,-0.16,0.98
236019,-0.02,-0.18,0.97
236028,-0.02,-0.19,0.97
236038,-0.02,-0.19,0.97
236048,-0.02,-0.19,0.97
236057,-0.02,-0.18,0.98
236067,-0.02,-0.17,0.98
236076,-0.02,-0.16,0.98
236086,-0.02,-0.16,0.97
236096,-0.02,-0.16,0.97
236105,-0.02,-0.17,0.98
236115,-0.02,-0.18,0.98
236125,-0.03,-0.19,0.99
236134,-0.03,-0.19,1.00
236144,-0.04,-0.19,1.00
236153,-0.04,-0.20,1.00
236163,-0.04,-0.19,0.99
236173,-0.04,-0.19,0.99
236182,-0.04,-0.18,0.98
236192,-0.04,-0.16,0.98
236201,-0.04,-0.15,0.97
236211,-0.03,-0.15,0.96
236221,-0.03,-0.16,0.95
236230,-0.03,-0.16,0.95
236240,-0.02,-0.17,0.96
236250,-0.03,-0.17,0.97
236259,-0.03,-0.17,0.99
236269,-0.03,-0.18,0.99
236278,-0.03,-0.18,1.00
236288,-0.03,-0.18,1.00
236298,-0.03,-0.19,1.00
236307,-0.03,-0.18,1.00
236317,-0.03,-0.18,1.00
236326,-0.03,-0.17,0.99
236336,-0.02,-0.16,0.99
236346,-0.02,-0.16,0.98
236355,-0.02,-0.16,0.98
236365,-0.02,-0.16,0.97
236375,-0.02,-0.16,0.97
236384,-0.02,-0.16,0.98
236394,-0.02,-0.16,0.98
236403,-0.02,-0.17,0.98
236413,-0.02,-0.17,0.97
236423,-0.02,-0.17,0.97
236432,-0.02,-0.17,0.97
236442,-0.02,-0.16,0.98
236451,-0.02,-0.16,0.98
236461,-0.02,-0.16,0.98
236471,-0.02,-0.16,0.99
236480,-0.02,-0.17,0.99
236490,-0.02,-0.17,0.99
236500,-0.03,-0.17,0.99
236509,-0.03,-0.17,0.99
236519,-0.03,-0.17,0.99
236528,-0.03,-0.17,0.98
236538,-0.03,-0.18,0.98
236548,-0.03,-0.18,0.97
236557,-0.03,-0.18,0.97
236567,-0.03,-0.18,0.97
236576,-0.03,-0.18,0.98
236586,-0.03,-0.17,0.98
236596,-0.04,-0.17,0.99
236605,-0.03,-0.17,0.99
236615,-0.04,-0.17,0.99
236625,-0.04,-0.17,0.98
236634,-0.03,-0.17,0.99
236644,-0.03,-0.17,0.99
236653,-0.04,-0.17,0.99
236663,-0.03,-0.17,0.99
236673,-0.03,-0.17,0.99
236682,-0.03,-0.17,0.98
236692,-0.03,-0.18,0.98
236701,-0.03,-0.18,0.98
236711,-0.03,-0.18,0.98
236721,-0.03,-0.17,0.98
236730,-0.03,-0.17,0.98
236740,-0.03,-0.17,0.98
236750,-0.02,-0.17,0.97
236759,-0.03,-0.17,0.97
236769,-0.03,-0.17,0.97
236778,-0.03,-0.16,0.98
236788,-0.03,-0.16,0.99
236798,-0.03,-0.17,1.00
236807,-0.04,-0.17,1.00
236817,-0.04,-0.17,1.00
236826,-0.03,-0.17,0.99
236836,-0.03,-0.17,0.99
236846,-0.03,-0.17,0.99
236855,-0.03,-0.17,0.99
236865,-0.03,-0.17,0.98
236875,-0.03,-0.16,0.98
236884,-0.03,-0.15,0.98
236894,-0.04,-0.15,0.99
236903,-0.03,-0.15,0.99
236913,-0.03,-0.16,0.98
236923,-0.03,-0.17,0.98
236932,-0.03,-0.18,0.97
236942,-0.02,-0.18,0.97
236951,-0.02,-0.18,0.97
236961,-0.02,-0.17,0.98
236971,-0.02,-0.17,0.99
236980,-0.02,-0.17,0.99
236990,-0.03,-0.17,0.99
237000,-0.03,-0.17,0.99
237009,-0.03,-0.17,0.99
237019,-0.03,-0.17,0.99
237028,-0.03,-0.16,0.99
237038,-0.03,-0.16,0.99
237048,-0.03,-0.16,0.99
237057,-0.03,-0.16,0.99
237067,-0.03,-0.16,1.00
237076,-0.03,-0.17,0.99
237086,-0.03,-0.17,0.99
237096,-0.03,-0.17,0.99
237105,-0.02,-0.17,0.99
237115,-0.02,-0.17,0.98
237125,-0.01,-0.17,0.98
237134,-0.01,-0.17,0.98
237144,-0.02,-0.18,0.98
237153,-0.02,-0.17,0.97
237163,-0.02,-0.17,0.97
237173,-0.01,-0.17,0.97
237182,-0.01,-0.17,0.97
237192,-0.01,-0.18,0.97
237201,-0.01,-0.18,0.97
237211,-0.01,-0.18,0.97
237221,-0.01,-0.17,0.97
237230,-0.01,-0.17,0.98
237240,-0.01,-0.17,0.98
237250,-0.01,-0.17,0.98
237259,-0.02,-0.17,0.98
237269,-0.02,-0.17,0.98
237278,-0.02,-0.17,0.98
237288,-0.01,-0.18,0.98
237298,-0.01,-0.19,0.98
237307,-0.01,-0.19,0.98
237317,-0.01,-0.19,0.98
237326,-0.01,-0.18,0.98
237336,-0.01,-0.18,0.98
237346,-0.01,-0.18,0.98
237355,-0.01,-0.18,0.98
237365,-0.01,-0.19,0.98
237375,-0.01,-0.19,0.98
237384,-0.01,-0.20,0.98
237394,-0.00,-0.19,0.98
237403,-0.00,-0.19,0.97
237413,-0.00,-0.18,0.98
237423,-0.01,-0.18,0.98
237432,-0.01,-0.18,0.98
237442,-0.01,-0.18,0.98
237451,-0.01,-0.18,0.98
237461,-0.01,-0.18,0.98
237471,-0.01,-0.18,0.98
237480,-0.01,-0.18,0.98
237490,-0.01,-0.19,0.98
237500,-0.01,-0.19,0.98
237509,-0.00,-0.19,0.98
237519,-0.00,-0.19,0.98
237528,0.01,-0.19,0.97
237538,0.01,-0.20,0.97
237548,0.01,-0.21,0.98
237557,0.00,-0.21,0.98
237567,-0.00,-0.21,0.98
237576,-0.00,-0.20,0.99
237586,-0.00,-0.19,0.99
237596,0.00,-0.19,0.98
237605,0.00,-0.19,0.97
237615,0.00,-0.19,0.97
237625,0.00,-0.19,0.97
237634,0.00,-0.19,0.97
237644,0.00,-0.19,0.97
237653,0.00,-0.19,0.97
237663,0.01,-0.19,0.98
237673,0.00,-0.19,0.98
237682,0.00,-0.19,0.98
237692,0.00,-0.19,0.98
237701,0.01,-0.19,0.98
237711,0.01,-0.19,0.98
237721,0.01,-0.19,0.98
237730,0.00,-0.19,0.98
237740,-0.00,-0.19,0.98
237750,-0.01,-0.20,0.98
237759,-0.01,-0.20,0.99
237769,-0.01,-0.20,0.99
237778,-0.01,-0.20,0.98
237788,-0.00,-0.20,0.98
237798,-0.00,-0.20,0.98
237807,-0.00,-0.20,0.97
237817,-0.00,-0.21,0.97
237826,-0.00,-0.21,0.98
237836,-0.00,-0.21,0.98
237846,-0.01,-0.21,0.99
237855,-0.01,-0.21,0.99
237865,-0.01,-0.21,0.98
237875,-0.01,-0.21,0.97
237884,-0.00,-0.21,0.97
237894,0.00,-0.21,0.96
237903,0.00,-0.21,0.96
237913,0.00,-0.21,0.96
237923,0.01,-0.21,0.95
237932,0.01,-0.22,0.94
237942,0.02,-0.22,0.94
237951,0.02,-0.22,0.94
237961,0.03,-0.22,0.94
237971,0.03,-0.22,0.94
237980,0.02,-0.22,0.94
237990,0.02,-0.22,0.95
238000,0.02,-0.22,0.95
238009,0.02,-0.22,0.96
238019,0.02,-0.21,0.96
238028,0.02,-0.21,0.97
238038,0.01,-0.21,0.97
238048,0.01,-0.21,0.98
238057,0.01,-0.20,0.98
238067,0.01,-0.20,0.98
238076,0.01,-0.20,0.99
238086,0.01,-0.19,0.98
238096,0.01,-0.19,0.98
238105,0.00,-0.19,0.98
238115,0.00,-0.19,0.98
238125,0.00,-0.19,0.98
238134,0.01,-0.19,0.97
238144,0.01,-0.20,0.97
238153,0.01,-0.20,0.97
238163,0.01,-0.21,0.97
238173,0.01,-0.21,0.96
238182,0.01,-0.21,0.96
238192,0.01,-0.21,0.97
238201,0.01,-0.21,0.97
238211,0.01,-0.20,0.98
238221,0.01,-0.19,0.98
238230,0.02,-0.19,0.98
238240,0.01,-0.19,0.99
238250,0.01,-0.20,0.99
238259,0.01,-0.21,0.99
238269,0.00,-0.21,0.99
238278,0.00,-0.21,0.99
238288,0.00,-0.21,0.99
238298,0.00,-0.21,0.99
238307,0.00,-0.21,0.98
238317,0.00,-0.21,0.98
238326,0.00,-0.21,0.97
238336,0.01,-0.21,0.97
238346,0.01,-0.21,0.97
238355,0.01,-0.21,0.97
238365,0.01,-0.21,0.96
238375,0.01,-0.21,0.97
238384,0.00,-0.21,0.97
238394,-0.00,-0.21,0.98
238403,-0.01,-0.20,0.98
238413,-0.01,-0.20,0.99
238423,-0.01,-0.20,0.99
238432,-0.01,-0.20,0.99
238442,-0.01,-0.20,0.99
238451,-0.01,-0.21,0.98
238461,-0.01,-0.20,0.98
238471,-0.01,-0.20,0.98
238480,-0.00,-0.20,0.97
238490,0.01,-0.20,0.97
238500,0.01,-0.21,0.97
238509,0.01,-0.22,0.97
238519,0.01,-0.23,0.97
238528,0.01,-0.24,0.97
238538,0.00,-0.25,0.98
238548,-0.01,-0.24,0.98
238557,-0.01,-0.24,0.98
238567,-0.01,-0.23,0.98
238576,-0.01,-0.21,0.97
238586,-0.01,-0.20,0.97
238596,-0.01,-0.19,0.96
238605,-0.00,-0.18,0.96
238615,0.00,-0.18,0.96
238625,0.00,-0.18,0.96
238634,0.00,-0.18,0.96
238644,0.01,-0.20,0.97
238653,0.01,-0.21,0.97
238663,0.02,-0.22,0.96
238673,0.02,-0.22,0.96
238682,0.03,-0.22,0.97
238692,0.01,-0.21,0.98
238701,0.00,-0.19,0.99
238711,-0.01,-0.17,1.00
238721,-0.02,-0.15,1.01
238730,-0.02,-0.14,1.00
238740,-0.02,-0.13,1.00
238750,-0.02,-0.13,0.99
238759,-0.01,-0.14,0.99
238769,-0.00,-0.15,0.98
238778,-0.00,-0.16,0.98
238788,0.01,-0.17,0.97
238798,0.02,-0.19,0.97
238807,0.03,-0.20,0.97
238817,0.04,-0.22,0.97
238826,0.05,-0.24,0.97
238836,0.05,-0.26,0.97
238846,0.05,-0.27,0.97
238855,0.05,-0.27,0.97
238865,0.04,-0.27,0.97
238875,0.04,-0.26,0.96
238884,0.04,-0.25,0.95
238894,0.04,-0.24,0.94
238903,0.03,-0.23,0.94
238913,0.02,-0.21,0.95
238923,0.01,-0.19,0.95
238932,-0.01,-0.17,0.95
238942,-0.02,-0.16,0.96
238951,-0.02,-0.15,0.95
238961,-0.03,-0.15,0.95
238971,-0.03,-0.16,0.95
238980,-0.03,-0.16,0.96
238990,-0.03,-0.17,0.97
239000,-0.04,-0.17,0.98
239009,-0.04,-0.17,1.00
239019,-0.04,-0.18,1.01
239028,-0.04,-0.19,1.01
239038,-0.03,-0.19,1.02
239048,-0.02,-0.19,1.02
239057,-0.01,-0.19,1.01
239067,-0.00,-0.19,1.01
239076,0.01,-0.19,1.01
239086,0.01,-0.20,1.00
239096,0.01,-0.20,1.00
239105,0.02,-0.21,0.99
239115,0.02,-0.22,0.98
239125,0.02,-0.22,0.98
239134,0.02,-0.23,0.97
239144,0.01,-0.23,0.97
239153,0.01,-0.23,0.97
239163,0.01,-0.23,0.97
239173,0.01,-0.23,0.96
239182,0.01,-0.23,0.96
239192,0.01,-0.23,0.95
239201,0.02,-0.23,0.94
239211,0.02,-0.23,0.94
239221,0.03,-0.24,0.95
239230,0.03,-0.24,0.95
239240,0.03,-0.25,0.96
239250,0.03,-0.24,0.97
239259,0.02,-0.24,0.98
239269,0.02,-0.23,0.99
239278,0.02,-0.21,0.99
239288,0.03,-0.20,1.00
239298,0.03,-0.20,0.99
239307,0.03,-0.20,0.98
239317,0.04,-0.20,0.98
239326,0.03,-0.20,0.97
239336,0.03,-0.20,0.97
239346,0.02,-0.20,0.97
239355,0.02,-0.20,0.98
239365,0.02,-0.19,0.98
239375,0.02,-0.19,0.98
239384,0.02,-0.18,0.98
239394,0.03,-0.18,0.98
239403,0.03,-0.18,0.97
239413,0.03,-0.19,0.97
239423,0.03,-0.19,0.97
239432,0.03,-0.19,0.97
239442,0.02,-0.19,0.97
239451,0.02,-0.19,0.97
239461,0.02,-0.19,0.96
239471,0.02,-0.19,0.96
239480,0.02,-0.19,0.96
239490,0.01,-0.19,0.96
239500,0.01,-0.18,0.96
239509,0.01,-0.18,0.96
239519,0.01,-0.18,0.97
239528,0.01,-0.18,0.98
239538,0.01,-0.19,0.99
239548,0.00,-0.20,1.00
239557,-0.00,-0.20,1.01
239567,-0.01,-0.20,1.01
239576,-0.01,-0.20,1.01
239586,-0.01,-0.19,1.00
239596,-0.01,-0.18,0.99
239605,0.00,-0.18,0.98
239615,0.01,-0.18,0.97
239625,0.01,-0.18,0.96
239634,0.02,-0.19,0.96
239644,0.02,-0.20,0.96
239653,0.01,-0.21,0.96
239663,0.01,-0.22,0.96
239673,0.01,-0.23,0.96
239682,0.01,-0.24,0.96
239692,0.01,-0.24,0.96
239701,0.02,-0.23,0.96
239711,0.02,-0.23,0.97
239721,0.02,-0.23,0.97
239730,0.02,-0.23,0.97
239740,0.01,-0.23,0.98
239750,0.01,-0.22,0.99
239759,0.01,-0.21,0.99
239769,0.00,-0.20,0.99
239778,-0.00,-0.19,0.99
239788,-0.00,-0.18,0.98
239798,-0.01,-0.17,0.98
239807,-0.01,-0.16,0.98
239817,-0.01,-0.15,0.97
239826,-0.01,-0.15,0.98
239836,-0.02,-0.16,0.98
239846,-0.02,-0.17,0.98
239855,-0.02,-0.17,0.98
239865,-0.01,-0.18,0.98
239875,-0.01,-0.18,0.98
239884,-0.01,-0.18,0.98
239894,0.00,-0.17,0.98
239903,0.01,-0.17,0.98
239913,0.01,-0.17,0.98
239923,0.02,-0.19,0.98
239932,0.02,-0.21,0.98
239942,0.02,-0.21,0.98
239951,0.03,-0.21,0.98
239961,0.04,-0.22,0.96
239971,0.05,-0.23,0.94
239980,0.05,-0.23,0.93
239990,0.05,-0.24,0.93
240000,0.04,-0.24,0.94
240009,0.03,-0.23,0.94
240019,0.01,-0.23,0.96
240028,0.00,-0.22,0.97
240038,-0.01,-0.20,0.98
240048,-0.02,-0.19,0.98
240057,-0.02,-0.18,0.99
240067,-0.02,-0.17,1.00
240076,-0.03,-0.18,1.01
240086,-0.05,-0.19,1.01
240096,-0.06,-0.20,1.02
240105,-0.06,-0.20,1.02
240115,-0.05,-0.20,1.01
240125,-0.03,-0.19,1.00
240134,-0.02,-0.19,1.00
240144,-0.01,-0.19,0.99
240153,0.00,-0.20,0.98
240163,0.01,-0.20,0.98
240173,0.01,-0.21,0.98
240182,0.02,-0.21,0.97
240192,0.02,-0.21,0.97
240201,0.03,-0.21,0.96
240211,0.03,-0.20,0.95
240221,0.03,-0.20,0.95
240230,0.03,-0.20,0.95
240240,0.02,-0.20,0.96
240250,0.02,-0.20,0.97
240259,0.01,-0.20,0.98
240269,0.00,-0.20,0.98
240278,-0.00,-0.20,0.98
240288,-0.01,-0.19,0.99
240298,-0.00,-0.19,0.98
240307,-0.00,-0.18,0.98
240317,-0.00,-0.18,0.97
240326,-0.01,-0.18,0.97
240336,-0.01,-0.18,0.97
240346,-0.00,-0.18,0.96
240355,0.01,-0.18,0.97
240365,0.01,-0.19,0.96
240375,0.01,-0.19,0.96
240384,0.01,-0.20,0.97
240394,0.01,-0.20,0.97
240403,0.01,-0.20,0.97
240413,0.02,-0.19,0.97
240423,0.02,-0.19,0.96
240432,0.01,-0.19,0.96
240442,0.01,-0.19,0.96
240451,0.01,-0.19,0.96
240461,0.02,-0.19,0.97
240471,0.02,-0.20,0.97
240480,0.02,-0.20,0.97
240490,0.02,-0.22,0.98
240500,0.01,-0.23,0.98
240509,0.01,-0.24,1.00
240519,-0.01,-0.24,1.01
240528,-0.02,-0.25,1.02
240538,-0.03,-0.24,1.02
240548,-0.03,-0.23,1.01
240557,-0.03,-0.21,1.00
240567,-0.02,-0.19,1.00
240576,-0.00,-0.17,0.98
240586,0.01,-0.16,0.97
240596,0.02,-0.17,0.96
240605,0.03,-0.18,0.95
240615,0.02,-0.20,0.96
240625,0.01,-0.21,0.97
240634,-0.00,-0.22,0.98
240644,-0.01,-0.22,0.98
240653,-0.01,-0.21,0.98
240663,-0.01,-0.19,0.98
240673,-0.02,-0.18,0.98
240682,-0.02,-0.16,0.98
240692,-0.02,-0.16,0.98
240701,-0.01,-0.16,0.97
240711,-0.01,-0.16,0.97
240721,-0.00,-0.18,0.97
240730,0.00,-0.19,0.97
240740,0.01,-0.20,0.97
240750,0.01,-0.21,0.98
240759,0.00,-0.22,0.98
240769,0.00,-0.22,0.98
240778,0.00,-0.22,0.98
240788,0.01,-0.22,0.97
240798,0.01,-0.22,0.97
240807,0.02,-0.21,0.96
240817,0.01,-0.21,0.96
240826,0.00,-0.21,0.97
240836,-0.00,-0.20,0.97
240846,-0.01,-0.20,0.98
240855,-0.02,-0.20,0.98
240865,-0.03,-0.20,0.99
240875,-0.03,-0.20,0.99
240884,-0.04,-0.19,0.99
240894,-0.04,-0.18,0.99
240903,-0.03,-0.17,0.99
240913,-0.02,-0.16,0.98
240923,-0.01,-0.16,0.98
240932,-0.01,-0.16,0.97
240942,-0.00,-0.18,0.97
240951,0.00,-0.20,0.97
240961,0.00,-0.21,0.97
240971,0.00,-0.21,0.97
240980,0.01,-0.21,0.98
240990,0.02,-0.22,0.98
241000,0.02,-0.22,0.97
241009,0.02,-0.23,0.97
241019,0.01,-0.23,0.97
241028,-0.00,-0.22,0.98
241038,-0.01,-0.20,0.98
241048,-0.02,-0.18,0.98
241057,-0.02,-0.16,0.98
241067,-0.02,-0.16,0.97
241076,-0.02,-0.16,0.97
241086,-0.03,-0.18,0.97
241096,-0.03,-0.19,0.97
241105,-0.02,-0.19,0.98
241115,-0.01,-0.20,0.98
241125,0.00,-0.20,0.97
241134,0.02,-0.20,0.97
241144,0.03,-0.20,0.97
241153,0.02,-0.21,0.97
241163,0.02,-0.22,0.97
241173,0.02,-0.22,0.98
241182,0.02,-0.23,0.98
241192,0.01,-0.23,0.98
241201,0.01,-0.23,0.98
241211,0.01,-0.23,0.98
241221,0.02,-0.23,0.97
241230,0.02,-0.23,0.97
241240,0.02,-0.23,0.96
241250,0.01,-0.23,0.95
241259,0.01,-0.22,0.95
241269,0.01,-0.21,0.95
241278,0.01,-0.20,0.96
241288,0.01,-0.19,0.96
241298,0.01,-0.19,0.96
241307,0.01,-0.18,0.97
241317,0.00,-0.18,0.97
241326,-0.00,-0.18,0.98
241336,-0.00,-0.17,0.98
241346,-0.00,-0.16,0.98
241355,-0.00,-0.16,0.98
241365,-0.00,-0.16,0.98
241375,0.00,-0.16,0.99
241384,-0.00,-0.18,0.99
241394,-0.01,-0.20,1.00
241403,-0.02,-0.21,1.00
241413,-0.02,-0.22,1.00
241423,-0.02,-0.22,1.00
241432,-0.01,-0.21,0.99
241442,0.00,-0.20,0.98
241451,0.01,-0.18,0.97
241461,0.01,-0.18,0.97
241471,0.01,-0.19,0.97
241480,-0.00,-0.20,0.98
241490,-0.01,-0.21,0.98
241500,-0.01,-0.21,0.98
241509,-0.01,-0.21,0.97
241519,-0.00,-0.20,0.96
241528,0.01,-0.20,0.95
241538,0.01,-0.19,0.95
241548,0.02,-0.19,0.95
241557,0.02,-0.19,0.95
241567,0.03,-0.20,0.96
241576,0.02,-0.21,0.97
241586,0.02,-0.22,0.98
241596,0.01,-0.23,0.99
241605,0.00,-0.23,1.00
241615,-0.00,-0.22,1.00
241625,-0.01,-0.21,1.01
241634,-0.01,-0.20,1.00
241644,-0.01,-0.20,1.00
241653,-0.02,-0.19,1.01
241663,-0.02,-0.18,1.00
241673,-0.04,-0.19,0.99
241682,-0.02,-0.19,0.98
241692,-0.02,-0.19,0.97
241701,-0.00,-0.18,0.96
241711,0.00,-0.19,0.95
241721,0.01,-0.20,0.94
241730,0.02,-0.20,0.94
241740,0.03,-0.22,0.94
241750,0.03,-0.23,0.95
241759,0.03,-0.23,0.95
241769,0.02,-0.25,0.96
241778,0.02,-0.25,0.97
241788,0.01,-0.24,0.98
241798,0.00,-0.23,0.99
241807,-0.01,-0.21,0.99
241817,-0.01,-0.20,0.99
241826,-0.02,-0.19,0.99
241836,-0.02,-0.19,0.98
241846,-0.03,-0.18,0.98
241855,-0.03,-0.18,0.97
241865,-0.04,-0.17,0.98
241875,-0.04,-0.16,0.98
241884,-0.03,-0.15,0.98
241894,-0.02,-0.15,0.98
241903,-0.02,-0.16,0.97
241913,-0.01,-0.18,0.97
241923,-0.00,-0.19,0.97
241932,0.00,-0.21,0.97
241942,0.01,-0.22,0.98
241951,0.01,-0.22,0.98
241961,0.01,-0.22,0.98
241971,0.01,-0.22,0.98
241980,0.01,-0.21,0.97
241990,0.01,-0.20,0.97
242000,0.01,-0.20,0.97
242009,0.00,-0.20,0.97
242019,-0.01,-0.19,0.97
242028,-0.02,-0.19,0.98
242038,-0.02,-0.19,0.98
242048,-0.02,-0.19,0.98
242057,-0.02,-0.19,0.99
242067,-0.02,-0.19,0.98
242076,-0.02,-0.19,0.98
242086,-0.02,-0.20,0.97
242096,-0.01,-0.20,0.97
242105,-0.01,-0.20,0.98
242115,-0.01,-0.20,0.97
242125,-0.01,-0.20,0.97
242134,-0.01,-0.19,0.97
242144,-0.01,-0.19,0.97
242153,-0.01,-0.19,0.97
242163,-0.00,-0.19,0.96
242173,-0.01,-0.19,0.97
242182,-0.01,-0.19,0.97
242192,-0.01,-0.19,0.97
242201,-0.01,-0.19,0.97
242211,-0.01,-0.19,0.98
242221,-0.01,-0.19,0.98
242230,-0.02,-0.18,0.99
242240,-0.02,-0.19,0.99
242250,-0.02,-0.19,0.99
242259,-0.01,-0.19,0.99
242269,-0.02,-0.19,0.98
242278,-0.01,-0.19,0.98
242288,-0.01,-0.19,0.98
242298,-0.01,-0.18,0.98
242307,-0.01,-0.18,0.98
242317,-0.01,-0.18,0.98
242326,-0.01,-0.18,0.97
242336,-0.00,-0.19,0.97
242346,-0.00,-0.19,0.98
242355,-0.01,-0.19,0.98
242365,-0.00,-0.20,0.98
242375,-0.01,-0.20,0.98
242384,-0.01,-0.20,0.98
242394,-0.01,-0.20,0.98
242403,-0.01,-0.20,0.97
242413,-0.01,-0.19,0.97
242423,-0.01,-0.19,0.97
242432,-0.01,-0.19,0.97
242442,-0.01,-0.19,0.97
242451,-0.01,-0.19,0.98
242461,-0.01,-0.19,0.98
242471,-0.01,-0.19,0.97
242480,-0.01,-0.19,0.97
242490,-0.01,-0.18,0.97
242500,-0.01,-0.18,0.98
242509,-0.01,-0.18,0.98
242519,-0.02,-0.19,0.98
242528,-0.02,-0.19,0.98
242538,-0.02,-0.19,0.99
242548,-0.03,-0.19,0.99
242557,-0.03,-0.19,0.99
242567,-0.02,-0.19,0.99
242576,-0.02,-0.18,0.99
242586,-0.02,-0.18,0.98
242596,-0.02,-0.18,0.98
242605,-0.01,-0.19,0.97
242615,-0.01,-0.19,0.97
242625,-0.01,-0.20,0.97
242634,-0.01,-0.20,0.97
242644,-0.01,-0.20,0.97
242653,-0.01,-0.21,0.97
242663,-0.01,-0.21,0.97
242673,-0.01,-0.20,0.97
242682,-0.02,-0.19,0.97
242692,-0.02,-0.19,0.97
242701,-0.02,-0.18,0.98
242711,-0.02,-0.18,0.98
242721,-0.02,-0.18,0.98
242730,-0.02,-0.18,0.98
242740,-0.03,-0.18,0.98
242750,-0.03,-0.19,0.98
242759,-0.03,-0.19,0.99
242769,-0.03,-0.19,0.99
242778,-0.03,-0.19,0.99
242788,-0.03,-0.19,0.99
242798,-0.03,-0.19,0.99
242807,-0.03,-0.19,0.99
242817,-0.03,-0.19,0.98
242826,-0.02,-0.18,0.97
242836,-0.02,-0.18,0.97
242846,-0.02,-0.18,0.97
242855,-0.02,-0.18,0.97
242865,-0.02,-0.18,0.98
242875,-0.02,-0.19,0.98
242884,-0.03,-0.20,0.99
242894,-0.04,-0.20,0.99
242903,-0.03,-0.20,0.98
242913,-0.02,-0.19,0.98
242923,-0.02,-0.18,0.97
242932,-0.02,-0.17,0.97
242942,-0.02,-0.17,0.97
242951,-0.02,-0.17,0.97
242961,-0.02,-0.17,0.98
242971,-0.03,-0.18,0.98
242980,-0.03,-0.18,0.99
242990,-0.03,-0.19,0.99
243000,-0.03,-0.19,0.99
243009,-0.03,-0.19,0.99
243019,-0.03,-0.19,0.98
243028,-0.02,-0.18,0.98
243038,-0.02,-0.18,0.98
243048,-0.02,-0.18,0.98
243057,-0.03,-0.18,0.98
243067,-0.03,-0.18,0.98
243076,-0.03,-0.18,0.98
243086,-0.03,-0.18,0.98
243096,-0.03,-0.18,0.98
243105,-0.03,-0.18,0.98
243115,-0.03,-0.18,0.98
243125,-0.03,-0.18,0.98
243134,-0.03,-0.18,0.98
243144,-0.03,-0.18,0.98
243153,-0.02,-0.18,0.98
243163,-0.02,-0.18,0.98
243173,-0.03,-0.18,0.98
243182,-0.03,-0.18,0.98
243192,-0.03,-0.18,0.98
243201,-0.03,-0.18,0.98
243211,-0.03,-0.18,0.98
243221,-0.03,-0.18,0.98
243230,-0.03,-0.18,0.98
243240,-0.03,-0.18,0.98
243250,-0.03,-0.17,0.98
243259,-0.03,-0.17,0.98
243269,-0.03,-0.17,0.98
243278,-0.03,-0.17,0.98
243288,-0.03,-0.18,0.98
243298,-0.03,-0.18,0.98
243307,-0.03,-0.18,0.98
243317,-0.02,-0.19,0.98
243326,-0.02,-0.19,0.98
243336,-0.02,-0.19,0.98
243346,-0.02,-0.19,0.98
243355,-0.02,-0.19,0.98
243365,-0.02,-0.18,0.98
243375,-0.02,-0.18,0.98
243384,-0.03,-0.17,0.98
243394,-0.03,-0.17,0.99
243403,-0.03,-0.17,0.99
243413,-0.03,-0.17,0.99
243423,-0.03,-0.17,0.99
243432,-0.03,-0.17,0.99
243442,-0.03,-0.18,0.99
243451,-0.03,-0.18,0.99
243461,-0.03,-0.19,0.99
243471,-0.03,-0.19,0.98
243480,-0.03,-0.19,0.98
243490,-0.03,-0.19,0.98
243500,-0.02,-0.18,0.98
243509,-0.02,-0.18,0.98
243519,-0.02,-0.19,0.97
243528,-0.02,-0.19,0.97
243538,-0.02,-0.19,0.97
243548,-0.02,-0.19,0.97
243557,-0.02,-0.18,0.97
243567,-0.02,-0.18,0.98
243576,-0.02,-0.18,0.98
243586,-0.02,-0.18,0.98
243596,-0.02,-0.18,0.98
243605,-0.02,-0.18,0.98
243615,-0.02,-0.18,0.98
243625,-0.02,-0.18,0.98
243634,-0.02,-0.18,0.98
243644,-0.02,-0.18,0.98
243653,-0.02,-0.17,0.98
243663,-0.02,-0.18,0.99
243673,-0.02,-0.18,0.99
243682,-0.03,-0.19,0.99
243692,-0.03,-0.19,0.99
243701,-0.03,-0.19,0.99
243711,-0.03,-0.19,0.98
243721,-0.02,-0.19,0.98
243730,-0.02,-0.19,0.97
243740,-0.01,-0.19,0.97
243750,-0.01,-0.19,0.96
243759,-0.01,-0.19,0.97
243769,-0.01,-0.19,0.98
243778,-0.02,-0.20,0.98
243788,-0.02,-0.20,0.98
243798,-0.02,-0.20,0.98
243807,-0.02,-0.20,0.98
243817,-0.01,-0.20,0.98
243826,-0.01,-0.19,0.97
243836,-0.01,-0.19,0.97
243846,-0.01,-0.19,0.97
243855,-0.01,-0.19,0.98
243865,-0.01,-0.20,0.98
243875,-0.01,-0.20,0.98
243884,-0.01,-0.20,0.98
243894,-0.01,-0.21,0.98
243903,-0.01,-0.21,0.98
243913,-0.01,-0.21,0.98
243923,-0.01,-0.21,0.98
243932,-0.01,-0.21,0.98
243942,-0.01,-0.20,0.99
243951,-0.01,-0.20,0.99
243961,-0.01,-0.20,0.99
243971,-0.01,-0.20,0.98
243980,-0.01,-0.20,0.98
243990,-0.01,-0.20,0.97
244000,-0.01,-0.21,0.97
244009,-0.00,-0.21,0.97
244019,-0.00,-0.21,0.97
244028,-0.01,-0.20,0.98
244038,-0.01,-0.20,0.98
244048,-0.01,-0.20,0.98
244057,-0.01,-0.20,0.98
244067,-0.00,-0.20,0.98
244076,-0.00,-0.20,0.98
244086,-0.00,-0.21,0.98
244096,-0.00,-0.21,0.98
244105,-0.00,-0.21,0.98
244115,-0.00,-0.21,0.98
244125,-0.00,-0.21,0.98
244134,0.00,-0.21,0.98
244144,0.01,-0.21,0.98
244153,0.00,-0.21,0.97
244163,0.00,-0.21,0.97
244173,0.00,-0.20,0.97
244182,0.00,-0.20,0.97
244192,0.00,-0.19,0.97
244201,0.01,-0.19,0.97
244211,0.01,-0.19,0.97
244221,0.01,-0.20,0.97
244230,0.00,-0.21,0.97
244240,0.00,-0.21,0.97
244250,0.00,-0.21,0.97
244259,0.00,-0.20,0.97
244269,0.01,-0.20,0.97
244278,0.01,-0.20,0.96
244288,0.01,-0.21,0.96
244298,0.01,-0.21,0.97
244307,0.01,-0.21,0.97
244317,0.01,-0.21,0.97
244326,0.01,-0.21,0.97
244336,0.02,-0.21,0.97
244346,0.02,-0.21,0.96
244355,0.02,-0.21,0.96
244365,0.01,-0.21,0.97
244375,0.01,-0.20,0.97
244384,0.01,-0.20,0.97
244394,0.01,-0.21,0.97
244403,0.01,-0.21,0.97
244413,0.01,-0.21,0.97
244423,0.01,-0.21,0.96
244432,0.01,-0.21,0.97
244442,0.01,-0.21,0.97
244451,0.00,-0.21,0.97
244461,0.00,-0.22,0.97
244471,-0.00,-0.22,0.96
244480,0.00,-0.22,0.96
244490,0.00,-0.22,0.96
244500,0.01,-0.21,0.95
244509,0.01,-0.21,0.95
244519,0.02,-0.21,0.95
244528,0.02,-0.21,0.95
244538,0.01,-0.21,0.96
244548,0.01,-0.21,0.96
244557,0.01,-0.22,0.97
244567,0.01,-0.22,0.97
244576,0.01,-0.22,0.98
244586,0.01,-0.22,0.98
244596,0.01,-0.23,0.99
244605,0.01,-0.23,0.99
244615,0.01,-0.22,0.99
244625,0.01,-0.21,0.99
244634,0.00,-0.21,0.99
244644,0.00,-0.20,0.98
244653,0.00,-0.20,0.98
244663,0.01,-0.21,0.97
244673,0.01,-0.21,0.96
244682,0.01,-0.21,0.96
244692,0.01,-0.20,0.97
244701,0.01,-0.20,0.97
244711,0.01,-0.20,0.98
244721,0.01,-0.20,0.98
244730,0.00,-0.20,0.98
244740,0.00,-0.20,0.99
244750,0.00,-0.20,0.99
244759,-0.00,-0.20,0.99
244769,-0.00,-0.20,0.99
244778,-0.00,-0.20,0.99
244788,0.00,-0.20,0.99
244798,0.00,-0.20,0.98
244807,0.00,-0.21,0.97
244817,0.01,-0.21,0.97
244826,0.01,-0.21,0.97
244836,0.01,-0.21,0.97
244846,0.01,-0.21,0.97
244855,0.01,-0.22,0.97
244865,0.01,-0.22,0.97
244875,0.01,-0.21,0.97
244884,0.01,-0.22,0.96
244894,0.01,-0.22,0.96
244903,0.01,-0.22,0.97
244913,0.01,-0.22,0.97
244923,0.01,-0.21,0.97
244932,0.02,-0.21,0.97
244942,0.02,-0.20,0.97
244951,0.02,-0.20,0.97
244961,0.01,-0.20,0.97
244971,0.01,-0.20,0.98
244980,0.01,-0.20,0.98
244990,0.00,-0.20,0.98
245000,-0.00,-0.20,0.98
245009,-0.00,-0.20,0.97
245019,0.00,-0.21,0.97
245028,0.00,-0.21,0.97
245038,-0.00,-0.21,0.97
245048,-0.00,-0.21,0.97
245057,-0.00,-0.20,0.97
245067,-0.00,-0.20,0.97
245076,0.00,-0.19,0.96
245086,0.00,-0.19,0.96
245096,0.00,-0.19,0.96
245105,0.01,-0.19,0.96
245115,0.01,-0.20,0.96
245125,0.00,-0.20,0.97
245134,0.01,-0.20,0.97
245144,0.01,-0.21,0.97
245153,0.01,-0.21,0.97
245163,0.01,-0.22,0.98
245173,0.00,-0.22,0.98
245182,0.00,-0.23,0.99
245192,-0.00,-0.22,0.98
245201,-0.00,-0.22,0.98
245211,-0.00,-0.21,0.97
245221,-0.00,-0.20,0.97
245230,0.00,-0.20,0.96
245240,0.00,-0.19,0.96
245250,0.00,-0.19,0.96
245259,-0.00,-0.19,0.97
245269,-0.01,-0.19,0.97
245278,-0.01,-0.20,0.98
245288,-0.02,-0.20,0.99
245298,-0.02,-0.20,0.99
245307,-0.02,-0.20,1.00
245317,-0.02,-0.19,0.99
245326,-0.01,-0.19,0.99
245336,-0.01,-0.19,0.98
245346,-0.01,-0.19,0.98
245355,-0.01,-0.19,0.98
245365,-0.01,-0.19,0.98
245375,-0.00,-0.19,0.98
245384,-0.01,-0.19,0.98
245394,-0.01,-0.20,0.99
245403,-0.00,-0.20,0.99
245413,-0.00,-0.21,0.98
245423,-0.00,-0.21,0.98
245432,-0.00,-0.21,0.98
245442,-0.00,-0.21,0.98
245451,-0.00,-0.21,0.98
245461,-0.00,-0.21,0.98
245471,-0.00,-0.21,0.97
245480,0.00,-0.21,0.97
245490,0.00,-0.21,0.97
245500,0.00,-0.22,0.97
245509,-0.00,-0.22,0.97
245519,-0.01,-0.22,0.97
245528,-0.02,-0.21,0.98
245538,-0.02,-0.20,0.99
245548,-0.02,-0.19,0.98
245557,-0.02,-0.19,0.98
245567,-0.02,-0.19,0.97
245576,-0.02,-0.20,0.97
245586,-0.03,-0.20,0.97
245596,-0.03,-0.19,0.97
245605,-0.03,-0.19,0.97
245615,-0.02,-0.18,0.96
245625,-0.01,-0.17,0.96
245634,-0.01,-0.18,0.96
245644,-0.01,-0.18,0.97
245653,-0.01,-0.20,0.98
245663,-0.02,-0.21,0.99
245673,-0.02,-0.21,1.00
245682,-0.01,-0.22,1.00
245692,-0.01,-0.22,0.99
245701,0.01,-0.21,0.98
245711,0.02,-0.20,0.97
245721,0.04,-0.19,0.96
245730,0.04,-0.20,0.96
245740,0.02,-0.20,0.95
245750,0.01,-0.21,0.96
245759,-0.00,-0.22,0.97
245769,-0.02,-0.22,0.98
245778,-0.02,-0.22,0.98
245788,-0.03,-0.22,0.99
245798,-0.02,-0.21,0.98
245807,-0.02,-0.20,0.97
245817,-0.01,-0.19,0.96
245826,-0.00,-0.18,0.96
245836,0.00,-0.18,0.96
245846,0.00,-0.18,0.97
245855,-0.00,-0.18,0.98
245865,-0.01,-0.19,0.98
245875,-0.01,-0.20,0.98
245884,-0.01,-0.20,0.97
245894,-0.01,-0.21,0.97
245903,-0.01,-0.21,0.97
245913,-0.01,-0.21,0.98
245923,-0.02,-0.20,0.98
245932,-0.02,-0.20,0.99
245942,-0.02,-0.19,0.99
245951,-0.02,-0.18,0.99
245961,-0.02,-0.18,0.99
245971,-0.02,-0.17,0.98
245980,-0.02,-0.17,0.98
245990,-0.01,-0.17,0.97
246000,-0.01,-0.18,0.97
246009,-0.01,-0.19,0.97
246019,-0.01,-0.19,0.97
246028,-0.01,-0.20,0.98
246038,-0.01,-0.20,0.98
246048,-0.01,-0.20,0.99
246057,-0.02,-0.20,0.99
246067,-0.02,-0.19,0.99
246076,-0.02,-0.19,0.99
246086,-0.02,-0.17,0.99
246096,-0.02,-0.16,0.98
246105,-0.01,-0.16,0.98
246115,-0.01,-0.16,0.98
246125,-0.00,-0.16,0.97
246134,0.00,-0.17,0.96
246144,0.01,-0.18,0.96
246153,0.01,-0.20,0.96
246163,0.01,-0.21,0.97
246173,0.01,-0.22,0.98
246182,0.00,-0.22,0.99
246192,-0.00,-0.22,1.00
246201,-0.01,-0.23,1.00
246211,-0.01,-0.22,1.00
246221,-0.01,-0.22,0.99
246230,-0.01,-0.21,0.98
246240,-0.01,-0.20,0.97
246250,-0.01,-0.19,0.97
246259,-0.01,-0.18,0.97
246269,-0.01,-0.18,0.96
246278,-0.01,-0.18,0.96
246288,-0.01,-0.19,0.96
246298,-0.01,-0.19,0.96
246307,-0.01,-0.20,0.97
246317,-0.01,-0.20,0.98
246326,-0.01,-0.20,0.99
246336,-0.01,-0.20,0.99
246346,-0.01,-0.20,0.99
246355,-0.01,-0.20,0.98
246365,-0.00,-0.19,0.98
246375,-0.00,-0.19,0.98
246384,-0.00,-0.20,0.98
246394,-0.00,-0.20,0.98
246403,-0.01,-0.20,0.98
246413,-0.01,-0.20,0.98
246423,-0.01,-0.19,0.98
246432,-0.01,-0.19,0.98
246442,-0.01,-0.19,0.98
246451,-0.01,-0.19,0.97
246461,-0.01,-0.19,0.97
246471,-0.01,-0.19,0.97
246480,-0.01,-0.19,0.97
246490,-0.01,-0.19,0.97
246500,-0.01,-0.19,0.98
246509,-0.01,-0.19,0.98
246519,-0.01,-0.19,0.98
246528,-0.01,-0.19,0.98
246538,-0.01,-0.19,0.98
246548,-0.01,-0.19,0.99
246557,-0.02,-0.20,0.99
246567,-0.02,-0.21,0.98
246576,-0.02,-0.21,0.98
246586,-0.02,-0.20,0.99
246596,-0.02,-0.20,0.99
246605,-0.02,-0.19,0.99
246615,-0.02,-0.18,0.99
246625,-0.02,-0.18,0.99
246634,-0.02,-0.18,0.99
246644,-0.01,-0.19,0.98
246653,-0.01,-0.20,0.98
246663,-0.01,-0.20,0.98
246673,-0.01,-0.20,0.98
246682,-0.01,-0.20,0.98
246692,-0.01,-0.20,0.98
246701,-0.01,-0.19,0.98
246711,-0.01,-0.19,0.98
246721,-0.00,-0.19,0.98
246730,0.00,-0.19,0.97
246740,0.01,-0.19,0.96
246750,0.02,-0.19,0.96
246759,0.02,-0.19,0.96
246769,0.03,-0.19,0.96
246778,0.03,-0.18,0.96
246788,0.03,-0.19,0.96
246798,0.03,-0.19,0.96
246807,0.03,-0.20,0.96
246817,0.03,-0.20,0.97
246826,0.03,-0.21,0.97
246836,0.02,-0.21,0.97
246846,0.02,-0.21,0.98
246855,0.01,-0.21,0.98
246865,0.00,-0.21,0.99
246875,0.00,-0.21,0.99
246884,-0.00,-0.21,0.99
246894,-0.00,-0.21,0.98
246903,-0.00,-0.20,0.97
246913,-0.01,-0.20,0.97
246923,-0.01,-0.19,0.97
246932,-0.02,-0.18,0.97
246942,-0.03,-0.18,0.98
246951,-0.03,-0.18,0.98
246961,-0.04,-0.18,0.98
246971,-0.03,-0.17,0.99
246980,-0.03,-0.18,0.98
246990,-0.03,-0.18,0.98
247000,-0.03,-0.18,0.98
247009,-0.03,-0.18,0.98
247019,-0.03,-0.18,0.98
247028,-0.02,-0.18,0.98
247038,-0.02,-0.19,0.98
247048,-0.02,-0.19,0.99
247057,-0.02,-0.20,0.99
247067,-0.01,-0.20,0.98
247076,-0.01,-0.20,0.98
247086,-0.01,-0.20,0.97
247096,-0.00,-0.19,0.97
247105,-0.00,-0.18,0.97
247115,-0.00,-0.18,0.97
247125,-0.01,-0.18,0.97
247134,-0.00,-0.17,0.97
247144,0.00,-0.17,0.97
247153,0.01,-0.17,0.96
247163,0.02,-0.18,0.95
247173,0.02,-0.19,0.95
247182,0.02,-0.19,0.95
247192,0.02,-0.20,0.95
247201,0.02,-0.21,0.95
247211,0.02,-0.21,0.96
247221,0.02,-0.21,0.96
247230,0.02,-0.20,0.96
247240,0.02,-0.20,0.97
247250,0.00,-0.20,0.98
247259,-0.02,-0.21,0.99
247269,-0.04,-0.22,1.00
247278,-0.05,-0.23,1.01
247288,-0.06,-0.23,1.02
247298,-0.07,-0.23,1.02
247307,-0.07,-0.22,1.02
247317,-0.07,-0.21,1.02
247326,-0.06,-0.20,1.01
247336,-0.05,-0.19,1.00
247346,-0.04,-0.19,0.98
247355,-0.03,-0.20,0.96
247365,-0.02,-0.21,0.95
247375,-0.01,-0.21,0.95
247384,-0.01,-0.21,0.96
247394,-0.01,-0.21,0.97
247403,-0.01,-0.20,0.98
247413,-0.00,-0.19,0.98
247423,0.01,-0.18,0.98
247432,0.01,-0.17,0.98
247442,0.01,-0.17,0.98
247451,0.01,-0.18,0.99
247461,-0.00,-0.18,0.99
247471,-0.01,-0.18,1.00
247480,-0.00,-0.18,1.00
247490,0.00,-0.19,0.99
247500,0.01,-0.21,0.98
247509,0.01,-0.22,0.97
247519,0.01,-0.22,0.97
247528,0.01,-0.22,0.98
247538,0.01,-0.21,0.98
247548,-0.01,-0.21,0.98
247557,-0.01,-0.21,0.97
247567,-0.02,-0.22,0.96
247576,-0.03,-0.22,0.95
247586,-0.04,-0.21,0.94
247596,-0.04,-0.21,0.95
247605,-0.05,-0.21,0.95
247615,-0.05,-0.21,0.96
247625,-0.05,-0.21,0.96
247634,-0.03,-0.22,0.95
247644,-0.02,-0.22,0.95
247653,-0.01,-0.21,0.96
247663,-0.01,-0.20,0.97
247673,-0.00,-0.21,0.98
247682,-0.00,-0.22,0.99
247692,-0.00,-0.24,0.99
247701,0.00,-0.26,0.99
247711,0.01,-0.27,0.98
247721,0.01,-0.28,0.98
247730,0.01,-0.27,0.99
247740,0.01,-0.26,0.99
247750,0.00,-0.25,1.00
247759,-0.00,-0.25,1.00
247769,-0.01,-0.25,0.99
247778,-0.01,-0.25,0.99
247788,-0.01,-0.23,0.99
247798,-0.01,-0.21,0.99
247807,-0.01,-0.19,0.99
247817,-0.01,-0.17,0.99
247826,-0.01,-0.17,0.99
247836,-0.01,-0.17,0.99
247846,-0.01,-0.18,0.98
247855,-0.00,-0.19,0.98
247865,0.01,-0.21,0.97
247875,0.02,-0.22,0.96
247884,0.02,-0.23,0.96
247894,0.03,-0.24,0.95
247903,0.03,-0.24,0.96
247913,0.03,-0.24,0.96
247923,0.03,-0.24,0.96
247932,0.03,-0.24,0.97
247942,0.03,-0.24,0.96
247951,0.03,-0.25,0.95
247961,0.03,-0.26,0.95
247971,0.02,-0.25,0.94
247980,0.02,-0.24,0.94
247990,0.02,-0.21,0.95
248000,0.01,-0.19,0.96
248009,0.00,-0.16,0.96
248019,-0.00,-0.15,0.97
248028,-0.00,-0.15,0.97
248038,-0.00,-0.15,0.96
248048,-0.00,-0.16,0.96
248057,-0.01,-0.17,0.97
248067,-0.01,-0.17,0.98
248076,-0.02,-0.17,0.99
248086,-0.02,-0.17,0.99
248096,-0.01,-0.17,1.00
248105,-0.01,-0.17,1.00
248115,-0.01,-0.18,1.00
248125,-0.01,-0.17,1.01
248134,-0.00,-0.18,1.01
248144,0.00,-0.18,1.00
248153,0.00,-0.20,1.00
248163,0.01,-0.21,0.99
248173,0.00,-0.21,0.98
248182,0.01,-0.21,0.97
248192,0.01,-0.21,0.97
248201,0.00,-0.21,0.96
248211,0.01,-0.21,0.96
248221,0.00,-0.20,0.96
248230,0.01,-0.20,0.96
248240,0.01,-0.19,0.96
248250,0.01,-0.19,0.96
248259,0.01,-0.20,0.96
248269,0.00,-0.20,0.97
248278,0.00,-0.21,0.97
248288,-0.00,-0.21,0.97
248298,-0.01,-0.21,0.98
248307,-0.00,-0.21,0.98
248317,-0.00,-0.20,0.97
248326,0.00,-0.20,0.97
248336,0.00,-0.20,0.97
248346,0.00,-0.20,0.97
248355,0.00,-0.20,0.98
248365,-0.00,-0.20,0.98
248375,-0.00,-0.20,0.99
248384,-0.01,-0.20,0.99
248394,-0.01,-0.20,0.99
248403,-0.01,-0.20,0.99
248413,-0.01,-0.20,0.99
248423,-0.01,-0.20,0.99
248432,-0.01,-0.20,0.98
248442,-0.01,-0.19,0.98
248451,-0.01,-0.19,0.98
248461,-0.00,-0.18,0.98
248471,-0.00,-0.19,0.98
248480,-0.00,-0.19,0.98
248490,-0.00,-0.20,0.97
248500,-0.00,-0.20,0.97
248509,-0.00,-0.20,0.97
248519,0.00,-0.21,0.97
248528,0.00,-0.21,0.97
248538,0.00,-0.21,0.97
248548,0.01,-0.21,0.97
248557,0.00,-0.20,0.97
248567,0.00,-0.20,0.97
248576,-0.00,-0.20,0.97
248586,-0.00,-0.19,0.97
248596,-0.00,-0.19,0.97
248605,-0.00,-0.20,0.97
248615,-0.00,-0.20,0.98
248625,-0.01,-0.20,0.98
248634,-0.01,-0.20,0.98
248644,-0.01,-0.20,0.98
248653,-0.01,-0.20,0.98
248663,-0.01,-0.20,0.98
248673,-0.01,-0.19,0.98
248682,-0.01,-0.18,0.98
248692,-0.01,-0.18,0.98
248701,-0.01,-0.18,0.98
248711,-0.01,-0.18,0.98
248721,-0.01,-0.19,0.98
248730,-0.00,-0.19,0.97
248740,-0.00,-0.20,0.97
248750,-0.00,-0.20,0.97
248759,-0.00,-0.20,0.97
248769,-0.00,-0.20,0.98
248778,-0.00,-0.20,0.98
248788,-0.00,-0.19,0.98
248798,-0.00,-0.19,0.98
248807,-0.00,-0.19,0.98
248817,-0.01,-0.19,0.99
248826,-0.01,-0.19,0.99
248836,-0.01,-0.19,0.98
248846,-0.01,-0.18,0.98
248855,-0.01,-0.18,0.98
248865,-0.01,-0.18,0.97
248875,-0.01,-0.18,0.97
248884,-0.01,-0.18,0.97
248894,-0.01,-0.19,0.97
248903,-0.01,-0.19,0.98
248913,-0.01,-0.20,0.98
248923,-0.01,-0.20,0.98
248932,-0.01,-0.20,0.98
248942,-0.01,-0.19,0.98
248951,-0.01,-0.19,0.98
248961,-0.01,-0.19,0.98
248971,-0.01,-0.18,0.98
248980,-0.01,-0.18,0.98
248990,-0.01,-0.19,0.98
249000,-0.01,-0.19,0.98
249009,-0.01,-0.20,0.98
249019,-0.01,-0.20,0.98
249028,-0.01,-0.19,0.98
249038,-0.01,-0.18,0.98
249048,-0.01,-0.18,0.98
249057,-0.01,-0.17,0.98
249067,-0.01,-0.17,0.98
249076,-0.01,-0.17,0.98
249086,-0.00,-0.18,0.98
249096,-0.00,-0.19,0.97
249105,-0.01,-0.20,0.98
249115,-0.01,-0.21,0.98
249125,-0.01,-0.21,0.99
249134,-0.01,-0.21,0.99
249144,-0.01,-0.20,0.99
249153,-0.01,-0.20,0.98
249163,-0.00,-0.20,0.98
249173,-0.00,-0.20,0.98
249182,-0.01,-0.19,0.98
249192,-0.01,-0.19,0.98
249201,-0.01,-0.19,0.98
249211,-0.01,-0.19,0.97
249221,-0.01,-0.18,0.97
249230,-0.01,-0.18,0.98
249240,-0.01,-0.19,0.98
249250,-0.01,-0.19,0.98
249259,-0.01,-0.19,0.98
249269,-0.01,-0.20,0.98
249278,-0.02,-0.20,0.98
249288,-0.01,-0.20,0.98
249298,-0.01,-0.19,0.98
249307,-0.01,-0.19,0.97
249317,-0.00,-0.19,0.97
249326,-0.01,-0.19,0.97
249336,-0.01,-0.19,0.98
249346,-0.01,-0.18,0.98
249355,-0.01,-0.18,0.99
249365,-0.01,-0.18,0.99
249375,-0.01,-0.18,0.99
249384,-0.01,-0.18,0.98
249394,-0.01,-0.19,0.98
249403,-0.01,-0.19,0.98
249413,-0.01,-0.20,0.97
249423,-0.01,-0.20,0.97
249432,-0.01,-0.20,0.97
249442,-0.00,-0.20,0.97
249451,-0.00,-0.19,0.97
249461,-0.00,-0.19,0.97
249471,-0.00,-0.19,0.97
249480,-0.00,-0.18,0.98
249490,-0.00,-0.18,0.98
249500,-0.01,-0.18,0.99
249509,-0.02,-0.18,0.99
249519,-0.02,-0.18,0.99
249528,-0.02,-0.18,0.98
249538,-0.01,-0.19,0.98
249548,-0.01,-0.19,0.97
249557,-0.01,-0.19,0.97
249567,-0.01,-0.19,0.97
249576,-0.01,-0.20,0.98
249586,-0.02,-0.20,0.98
249596,-0.02,-0.20,0.98
249605,-0.02,-0.19,0.98
249615,-0.01,-0.18,0.98
249625,-0.01,-0.18,0.98
249634,-0.01,-0.18,0.97
249644,-0.01,-0.18,0.97
249653,-0.01,-0.18,0.98
249663,-0.01,-0.18,0.98
249673,-0.01,-0.19,0.98
249682,-0.02,-0.19,0.98
249692,-0.02,-0.19,0.98
249701,-0.01,-0.19,0.98
249711,-0.01,-0.19,0.98
249721,-0.02,-0.18,1.00
249730,-0.02,-0.18,1.01
249740,-0.01,-0.18,1.02
249750,-0.01,-0.19,1.01
249759,-0.01,-0.21,0.99
249769,-0.00,-0.23,0.98
249778,-0.00,-0.24,0.96
249788,-0.00,-0.24,0.95
249798,-0.00,-0.22,0.95
249807,0.01,-0.19,0.95
249817,0.01,-0.17,0.94
249826,0.01,-0.15,0.94
249836,0.01,-0.14,0.94
249846,0.01,-0.14,0.95
249855,-0.00,-0.15,0.96
249865,-0.01,-0.16,0.98
249875,-0.01,-0.17,0.99
249884,-0.01,-0.18,0.99
249894,-0.01,-0.19,0.98
249903,-0.00,-0.19,0.98
249913,-0.00,-0.20,0.98
249923,-0.01,-0.20,0.99
249932,-0.01,-0.20,0.99
249942,-0.02,-0.20,1.00
249951,-0.02,-0.20,1.00
249961,-0.02,-0.20,1.00
249971,-0.02,-0.21,0.99
249980,-0.02,-0.20,0.98
249990,-0.01,-0.20,0.97
250000,-0.01,-0.20,0.97
250009,-0.01,-0.19,0.97
250019,-0.02,-0.18,0.98
250028,-0.02,-0.18,0.98
250038,-0.03,-0.18,0.99
250048,-0.03,-0.18,0.99
250057,-0.02,-0.18,0.99
250067,-0.02,-0.18,0.98
250076,-0.02,-0.18,0.98
250086,-0.01,-0.18,0.98
250096,-0.01,-0.19,0.98
250105,-0.01,-0.19,0.97
250115,-0.01,-0.19,0.97
250125,-0.00,-0.19,0.96
250134,0.00,-0.19,0.96
250144,0.00,-0.18,0.96
250153,0.01,-0.18,0.97
250163,0.00,-0.17,0.97
250173,0.00,-0.17,0.98
250182,-0.00,-0.17,0.99
250192,-0.01,-0.17,0.99
250201,-0.01,-0.17,1.00
250211,-0.01,-0.18,0.99
250221,-0.01,-0.18,0.99
250230,-0.01,-0.18,0.99
250240,-0.01,-0.18,0.98
250250,-0.01,-0.19,0.98
250259,-0.01,-0.19,0.98
250269,-0.01,-0.20,0.98
250278,-0.01,-0.20,0.98
250288,-0.01,-0.21,0.98
250298,-0.02,-0.21,0.99
250307,-0.02,-0.21,0.99
250317,-0.02,-0.20,0.99
250326,-0.02,-0.19,1.00
250336,-0.02,-0.19,1.00
250346,-0.02,-0.18,1.00
250355,-0.02,-0.18,1.00
250365,-0.02,-0.18,1.00
250375,-0.01,-0.19,0.99
250384,-0.00,-0.19,0.99
250394,0.00,-0.20,0.99
250403,0.00,-0.20,0.99
250413,-0.00,-0.20,1.00
250423,-0.01,-0.22,1.02
250432,-0.01,-0.21,1.00
250442,-0.02,-0.22,1.01
250451,-0.02,-0.23,1.00
250461,-0.03,-0.23,0.99
250471,-0.04,-0.22,0.99
250480,-0.05,-0.22,0.98
250490,-0.06,-0.21,0.97
250500,-0.06,-0.19,0.96
250509,-0.06,-0.18,0.95
250519,-0.06,-0.16,0.93
250528,-0.05,-0.13,0.92
250538,-0.04,-0.12,0.92
250548,-0.01,-0.10,0.92
250557,0.01,-0.09,0.91
250567,0.04,-0.09,0.91
250576,0.06,-0.09,0.90
250586,0.08,-0.10,0.91
250596,0.09,-0.10,0.93
250605,0.08,-0.11,0.96
250615,0.06,-0.11,0.99
250625,0.05,-0.12,1.02
250634,0.03,-0.13,1.04
250644,0.01,-0.14,1.05
250653,-0.01,-0.14,1.06
250663,-0.03,-0.14,1.06
250673,-0.05,-0.14,1.06
250682,-0.06,-0.13,1.06
250692,-0.07,-0.12,1.05
250701,-0.07,-0.11,1.03
250711,-0.06,-0.11,1.02
250721,-0.05,-0.11,1.00
250730,-0.04,-0.11,0.98
250740,-0.03,-0.13,0.95
250750,-0.02,-0.16,0.94
250759,-0.02,-0.17,0.93
250769,-0.02,-0.19,0.93
250778,-0.02,-0.19,0.94
250788,-0.02,-0.20,0.94
250798,-0.03,-0.20,0.95
250807,-0.03,-0.19,0.96
250817,-0.04,-0.18,0.97
250826,-0.04,-0.16,0.98
250836,-0.04,-0.14,0.99
250846,-0.05,-0.13,1.00
250855,-0.04,-0.12,1.00
250865,-0.03,-0.12,1.00
250875,-0.02,-0.12,0.99
250884,-0.01,-0.12,0.98
250894,0.01,-0.13,0.98
250903,0.01,-0.14,0.98
250913,0.01,-0.16,0.98
250923,0.01,-0.18,0.99
250932,0.00,-0.19,1.00
250942,0.00,-0.20,1.00
250951,0.00,-0.21,1.00
250961,0.01,-0.21,1.00
250971,0.01,-0.20,1.00
250980,0.01,-0.19,0.99
250990,0.01,-0.19,0.98
251000,0.02,-0.18,0.97
251009,0.03,-0.17,0.97
251019,0.03,-0.16,0.96
251028,0.04,-0.15,0.96
251038,0.04,-0.14,0.95
251048,0.04,-0.12,0.95
251057,0.03,-0.11,0.95
251067,0.02,-0.11,0.96
251076,-0.01,-0.12,0.98
251086,-0.05,-0.13,1.00
251096,-0.09,-0.15,1.02
251105,-0.12,-0.17,1.04
251115,-0.15,-0.18,1.05
251125,-0.14,-0.17,1.04
251134,-0.13,-0.16,1.03
251144,-0.10,-0.12,1.02
251153,-0.06,-0.09,1.01
251163,-0.02,-0.07,1.00
251173,0.00,-0.06,0.99
251182,0.01,-0.07,0.98
251192,0.00,-0.10,0.98
251201,-0.02,-0.12,0.99
251211,-0.03,-0.14,0.99
251221,-0.04,-0.15,0.99
251230,-0.04,-0.15,0.99
251240,-0.03,-0.14,0.99
251250,-0.03,-0.14,0.99
251259,-0.03,-0.13,0.99
251269,-0.04,-0.12,0.99
251278,-0.03,-0.12,0.99
251288,-0.03,-0.11,0.99
251298,-0.02,-0.11,0.98
251307,-0.01,-0.11,0.98
251317,-0.01,-0.11,0.97
251326,-0.00,-0.11,0.96
251336,-0.01,-0.10,0.96
251346,-0.01,-0.10,0.96
251355,-0.02,-0.09,0.97
251365,-0.03,-0.08,0.97
251375,-0.04,-0.07,0.98
251384,-0.05,-0.06,0.99
251394,-0.05,-0.05,0.99
251403,-0.05,-0.05,0.99
251413,-0.04,-0.05,0.99
251423,-0.03,-0.06,0.99
251432,-0.03,-0.07,0.99
251442,-0.02,-0.09,1.00
251451,-0.01,-0.11,1.00
251461,-0.00,-0.14,1.00
251471,0.00,-0.16,1.00
251480,0.01,-0.18,0.99
251490,0.02,-0.20,0.99
251500,0.03,-0.21,0.99
251509,0.04,-0.22,0.98
251519,0.04,-0.22,0.98
251528,0.04,-0.23,0.97
251538,0.03,-0.23,0.97
251548,0.02,-0.24,0.97
251557,0.01,-0.23,0.97
251567,0.00,-0.22,0.97
251576,-0.01,-0.20,0.98
251586,-0.02,-0.18,0.98
251596,-0.02,-0.15,0.98
251605,-0.02,-0.12,0.98
251615,-0.02,-0.08,0.98
251625,-0.01,-0.05,0.97
251634,-0.01,-0.03,0.97
251644,-0.01,-0.02,0.97
251653,-0.02,-0.02,0.97
251663,-0.03,-0.02,0.97
251673,-0.03,-0.02,0.98
251682,-0.05,-0.03,0.99
251692,-0.06,-0.03,1.00
251701,-0.06,-0.04,1.01
251711,-0.06,-0.06,1.01
251721,-0.05,-0.07,1.02
251730,-0.03,-0.09,1.02
251740,-0.02,-0.12,1.01
251750,-0.01,-0.15,1.01
251759,-0.00,-0.18,1.01
251769,0.01,-0.20,1.01
251778,0.00,-0.23,1.02
251788,0.00,-0.25,1.02
251798,0.00,-0.26,1.01
251807,0.01,-0.26,1.00
251817,0.02,-0.26,0.99
251826,0.02,-0.26,0.98
251836,0.01,-0.24,0.97
251846,0.01,-0.22,0.96
251855,0.00,-0.20,0.95
251865,-0.00,-0.18,0.95
251875,-0.01,-0.16,0.95
251884,-0.01,-0.14,0.95
251894,-0.01,-0.11,0.96
251903,-0.01,-0.08,0.97
251913,-0.01,-0.06,0.97
251923,-0.02,-0.05,0.98
251932,-0.03,-0.05,0.98
251942,-0.03,-0.05,0.99
251951,-0.02,-0.06,1.00
251961,-0.03,-0.07,1.00
251971,-0.03,-0.10,1.01
251980,-0.02,-0.10,1.01
251990,-0.01,-0.11,1.00
252000,-0.00,-0.13,0.99
252009,-0.00,-0.15,0.98
252019,-0.01,-0.16,0.98
252028,-0.01,-0.16,0.98
252038,-0.01,-0.14,0.98
252048,-0.02,-0.13,0.98
252057,-0.01,-0.12,0.99
252067,0.00,-0.11,0.99
252076,0.00,-0.11,0.99
252086,0.00,-0.12,0.98
252096,-0.00,-0.11,0.98
252105,0.00,-0.09,0.98
252115,-0.00,-0.07,0.99
252125,-0.01,-0.06,0.99
252134,-0.01,-0.06,0.99
252144,-0.01,-0.07,0.99
252153,-0.01,-0.08,0.99
252163,-0.01,-0.10,0.99
252173,-0.01,-0.11,0.98
252182,-0.01,-0.13,0.99
252192,-0.02,-0.14,0.99
252201,-0.03,-0.15,0.99
252211,-0.04,-0.15,1.00
252221,-0.04,-0.16,0.99
252230,-0.04,-0.15,0.99
252240,-0.04,-0.14,0.98
252250,-0.03,-0.13,0.98
252259,-0.03,-0.13,0.98
252269,-0.03,-0.13,0.98
252278,-0.02,-0.15,0.98
252288,-0.02,-0.16,0.98
252298,-0.01,-0.18,0.97
252307,-0.01,-0.19,0.96
252317,-0.00,-0.20,0.96
252326,-0.01,-0.21,0.96
252336,-0.02,-0.21,0.96
252346,-0.02,-0.21,0.97
252355,-0.03,-0.21,0.97
252365,-0.04,-0.20,0.98
252375,-0.04,-0.20,0.99
252384,-0.04,-0.19,0.99
252394,-0.03,-0.17,0.99
252403,-0.03,-0.16,0.99
252413,-0.03,-0.15,0.99
252423,-0.04,-0.14,0.99
252432,-0.04,-0.13,1.00
252442,-0.05,-0.12,1.00
252451,-0.04,-0.11,1.00
252461,-0.04,-0.12,1.00
252471,-0.04,-0.12,1.00
252480,-0.03,-0.12,1.00
252490,-0.03,-0.13,1.00
252500,-0.02,-0.14,1.00
252509,-0.02,-0.14,1.00
252519,-0.02,-0.15,1.00
252528,-0.02,-0.16,1.00
252538,-0.03,-0.17,1.00
252548,-0.03,-0.18,1.00
252557,-0.04,-0.18,0.99
252567,-0.03,-0.17,0.98
252576,-0.02,-0.16,0.97
252586,-0.01,-0.15,0.96
252596,0.00,-0.15,0.95
252605,0.01,-0.15,0.95
252615,0.01,-0.15,0.95
252625,0.01,-0.15,0.95
252634,0.00,-0.15,0.96
252644,-0.00,-0.16,0.97
252653,-0.01,-0.16,0.99
252663,-0.02,-0.17,1.00
252673,-0.03,-0.18,1.01
252682,-0.04,-0.18,1.02
252692,-0.04,-0.18,1.03
252701,-0.04,-0.18,1.03
252711,-0.04,-0.17,1.02
252721,-0.03,-0.16,1.02
252730,-0.02,-0.15,1.01
252740,-0.02,-0.14,0.99
252750,-0.02,-0.14,0.98
252759,-0.02,-0.14,0.98
252769,-0.01,-0.15,0.97
252778,-0.01,-0.15,0.97
252788,-0.00,-0.15,0.97
252798,0.00,-0.16,0.96
252807,0.01,-0.16,0.96
252817,0.00,-0.16,0.96
252826,-0.00,-0.17,0.97
252836,-0.02,-0.17,0.98
252846,-0.03,-0.17,0.98
252855,-0.02,-0.17,0.99
252865,-0.00,-0.15,0.99
252875,0.02,-0.12,0.98
252884,0.03,-0.11,0.97
252894,0.02,-0.10,0.97
252903,0.00,-0.11,0.98
252913,-0.02,-0.11,0.98
252923,-0.06,-0.12,0.98
252932,-0.07,-0.12,0.98
252942,-0.07,-0.11,0.99
252951,-0.06,-0.11,0.99
252961,-0.04,-0.10,0.99
252971,-0.02,-0.10,0.99
252980,-0.01,-0.11,0.99
252990,-0.00,-0.12,0.99
253000,-0.00,-0.13,0.99
253009,-0.00,-0.14,0.99
253019,-0.01,-0.15,0.99
253028,-0.01,-0.17,0.99
253038,-0.01,-0.17,0.99
253048,-0.01,-0.17,1.00
253057,-0.02,-0.17,1.01
253067,-0.02,-0.16,1.02
253076,-0.03,-0.16,1.02
253086,-0.03,-0.15,1.01
253096,-0.02,-0.15,0.99
253105,-0.01,-0.14,0.98
253115,-0.01,-0.14,0.97
253125,-0.00,-0.14,0.96
253134,-0.00,-0.14,0.96
253144,-0.01,-0.15,0.96
253153,-0.01,-0.15,0.96
253163,-0.02,-0.15,0.96
253173,-0.02,-0.15,0.97
253182,-0.02,-0.13,0.97
253192,-0.02,-0.10,0.98
253201,-0.02,-0.08,0.99
253211,-0.03,-0.06,1.00
253221,-0.03,-0.06,1.00
253230,-0.04,-0.07,1.00
253240,-0.05,-0.08,1.00
253250,-0.05,-0.09,1.00
253259,-0.06,-0.10,1.00
253269,-0.06,-0.11,0.99
253278,-0.06,-0.12,1.00
253288,-0.07,-0.13,1.00
253298,-0.07,-0.14,1.01
253307,-0.08,-0.15,1.01
253317,-0.07,-0.16,1.00
253326,-0.04,-0.15,0.98
253336,-0.01,-0.15,0.97
253346,0.02,-0.15,0.95
253355,0.05,-0.15,0.94
253365,0.07,-0.16,0.93
253375,0.08,-0.18,0.92
253384,0.07,-0.19,0.92
253394,0.06,-0.21,0.92
253403,0.04,-0.20,0.93
253413,0.03,-0.19,0.95
253423,0.02,-0.16,0.97
253432,0.02,-0.14,0.99
253442,0.01,-0.11,1.00
253451,-0.01,-0.11,1.02
253461,-0.02,-0.12,1.02
253471,-0.04,-0.14,1.03
253480,-0.06,-0.16,1.03
253490,-0.08,-0.17,1.03
253500,-0.10,-0.18,1.04
253509,-0.11,-0.18,1.04
253519,-0.11,-0.17,1.04
253528,-0.11,-0.16,1.03
253538,-0.11,-0.14,1.02
253548,-0.11,-0.13,1.02
253557,-0.11,-0.11,1.01
253567,-0.10,-0.10,1.02
253576,-0.09,-0.09,1.02
253586,-0.09,-0.09,1.01
253596,-0.07,-0.10,1.00
253605,-0.05,-0.12,0.98
253615,-0.01,-0.13,0.97
253625,0.03,-0.13,0.96
253634,0.05,-0.15,0.96
253644,0.06,-0.17,0.95
253653,0.06,-0.20,0.95
253663,0.05,-0.24,0.93
253673,0.04,-0.26,0.93
253682,0.02,-0.28,0.93
253692,0.01,-0.28,0.94
253701,-0.00,-0.26,0.94
253711,-0.01,-0.24,0.96
253721,-0.02,-0.21,0.97
253730,-0.03,-0.17,0.99
253740,-0.04,-0.14,1.01
253750,-0.05,-0.11,1.03
253759,-0.06,-0.08,1.04
253769,-0.07,-0.06,1.05
253778,-0.07,-0.05,1.05
253788,-0.08,-0.05,1.04
253798,-0.08,-0.06,1.03
253807,-0.08,-0.06,1.01
253817,-0.07,-0.07,1.00
253826,-0.07,-0.07,0.99
253836,-0.06,-0.08,0.99
253846,-0.06,-0.09,0.98
253855,-0.06,-0.10,0.98
253865,-0.06,-0.11,0.98
253875,-0.06,-0.12,0.98
253884,-0.05,-0.12,0.97
253894,-0.03,-0.13,0.96
253903,-0.02,-0.12,0.97
253913,-0.01,-0.12,0.97
253923,0.01,-0.13,0.97
253932,0.02,-0.14,0.97
253942,0.02,-0.15,0.96
253951,0.02,-0.16,0.96
253961,0.02,-0.18,0.96
253971,0.02,-0.19,0.96
253980,0.03,-0.20,0.96
253990,0.03,-0.20,0.96
254000,0.04,-0.20,0.96
254009,0.05,-0.20,0.95
254019,0.04,-0.20,0.95
254028,0.03,-0.21,0.94
254038,0.02,-0.21,0.94
254048,0.01,-0.22,0.95
254057,-0.01,-0.22,0.95
254067,-0.02,-0.21,0.96
254076,-0.02,-0.20,0.97
254086,-0.03,-0.18,0.97
254096,-0.02,-0.15,0.98
254105,-0.02,-0.13,0.98
254115,-0.02,-0.11,0.99
254125,-0.03,-0.11,1.00
254134,-0.04,-0.10,1.01
254144,-0.04,-0.10,1.01
254153,-0.04,-0.09,1.02
254163,-0.04,-0.09,1.02
254173,-0.03,-0.09,1.03
254182,-0.03,-0.09,1.03
254192,-0.04,-0.09,1.03
254201,-0.05,-0.09,1.03
254211,-0.05,-0.10,1.03
254221,-0.06,-0.10,1.03
254230,-0.05,-0.10,1.01
254240,-0.04,-0.11,0.99
254250,-0.03,-0.12,0.98
254259,-0.02,-0.13,0.97
254269,-0.01,-0.13,0.96
254278,-0.01,-0.12,0.96
254288,0.00,-0.11,0.96
254298,0.01,-0.10,0.96
254307,0.02,-0.09,0.96
254317,0.03,-0.09,0.97
254326,0.03,-0.10,0.97
254336,0.03,-0.13,0.97
254346,0.03,-0.15,0.97
254355,0.03,-0.18,0.97
254365,0.02,-0.20,0.97
254375,0.02,-0.22,0.96
254384,0.01,-0.24,0.96
254394,0.00,-0.25,0.96
254403,-0.01,-0.26,0.96
254413,-0.02,-0.26,0.96
254423,-0.02,-0.26,0.96
254432,-0.02,-0.25,0.96
254442,-0.03,-0.24,0.96
254451,-0.03,-0.22,0.96
254461,-0.03,-0.21,0.97
254471,-0.04,-0.19,0.98
254480,-0.06,-0.16,0.99
254490,-0.07,-0.14,1.00
254500,-0.07,-0.11,1.02
254509,-0.07,-0.09,1.02
254519,-0.06,-0.08,1.02
254528,-0.05,-0.07,1.02
254538,-0.04,-0.07,1.02
254548,-0.04,-0.09,1.01
254557,-0.05,-0.11,1.01
254567,-0.05,-0.12,1.01
254576,-0.05,-0.13,1.01
254586,-0.04,-0.13,1.01
254596,-0.02,-0.13,1.00
254605,-0.01,-0.13,0.99
254615,0.01,-0.14,0.98
254625,0.01,-0.15,0.97
254634,0.00,-0.17,0.96
254644,0.00,-0.18,0.96
254653,0.00,-0.19,0.96
254663,0.00,-0.19,0.96
254673,0.01,-0.19,0.96
254682,0.02,-0.18,0.96
254692,0.02,-0.17,0.96
254701,0.02,-0.17,0.97
254711,0.01,-0.17,0.97
254721,0.00,-0.17,0.97
254730,-0.00,-0.18,0.98
254740,-0.01,-0.18,0.98
254750,-0.00,-0.18,0.98
254759,-0.01,-0.18,0.98
254769,-0.01,-0.18,0.99
254778,-0.02,-0.18,0.99
254788,-0.03,-0.18,0.99
254798,-0.03,-0.18,0.99
254807,-0.04,-0.18,0.99
254817,-0.04,-0.17,1.00
254826,-0.04,-0.16,1.00
254836,-0.04,-0.14,1.00
254846,-0.04,-0.14,1.00
254855,-0.04,-0.13,1.00
254865,-0.05,-0.13,1.00
254875,-0.05,-0.13,1.00
254884,-0.05,-0.14,0.99
254894,-0.04,-0.14,0.98
254903,-0.03,-0.14,0.98
254913,-0.01,-0.15,0.97
254923,-0.00,-0.15,0.97
254932,-0.00,-0.16,0.98
254942,-0.01,-0.17,0.98
254951,-0.01,-0.17,0.98
254961,-0.02,-0.17,0.99
254971,-0.02,-0.17,0.99
254980,-0.02,-0.17,0.99
254990,-0.02,-0.16,0.98
255000,-0.02,-0.16,0.98
255009,-0.02,-0.16,0.97
255019,-0.02,-0.16,0.97
255028,-0.02,-0.15,0.98
255038,-0.03,-0.15,0.98
255048,-0.03,-0.15,0.98
255057,-0.04,-0.15,0.98
255067,-0.03,-0.15,0.97
255076,-0.03,-0.15,0.97
255086,-0.03,-0.14,0.97
255096,-0.02,-0.13,0.97
255105,-0.01,-0.13,0.97
255115,-0.01,-0.13,0.98
255125,-0.02,-0.14,0.98
255134,-0.03,-0.15,0.99
255144,-0.04,-0.15,0.99
255153,-0.05,-0.16,0.99
255163,-0.04,-0.15,0.99
255173,-0.04,-0.15,0.99
255182,-0.03,-0.14,0.99
255192,-0.02,-0.13,0.99
255201,-0.02,-0.14,0.99
255211,-0.03,-0.15,0.99
255221,-0.04,-0.17,0.99
255230,-0.04,-0.17,0.99
255240,-0.04,-0.17,0.99
255250,-0.03,-0.16,0.99
255259,-0.03,-0.15,0.99
255269,-0.02,-0.14,0.99
255278,-0.01,-0.13,0.99
255288,-0.01,-0.13,0.99
255298,-0.01,-0.14,0.98
255307,-0.02,-0.14,0.99
255317,-0.03,-0.14,0.99
255326,-0.04,-0.14,0.99
255336,-0.04,-0.13,0.99
255346,-0.03,-0.13,0.98
255355,-0.03,-0.13,0.97
255365,-0.03,-0.13,0.96
255375,-0.03,-0.13,0.97
255384,-0.03,-0.13,0.97
255394,-0.03,-0.14,0.98
255403,-0.03,-0.15,0.98
255413,-0.03,-0.16,0.98
255423,-0.04,-0.17,0.99
255432,-0.03,-0.17,0.99
255442,-0.03,-0.17,0.99
255451,-0.03,-0.16,0.99
255461,-0.02,-0.16,0.98
255471,-0.03,-0.15,0.98
255480,-0.03,-0.15,0.98
255490,-0.04,-0.15,0.98
255500,-0.04,-0.15,0.98
255509,-0.04,-0.15,0.99
255519,-0.04,-0.15,0.99
255528,-0.03,-0.15,0.98
255538,-0.02,-0.15,0.98
255548,-0.02,-0.15,0.98
255557,-0.02,-0.15,0.99
255567,-0.02,-0.16,0.99
255576,-0.02,-0.16,0.99
255586,-0.02,-0.17,0.99
255596,-0.01,-0.17,0.99
255605,-0.01,-0.17,0.98
255615,-0.01,-0.16,0.99
255625,-0.01,-0.15,0.99
255634,-0.02,-0.15,0.99
255644,-0.02,-0.15,0.99
255653,-0.02,-0.15,0.99
255663,-0.02,-0.14,0.99
255673,-0.02,-0.14,0.99
255682,-0.02,-0.13,0.98
255692,-0.02,-0.13,0.98
255701,-0.02,-0.14,0.98
255711,-0.02,-0.14,0.97
255721,-0.01,-0.13,0.97
255730,-0.01,-0.13,0.97
255740,-0.00,-0.13,0.97
255750,-0.01,-0.14,0.97
255759,-0.02,-0.15,0.97
255769,-0.03,-0.16,0.97
255778,-0.05,-0.16,0.98
255788,-0.06,-0.15,1.00
255798,-0.06,-0.14,1.01
255807,-0.05,-0.14,1.01
255817,-0.04,-0.13,1.01
255826,-0.03,-0.14,1.00
255836,-0.03,-0.14,1.00
255846,-0.03,-0.14,0.99
255855,-0.02,-0.14,0.99
255865,-0.02,-0.14,0.98
255875,-0.02,-0.14,0.98
255884,-0.02,-0.15,0.98
255894,-0.02,-0.15,0.97
255903,-0.03,-0.15,0.97
255913,-0.02,-0.15,0.97
255923,-0.03,-0.15,0.97
255932,-0.03,-0.15,0.97
255942,-0.03,-0.15,0.97
255951,-0.03,-0.15,0.97
255961,-0.02,-0.15,0.98
255971,-0.02,-0.15,0.98
255980,-0.02,-0.15,0.98
255990,-0.02,-0.16,0.99
256000,-0.03,-0.16,1.00
256009,-0.03,-0.17,1.00
256019,-0.04,-0.17,1.01
256028,-0.04,-0.17,1.00
256038,-0.03,-0.16,1.00
256048,-0.02,-0.15,0.99
256057,-0.02,-0.15,0.98
256067,-0.01,-0.14,0.98
256076,-0.01,-0.14,0.98
256086,-0.02,-0.15,0.98
256096,-0.02,-0.15,0.98
256105,-0.02,-0.15,0.99
256115,-0.02,-0.15,0.99
256125,-0.02,-0.15,0.98
256134,-0.01,-0.15,0.98
256144,-0.01,-0.15,0.98
256153,-0.02,-0.15,0.98
256163,-0.03,-0.15,0.98
256173,-0.03,-0.14,0.98
256182,-0.04,-0.14,0.98
256192,-0.04,-0.14,0.98
256201,-0.03,-0.13,0.99
256211,-0.03,-0.13,0.99
256221,-0.04,-0.13,0.99
256230,-0.04,-0.13,1.00
256240,-0.05,-0.12,1.00
256250,-0.05,-0.12,1.00
256259,-0.05,-0.12,0.99
256269,-0.04,-0.12,0.99
256278,-0.04,-0.12,0.98
256288,-0.03,-0.13,0.97
256298,-0.03,-0.14,0.97
256307,-0.03,-0.15,0.98
256317,-0.03,-0.16,0.98
256326,-0.03,-0.16,0.98
256336,-0.03,-0.16,0.98
256346,-0.02,-0.16,0.98
256355,-0.02,-0.16,0.98
256365,-0.02,-0.16,0.99
256375,-0.02,-0.16,0.99
256384,-0.02,-0.15,1.00
256394,-0.02,-0.15,1.00
256403,-0.02,-0.16,0.99
256413,-0.03,-0.16,0.99
256423,-0.03,-0.16,0.99
256432,-0.04,-0.16,0.98
256442,-0.04,-0.16,0.98
256451,-0.04,-0.15,0.98
256461,-0.04,-0.14,0.98
256471,-0.03,-0.14,0.98
256480,-0.03,-0.13,0.98
256490,-0.03,-0.12,0.98
256500,-0.02,-0.12,0.98
256509,-0.02,-0.13,0.98
256519,-0.02,-0.14,0.98
256528,-0.01,-0.15,0.98
256538,-0.01,-0.16,0.98
256548,-0.02,-0.16,0.98
256557,-0.02,-0.17,0.99
256567,-0.02,-0.16,0.99
256576,-0.02,-0.16,0.98
256586,-0.02,-0.15,0.98
256596,-0.03,-0.14,0.98
256605,-0.03,-0.14,0.99
256615,-0.04,-0.13,0.99
256625,-0.04,-0.12,0.99
256634,-0.04,-0.12,0.99
256644,-0.04,-0.12,0.99
256653,-0.04,-0.12,0.99
256663,-0.03,-0.13,0.99
256673,-0.03,-0.13,0.98
256682,-0.02,-0.13,0.98
256692,-0.02,-0.13,0.98
256701,-0.02,-0.13,0.98
256711,-0.02,-0.13,0.99
256721,-0.02,-0.13,0.99
256730,-0.03,-0.14,0.99
256740,-0.03,-0.14,0.99
256750,-0.03,-0.14,1.00
256759,-0.03,-0.13,1.00
256769,-0.02,-0.12,0.99
256778,-0.02,-0.12,0.99
256788,-0.02,-0.12,0.98
256798,-0.01,-0.13,0.97
256807,-0.01,-0.13,0.97
256817,-0.00,-0.13,0.97
256826,0.00,-0.14,0.97
256836,-0.00,-0.14,0.98
256846,-0.01,-0.15,0.98
256855,-0.02,-0.14,0.99
256865,-0.02,-0.13,1.00
256875,-0.02,-0.12,1.01
256884,-0.01,-0.12,1.01
256894,-0.01,-0.13,1.00
256903,0.00,-0.15,0.99
256913,0.00,-0.17,0.99
256923,0.00,-0.18,0.98
256932,-0.00,-0.20,0.97
256942,-0.01,-0.21,0.97
256951,-0.02,-0.21,0.97
256961,-0.02,-0.21,0.97
256971,-0.03,-0.20,0.97
256980,-0.03,-0.18,0.97
256990,-0.04,-0.16,0.98
257000,-0.04,-0.14,0.99
257009,-0.04,-0.13,0.99
257019,-0.05,-0.12,1.00
257028,-0.05,-0.12,1.00
257038,-0.05,-0.12,1.00
257048,-0.04,-0.12,1.00
257057,-0.03,-0.12,1.00
257067,-0.03,-0.11,1.00
257076,-0.02,-0.11,1.00
257086,-0.01,-0.11,1.00
257096,-0.01,-0.11,1.00
257105,-0.01,-0.12,0.99
257115,-0.01,-0.12,0.99
257125,-0.01,-0.12,0.99
257134,-0.00,-0.12,0.98
257144,-0.00,-0.12,0.97
257153,-0.01,-0.12,0.97
257163,-0.01,-0.12,0.97
257173,-0.01,-0.12,0.96
257182,-0.01,-0.13,0.96
257192,-0.01,-0.14,0.96
257201,-0.01,-0.15,0.95
257211,-0.01,-0.16,0.95
257221,-0.01,-0.17,0.96
257230,-0.02,-0.18,0.97
257240,-0.04,-0.18,0.98
257250,-0.05,-0.18,0.99
257259,-0.06,-0.17,1.00
257269,-0.07,-0.16,1.01
257278,-0.07,-0.15,1.01
257288,-0.08,-0.15,1.01
257298,-0.08,-0.14,1.01
257307,-0.07,-0.14,1.00
257317,-0.07,-0.14,1.00
257326,-0.07,-0.14,1.00
257336,-0.07,-0.14,1.00
257346,-0.06,-0.15,1.00
257355,-0.05,-0.15,0.99
257365,-0.04,-0.15,0.99
257375,-0.03,-0.16,0.99
257384,-0.02,-0.16,0.98
257394,-0.02,-0.17,0.98
257403,-0.02,-0.17,0.98
257413,-0.01,-0.16,0.99
257423,-0.01,-0.16,0.99
257432,-0.01,-0.16,0.99
257442,-0.00,-0.15,0.99
257451,-0.00,-0.15,0.99
257461,-0.00,-0.15,0.98
257471,-0.00,-0.15,0.98
257480,-0.01,-0.15,0.98
257490,-0.02,-0.15,0.98
257500,-0.02,-0.14,0.98
257509,-0.03,-0.14,0.98
257519,-0.03,-0.14,0.98
257528,-0.03,-0.13,0.98
257538,-0.03,-0.13,0.98
257548,-0.04,-0.13,0.98
257557,-0.04,-0.12,0.98
257567,-0.03,-0.11,0.98
257576,-0.03,-0.11,0.98
257586,-0.03,-0.12,0.98
257596,-0.03,-0.12,0.98
257605,-0.03,-0.13,0.98
257615,-0.02,-0.13,0.98
257625,-0.02,-0.14,0.98
257634,-0.02,-0.14,0.98
257644,-0.03,-0.15,0.98
257653,-0.03,-0.16,0.98
257663,-0.03,-0.16,0.99
257673,-0.04,-0.16,0.99
257682,-0.05,-0.16,1.00
257692,-0.04,-0.16,1.01
257701,-0.04,-0.16,1.02
257711,-0.04,-0.18,1.02
257721,-0.04,-0.19,1.01
257730,-0.04,-0.20,1.00
257740,-0.04,-0.19,0.99
257750,-0.03,-0.18,0.99
257759,-0.03,-0.15,0.98
257769,-0.02,-0.13,0.98
257778,-0.03,-0.11,0.98
257788,-0.04,-0.11,0.99
257798,-0.04,-0.11,0.99
257807,-0.05,-0.11,1.00
257817,-0.05,-0.11,1.00
257826,-0.05,-0.11,0.99
257836,-0.04,-0.11,0.98
257846,-0.03,-0.10,0.98
257855,-0.02,-0.09,0.98
257865,-0.02,-0.10,0.98
257875,-0.03,-0.10,0.99
257884,-0.03,-0.10,1.00
257894,-0.03,-0.11,1.00
257903,-0.03,-0.11,0.99
257913,-0.02,-0.12,0.98
257923,-0.02,-0.12,0.97
257932,-0.01,-0.12,0.97
257942,0.00,-0.14,0.96
257951,0.01,-0.15,0.95
257961,0.01,-0.17,0.95
257971,0.00,-0.18,0.96
257980,0.00,-0.19,0.96
257990,-0.00,-0.20,0.97
258000,-0.01,-0.20,0.98
258009,-0.01,-0.20,0.98
258019,-0.00,-0.19,0.98
258028,-0.00,-0.19,0.99
258038,-0.01,-0.18,0.99
258048,-0.01,-0.18,0.99
258057,-0.02,-0.19,0.99
258067,-0.03,-0.19,0.99
258076,-0.03,-0.19,0.99
258086,-0.03,-0.19,0.98
258096,-0.03,-0.19,0.98
258105,-0.04,-0.18,0.97
258115,-0.04,-0.17,0.97
258125,-0.05,-0.15,0.98
258134,-0.06,-0.13,0.99
258144,-0.07,-0.12,1.00
258153,-0.08,-0.10,1.01
258163,-0.09,-0.08,1.01
258173,-0.09,-0.07,1.02
258182,-0.08,-0.05,1.02
258192,-0.07,-0.04,1.02
258201,-0.06,-0.04,1.01
258211,-0.05,-0.06,1.01
258221,-0.05,-0.07,1.01
258230,-0.04,-0.09,1.01
258240,-0.04,-0.11,1.00
258250,-0.03,-0.12,1.00
258259,-0.01,-0.13,0.99
258269,0.00,-0.14,0.98
258278,0.02,-0.15,0.97
258288,0.02,-0.16,0.96
258298,0.02,-0.17,0.96
258307,0.02,-0.17,0.96
258317,0.01,-0.16,0.96
258326,0.01,-0.15,0.97
258336,0.00,-0.13,0.97
258346,-0.00,-0.12,0.98
258355,-0.00,-0.11,0.98
258365,-0.00,-0.12,0.98
258375,-0.01,-0.13,0.97
258384,-0.01,-0.14,0.97
258394,-0.01,-0.14,0.97
258403,-0.01,-0.14,0.97
258413,-0.01,-0.15,0.97
258423,-0.01,-0.16,0.97
258432,-0.01,-0.17,0.97
258442,-0.02,-0.18,0.97
258451,-0.02,-0.19,0.98
258461,-0.03,-0.19,0.98
258471,-0.03,-0.19,0.99
258480,-0.04,-0.18,0.99
258490,-0.05,-0.17,0.99
258500,-0.05,-0.17,1.00
258509,-0.06,-0.16,1.00
258519,-0.07,-0.15,1.00
258528,-0.07,-0.15,1.00
258538,-0.07,-0.14,1.01
258548,-0.07,-0.12,1.01
258557,-0.06,-0.12,1.01
258567,-0.06,-0.12,1.01
258576,-0.06,-0.12,1.00
258586,-0.06,-0.12,1.00
258596,-0.05,-0.12,1.00
258605,-0.05,-0.13,0.99
258615,-0.04,-0.13,0.99
258625,-0.04,-0.14,0.98
258634,-0.03,-0.14,0.97
258644,-0.02,-0.14,0.97
258653,-0.02,-0.14,0.97
258663,-0.02,-0.14,0.97
258673,-0.01,-0.14,0.98
258682,-0.01,-0.14,0.99
258692,-0.02,-0.14,0.99
258701,-0.02,-0.14,1.00
258711,-0.01,-0.14,1.00
258721,-0.01,-0.14,0.99
258730,-0.02,-0.14,0.99
258740,-0.02,-0.15,0.99
258750,-0.03,-0.15,0.99
258759,-0.03,-0.15,0.99
258769,-0.03,-0.16,0.99
258778,-0.03,-0.15,0.98
258788,-0.03,-0.15,0.98
258798,-0.03,-0.14,0.97
258807,-0.03,-0.14,0.97
258817,-0.03,-0.14,0.97
258826,-0.04,-0.15,0.97
258836,-0.04,-0.15,0.97
258846,-0.04,-0.15,0.98
258855,-0.05,-0.14,0.98
258865,-0.05,-0.13,0.99
258875,-0.04,-0.12,0.99
258884,-0.03,-0.12,0.99
258894,-0.03,-0.12,0.99
258903,-0.03,-0.12,0.99
258913,-0.02,-0.12,1.00
258923,-0.02,-0.13,1.00
258932,-0.02,-0.13,1.00
258942,-0.02,-0.14,1.00
258951,-0.02,-0.15,1.00
258961,-0.03,-0.16,1.00
258971,-0.03,-0.17,1.00
258980,-0.03,-0.17,0.99
258990,-0.04,-0.18,0.99
259000,-0.05,-0.17,0.99
259009,-0.05,-0.17,0.99
259019,-0.06,-0.16,0.99
259028,-0.06,-0.16,0.98
259038,-0.06,-0.16,0.98
259048,-0.06,-0.15,0.97
259057,-0.05,-0.15,0.97
259067,-0.05,-0.15,0.96
259076,-0.04,-0.16,0.96
259086,-0.04,-0.15,0.96
259096,-0.04,-0.15,0.97
259105,-0.04,-0.15,0.98
259115,-0.03,-0.15,0.98
259125,-0.03,-0.15,0.99
259134,-0.03,-0.15,0.99
259144,-0.03,-0.14,1.00
259153,-0.03,-0.14,1.00
259163,-0.03,-0.13,1.01
259173,-0.04,-0.13,1.01
259182,-0.04,-0.13,1.01
259192,-0.04,-0.13,1.01
259201,-0.04,-0.13,1.00
259211,-0.04,-0.13,0.99
259221,-0.03,-0.12,0.99
259230,-0.02,-0.12,0.98
259240,-0.02,-0.11,0.98
259250,-0.02,-0.11,0.98
259259,-0.03,-0.11,0.99
259269,-0.04,-0.12,0.99
259278,-0.04,-0.12,0.99
259288,-0.04,-0.12,0.99
259298,-0.04,-0.12,0.98
259307,-0.03,-0.11,0.98
259317,-0.03,-0.11,0.98
259326,-0.03,-0.11,0.99
259336,-0.03,-0.12,1.00
259346,-0.04,-0.14,1.00
259355,-0.05,-0.15,1.00
259365,-0.05,-0.15,1.00
259375,-0.05,-0.14,1.00
259384,-0.05,-0.13,0.99
259394,-0.05,-0.11,0.99
259403,-0.05,-0.09,0.99
259413,-0.05,-0.08,0.99
259423,-0.04,-0.07,0.99
259432,-0.03,-0.07,0.98
259442,-0.01,-0.08,0.97
259451,-0.00,-0.10,0.97
259461,0.01,-0.11,0.96
259471,0.02,-0.13,0.97
259480,0.01,-0.14,0.97
259490,-0.00,-0.15,0.97
259500,-0.01,-0.16,0.97
259509,-0.01,-0.16,0.97
259519,-0.01,-0.15,0.98
259528,-0.01,-0.15,0.98
259538,-0.01,-0.15,0.98
259548,-0.01,-0.17,0.98
259557,-0.01,-0.19,0.97
259567,-0.02,-0.21,0.97
259576,-0.02,-0.22,0.98
259586,-0.02,-0.23,0.98
259596,-0.02,-0.24,0.99
259605,-0.03,-0.24,1.00
259615,-0.04,-0.23,1.01
259625,-0.05,-0.22,1.01
259634,-0.05,-0.21,1.02
259644,-0.06,-0.18,1.02
259653,-0.07,-0.16,1.02
259663,-0.07,-0.14,1.03
259673,-0.06,-0.12,1.03
259682,-0.06,-0.11,1.02
259692,-0.05,-0.10,1.01
259701,-0.05,-0.10,1.00
259711,-0.05,-0.11,0.99
259721,-0.04,-0.11,0.99
259730,-0.04,-0.12,0.99
259740,-0.04,-0.13,0.99
259750,-0.04,-0.14,0.99
259759,-0.03,-0.13,0.98
259769,-0.02,-0.12,0.98
259778,-0.01,-0.10,0.97
259788,-0.00,-0.08,0.97
259798,0.00,-0.06,0.96
259807,0.01,-0.05,0.95
259817,0.02,-0.04,0.95
259826,0.02,-0.04,0.95
259836,0.02,-0.05,0.95
259846,0.01,-0.06,0.95
259855,0.01,-0.06,0.96
259865,-0.00,-0.07,0.97
259875,-0.02,-0.07,0.98
259884,-0.03,-0.07,1.00
259894,-0.05,-0.08,1.01
259903,-0.05,-0.09,1.02
259913,-0.06,-0.10,1.02
259923,-0.06,-0.10,1.02
259932,-0.05,-0.11,1.01
259942,-0.05,-0.11,1.00
259951,-0.04,-0.11,0.99
259961,-0.04,-0.11,0.98
259971,-0.03,-0.11,0.98
259980,-0.02,-0.11,0.97
259990,-0.02,-0.12,0.97
260000,-0.03,-0.12,0.97
260009,-0.03,-0.13,0.97
260019,-0.04,-0.13,0.98
260028,-0.04,-0.13,0.98
260038,-0.04,-0.12,0.98
260048,-0.04,-0.11,0.98
260057,-0.03,-0.11,0.98
260067,-0.02,-0.11,0.98
260076,-0.03,-0.12,0.98
260086,-0.03,-0.13,0.99
260096,-0.04,-0.14,0.99
260105,-0.05,-0.16,1.00
260115,-0.05,-0.16,1.00
260125,-0.06,-0.16,1.00
260134,-0.06,-0.15,1.00
260144,-0.05,-0.14,1.00
260153,-0.06,-0.14,1.00
260163,-0.06,-0.13,1.00
260173,-0.06,-0.12,1.00
260182,-0.06,-0.12,1.00
260192,-0.06,-0.12,1.00
260201,-0.06,-0.12,0.99
260211,-0.05,-0.12,0.98
260221,-0.04,-0.12,0.98
260230,-0.04,-0.11,0.98
260240,-0.03,-0.11,0.97
260250,-0.03,-0.11,0.97
260259,-0.03,-0.11,0.98
260269,-0.03,-0.11,0.98
260278,-0.02,-0.11,0.98
260288,-0.02,-0.10,0.98
260298,-0.01,-0.09,0.99
260307,0.00,-0.10,0.98
260317,0.01,-0.11,0.98
260326,0.02,-0.12,0.97
260336,0.02,-0.14,0.97
260346,0.02,-0.14,0.97
260355,0.02,-0.16,0.98
260365,0.01,-0.17,0.99
260375,-0.00,-0.19,0.99
260384,-0.01,-0.21,0.99
260394,-0.03,-0.21,1.00
260403,-0.05,-0.21,1.00
260413,-0.06,-0.21,1.01
260423,-0.08,-0.20,1.00
260432,-0.08,-0.20,1.00
260442,-0.09,-0.19,0.99
260451,-0.08,-0.17,0.98
260461,-0.08,-0.15,0.97
260471,-0.07,-0.13,0.96
260480,-0.06,-0.11,0.96
260490,-0.06,-0.10,0.97
260500,-0.06,-0.10,0.98
260509,-0.06,-0.11,1.00
260519,-0.07,-0.13,1.01
260528,-0.07,-0.13,1.01
260538,-0.07,-0.14,1.02
260548,-0.07,-0.13,1.01
260557,-0.06,-0.12,1.01
260567,-0.05,-0.11,1.00
260576,-0.04,-0.10,1.00
260586,-0.04,-0.10,0.99
260596,-0.03,-0.10,0.98
260605,-0.03,-0.11,0.98
260615,-0.03,-0.11,0.98
260625,-0.02,-0.11,0.97
260634,-0.02,-0.11,0.97
260644,-0.01,-0.10,0.97
260653,0.00,-0.10,0.97
260663,0.01,-0.10,0.96
260673,0.01,-0.11,0.97
260682,0.01,-0.12,0.97
260692,0.01,-0.13,0.98
260701,0.01,-0.14,0.98
260711,0.01,-0.15,0.98
260721,0.01,-0.16,0.98
260730,0.00,-0.16,0.97
260740,0.00,-0.17,0.98
260750,-0.01,-0.17,0.98
260759,-0.02,-0.17,0.99
260769,-0.03,-0.17,1.00
260778,-0.04,-0.17,1.00
260788,-0.04,-0.16,1.00
260798,-0.05,-0.15,1.00
260807,-0.05,-0.14,1.00
260817,-0.05,-0.13,1.00
260826,-0.05,-0.13,1.00
260836,-0.05,-0.13,0.99
260846,-0.05,-0.14,0.99
260855,-0.05,-0.14,0.99
260865,-0.05,-0.14,0.99
260875,-0.05,-0.14,0.99
260884,-0.05,-0.14,0.99
260894,-0.04,-0.14,0.98
260903,-0.04,-0.13,0.98
260913,-0.03,-0.13,0.98
260923,-0.03,-0.13,0.98
260932,-0.03,-0.14,0.99
260942,-0.04,-0.14,1.00
260951,-0.04,-0.15,1.00
260961,-0.04,-0.16,1.00
260971,-0.04,-0.15,1.00
260980,-0.04,-0.15,1.00
260990,-0.04,-0.14,1.00
261000,-0.04,-0.13,0.99
261009,-0.04,-0.13,0.99
261019,-0.04,-0.12,0.98
261028,-0.03,-0.13,0.97
261038,-0.03,-0.13,0.97
261048,-0.03,-0.14,0.96
261057,-0.03,-0.14,0.96
261067,-0.03,-0.13,0.97
261076,-0.03,-0.13,0.97
261086,-0.04,-0.13,0.98
261096,-0.04,-0.14,0.99
261105,-0.04,-0.14,0.99
261115,-0.04,-0.14,0.99
261125,-0.04,-0.13,0.99
261134,-0.03,-0.12,0.99
261144,-0.03,-0.12,1.00
261153,-0.03,-0.12,1.00
261163,-0.04,-0.13,1.01
261173,-0.04,-0.14,1.00
261182,-0.04,-0.14,1.00
261192,-0.04,-0.13,1.00
261201,-0.04,-0.12,0.99
261211,-0.04,-0.11,0.99
261221,-0.03,-0.11,0.98
261230,-0.03,-0.10,0.98
261240,-0.03,-0.10,0.98
261250,-0.03,-0.10,0.98
261259,-0.04,-0.11,0.99
261269,-0.04,-0.11,0.99
261278,-0.04,-0.11,0.99
261288,-0.04,-0.11,1.00
261298,-0.04,-0.11,1.00
261307,-0.04,-0.11,1.01
261317,-0.04,-0.11,1.01
261326,-0.04,-0.12,1.01
261336,-0.04,-0.13,1.00
261346,-0.04,-0.13,0.99
261355,-0.03,-0.12,0.99
261365,-0.03,-0.12,0.98
261375,-0.02,-0.12,0.98
261384,-0.02,-0.12,0.97
261394,-0.03,-0.12,0.97
261403,-0.02,-0.12,0.98
261413,-0.02,-0.12,0.98
261423,-0.02,-0.12,0.98
261432,-0.02,-0.13,0.98
261442,-0.02,-0.13,0.98
261451,-0.03,-0.13,0.98
261461,-0.03,-0.14,0.98
261471,-0.03,-0.14,0.98
261480,-0.03,-0.14,0.98
261490,-0.03,-0.13,0.98
261500,-0.03,-0.12,0.98
261509,-0.02,-0.12,0.98
261519,-0.03,-0.12,0.99
261528,-0.03,-0.12,0.99
261538,-0.04,-0.13,1.00
261548,-0.06,-0.15,1.01
261557,-0.06,-0.15,1.02
261567,-0.05,-0.14,1.02
261576,-0.04,-0.14,1.01
261586,-0.03,-0.13,1.00
261596,-0.02,-0.13,1.00
261605,-0.02,-0.13,0.99
261615,-0.03,-0.13,0.99
261625,-0.03,-0.13,0.99
261634,-0.04,-0.12,0.99
261644,-0.04,-0.12,0.99
261653,-0.04,-0.11,0.99
261663,-0.03,-0.11,0.98
261673,-0.03,-0.11,0.98
261682,-0.03,-0.11,0.98
261692,-0.04,-0.12,0.98
261701,-0.05,-0.13,0.98
261711,-0.06,-0.13,0.99
261721,-0.06,-0.13,0.99
261730,-0.05,-0.13,0.99
261740,-0.04,-0.12,0.98
261750,-0.04,-0.12,0.97
261759,-0.03,-0.12,0.97
261769,-0.02,-0.13,0.97
261778,-0.02,-0.13,0.98
261788,-0.02,-0.14,0.98
261798,-0.02,-0.15,0.99
261807,-0.03,-0.16,0.99
261817,-0.03,-0.17,1.00
261826,-0.03,-0.17,0.99
261836,-0.03,-0.17,0.99
261846,-0.03,-0.17,0.98
261855,-0.02,-0.16,0.98
261865,-0.02,-0.15,0.97
261875,-0.02,-0.15,0.97
261884,-0.02,-0.14,0.97
261894,-0.02,-0.15,0.97
261903,-0.02,-0.15,0.97
261913,-0.02,-0.15,0.97
261923,-0.01,-0.15,0.97
261932,-0.01,-0.15,0.97
261942,-0.01,-0.15,0.98
261951,-0.02,-0.16,0.98
261961,-0.02,-0.16,0.99
261971,-0.02,-0.16,0.99
261980,-0.02,-0.15,0.99
261990,-0.02,-0.15,0.99
262000,-0.02,-0.14,0.99
262009,-0.02,-0.14,0.99
262019,-0.02,-0.13,1.00
262028,-0.02,-0.13,1.00
262038,-0.02,-0.14,1.00
262048,-0.02,-0.14,1.00
262057,-0.02,-0.14,1.00
262067,-0.01,-0.15,0.99
262076,-0.01,-0.15,0.98
262086,-0.00,-0.15,0.98
262096,-0.01,-0.15,0.98
262105,-0.01,-0.15,0.98
262115,-0.01,-0.14,0.99
262125,-0.02,-0.14,0.99
262134,-0.02,-0.14,0.99
262144,-0.02,-0.14,0.99
262153,-0.02,-0.15,0.99
262163,-0.02,-0.15,0.99
262173,-0.02,-0.15,0.99
262182,-0.02,-0.15,0.99
262192,-0.02,-0.15,0.99
262201,-0.02,-0.15,0.98
262211,-0.01,-0.15,0.97
262221,-0.01,-0.15,0.97
262230,-0.01,-0.15,0.97
262240,-0.01,-0.15,0.97
262250,-0.02,-0.15,0.98
262259,-0.02,-0.16,0.98
262269,-0.02,-0.16,0.98
262278,-0.02,-0.16,0.98
262288,-0.02,-0.16,0.98
262298,-0.02,-0.16,0.98
262307,-0.02,-0.16,0.98
262317,-0.02,-0.16,0.98
262326,-0.02,-0.15,0.98
262336,-0.02,-0.15,0.98
262346,-0.02,-0.16,0.98
262355,-0.02,-0.15,0.98
262365,-0.02,-0.15,0.99
262375,-0.02,-0.15,1.00
262384,-0.03,-0.15,1.00
262394,-0.03,-0.16,0.99
262403,-0.03,-0.17,0.99
262413,-0.03,-0.17,0.98
262423,-0.02,-0.16,0.98
262432,-0.01,-0.14,0.98
262442,-0.01,-0.14,0.98
262451,-0.00,-0.16,0.97
262461,-0.00,-0.17,0.97
262471,-0.01,-0.17,0.97
262480,-0.01,-0.17,0.98
262490,-0.01,-0.16,0.98
262500,-0.01,-0.15,0.98
262509,-0.01,-0.15,0.98
262519,-0.01,-0.15,0.98
262528,-0.01,-0.16,0.98
262538,-0.01,-0.16,0.98
262548,-0.01,-0.17,0.99
262557,-0.02,-0.17,0.99
262567,-0.02,-0.17,0.99
262576,-0.01,-0.17,0.98
262586,-0.01,-0.17,0.98
262596,-0.01,-0.17,0.98
262605,-0.01,-0.16,0.98
262615,-0.01,-0.16,0.98
262625,-0.02,-0.17,0.98
262634,-0.02,-0.17,0.98
262644,-0.02,-0.16,0.98
262653,-0.02,-0.16,0.98
262663,-0.01,-0.16,0.98
262673,-0.01,-0.16,0.98
262682,-0.01,-0.16,0.98
262692,-0.01,-0.16,0.98
262701,-0.01,-0.16,0.99
262711,-0.02,-0.16,1.00
262721,-0.02,-0.16,1.00
262730,-0.02,-0.16,1.00
262740,-0.01,-0.16,0.99
262750,-0.01,-0.15,0.99
262759,-0.01,-0.15,0.99
262769,-0.01,-0.14,0.99
262778,-0.01,-0.14,0.99
262788,-0.02,-0.15,0.99
262798,-0.02,-0.15,0.99
262807,-0.02,-0.16,0.99
262817,-0.02,-0.16,0.98
262826,-0.01,-0.16,0.98
262836,-0.01,-0.16,0.98
262846,-0.01,-0.15,0.97
262855,-0.01,-0.15,0.97
262865,-0.01,-0.15,0.98
262875,-0.01,-0.15,0.98
262884,-0.01,-0.15,0.98
262894,-0.02,-0.15,0.98
262903,-0.01,-0.16,0.98
262913,-0.01,-0.16,0.98
262923,-0.01,-0.16,0.98
262932,-0.01,-0.17,0.98
262942,-0.02,-0.16,0.98
262951,-0.02,-0.16,0.99
262961,-0.02,-0.16,0.99
262971,-0.02,-0.15,0.98
262980,-0.02,-0.15,0.98
262990,-0.02,-0.15,0.98
263000,-0.02,-0.15,0.99
263009,-0.02,-0.16,0.99
263019,-0.02,-0.17,0.98
263028,-0.02,-0.17,0.98
263038,-0.02,-0.17,0.98
263048,-0.02,-0.17,0.98
263057,-0.02,-0.16,0.98
263067,-0.01,-0.15,0.98
263076,-0.02,-0.15,0.98
263086,-0.02,-0.15,0.98
263096,-0.02,-0.15,0.98
263105,-0.02,-0.15,0.99
263115,-0.02,-0.15,0.99
263125,-0.02,-0.15,0.99
263134,-0.02,-0.16,0.99
263144,-0.02,-0.16,0.99
263153,-0.02,-0.16,0.99
263163,-0.02,-0.16,0.99
263173,-0.02,-0.16,0.99
263182,-0.02,-0.17,0.99
263192,-0.02,-0.17,0.98
263201,-0.02,-0.16,0.98
263211,-0.02,-0.15,0.98
263221,-0.02,-0.14,0.98
263230,-0.02,-0.14,0.98
263240,-0.02,-0.15,0.98
263250,-0.02,-0.15,0.98
263259,-0.02,-0.16,0.98
263269,-0.02,-0.16,0.99
263278,-0.02,-0.16,0.99
263288,-0.02,-0.16,0.99
263298,-0.02,-0.16,0.99
263307,-0.02,-0.16,0.98
263317,-0.02,-0.16,0.98
263326,-0.01,-0.15,0.98
263336,-0.01,-0.15,0.98
263346,-0.01,-0.15,0.98
263355,-0.01,-0.15,0.98
263365,-0.02,-0.15,0.98
263375,-0.02,-0.15,0.99
263384,-0.02,-0.16,0.99
263394,-0.02,-0.16,0.99
263403,-0.02,-0.16,0.99
263413,-0.03,-0.16,0.99
263423,-0.03,-0.16,0.99
263432,-0.02,-0.16,0.99
263442,-0.02,-0.16,0.99
263451,-0.02,-0.16,0.98
263461,-0.02,-0.16,0.99
263471,-0.03,-0.16,0.99
263480,-0.02,-0.16,0.98
263490,-0.02,-0.15,0.98
263500,-0.02,-0.15,0.98
263509,-0.02,-0.15,0.98
263519,-0.02,-0.15,0.98
263528,-0.02,-0.15,0.98
263538,-0.02,-0.16,0.98
263548,-0.02,-0.16,0.99
263557,-0.03,-0.16,0.99
263567,-0.03,-0.16,1.00
263576,-0.03,-0.16,0.99
263586,-0.02,-0.15,0.99
263596,-0.02,-0.14,0.98
263605,-0.02,-0.14,0.98
263615,-0.02,-0.14,0.98
263625,-0.02,-0.15,0.98
263634,-0.02,-0.15,0.98
263644,-0.02,-0.16,0.98
263653,-0.02,-0.17,0.98
263663,-0.02,-0.17,0.98
263673,-0.02,-0.16,0.99
263682,-0.02,-0.16,0.99
263692,-0.02,-0.16,0.98
263701,-0.02,-0.15,0.98
263711,-0.02,-0.15,0.98
263721,-0.02,-0.14,0.98
263730,-0.03,-0.14,0.98
263740,-0.03,-0.14,0.98
263750,-0.03,-0.14,0.98
263759,-0.03,-0.15,0.99
263769,-0.03,-0.15,0.99
263778,-0.03,-0.16,0.99
263788,-0.03,-0.17,0.99
263798,-0.03,-0.17,0.99
263807,-0.02,-0.17,0.98
263817,-0.02,-0.16,0.98
263826,-0.02,-0.15,0.98
263836,-0.02,-0.14,0.98
263846,-0.02,-0.14,0.98
263855,-0.02,-0.14,0.98
263865,-0.02,-0.15,0.99
263875,-0.03,-0.16,0.99
263884,-0.03,-0.16,0.99
263894,-0.03,-0.16,0.99
263903,-0.03,-0.16,0.99
263913,-0.02,-0.16,0.99
263923,-0.02,-0.16,0.98
263932,-0.02,-0.15,0.98
263942,-0.02,-0.14,0.98
263951,-0.02,-0.14,0.98
263961,-0.02,-0.14,0.98
263971,-0.02,-0.14,0.98
263980,-0.02,-0.15,0.99
263990,-0.03,-0.15,0.99
264000,-0.03,-0.16,0.99
264009,-0.03,-0.16,0.99
264019,-0.03,-0.16,0.99
264028,-0.03,-0.16,0.99
264038,-0.03,-0.15,0.99
264048,-0.02,-0.15,0.98
264057,-0.02,-0.15,0.98
264067,-0.02,-0.15,0.98
264076,-0.02,-0.15,0.98
264086,-0.02,-0.15,0.98
264096,-0.02,-0.16,0.98
264105,-0.03,-0.16,0.99
264115,-0.03,-0.16,0.99
264125,-0.03,-0.16,0.99
264134,-0.02,-0.16,0.98
264144,-0.02,-0.16,0.98
264153,-0.02,-0.16,0.98
264163,-0.03,-0.16,0.99
264173,-0.03,-0.16,0.99
264182,-0.03,-0.15,0.99
264192,-0.03,-0.15,0.99
264201,-0.03,-0.15,0.99
264211,-0.03,-0.14,0.98
264221,-0.03,-0.14,0.98
264230,-0.02,-0.15,0.98
264240,-0.02,-0.15,0.98
264250,-0.02,-0.16,0.98
264259,-0.02,-0.16,0.98
264269,-0.02,-0.16,0.98
264278,-0.02,-0.16,0.98
264288,-0.02,-0.16,0.98
264298,-0.02,-0.16,0.98
264307,-0.02,-0.15,0.99
264317,-0.03,-0.15,0.99
264326,-0.03,-0.14,0.99
264336,-0.03,-0.14,0.99
264346,-0.03,-0.14,0.99
264355,-0.03,-0.14,0.98
264365,-0.03,-0.15,0.99
264375,-0.03,-0.15,0.99
264384,-0.03,-0.16,0.99
264394,-0.03,-0.17,0.99
264403,-0.03,-0.17,0.99
264413,-0.02,-0.17,0.98
264423,-0.02,-0.16,0.98
264432,-0.02,-0.15,0.98
264442,-0.02,-0.15,0.98
264451,-0.02,-0.14,0.98
264461,-0.02,-0.15,0.98
264471,-0.02,-0.15,0.98
264480,-0.03,-0.16,0.98
264490,-0.03,-0.16,0.99
264500,-0.03,-0.16,0.99
264509,-0.03,-0.16,0.99
264519,-0.03,-0.16,0.99
264528,-0.03,-0.16,0.99
264538,-0.02,-0.16,0.98
264548,-0.02,-0.15,0.98
264557,-0.02,-0.15,0.98
264567,-0.02,-0.15,0.98
264576,-0.02,-0.14,0.98
264586,-0.02,-0.15,0.98
264596,-0.03,-0.15,0.99
264605,-0.03,-0.15,0.99
264615,-0.03,-0.15,0.99
264625,-0.03,-0.16,0.99
264634,-0.03,-0.16,0.99
264644,-0.03,-0.16,0.99
264653,-0.03,-0.15,0.99
264663,-0.03,-0.15,0.98
264673,-0.02,-0.15,0.98
264682,-0.02,-0.15,0.98
264692,-0.02,-0.15,0.98
264701,-0.03,-0.16,0.98
264711,-0.02,-0.16,0.98
264721,-0.02,-0.16,0.98
264730,-0.02,-0.15,0.98
264740,-0.02,-0.16,0.98
264750,-0.03,-0.16,0.98
264759,-0.03,-0.16,0.98
264769,-0.03,-0.16,0.99
264778,-0.03,-0.15,0.99
264788,-0.03,-0.15,0.99
264798,-0.03,-0.14,0.98
264807,-0.03,-0.14,0.99
264817,-0.03,-0.14,0.99
264826,-0.03,-0.15,0.99
264836,-0.03,-0.16,0.99
264846,-0.03,-0.16,0.98
264855,-0.02,-0.17,0.98
264865,-0.02,-0.17,0.98
264875,-0.02,-0.16,0.98
264884,-0.02,-0.16,0.98
264894,-0.02,-0.15,0.98
264903,-0.02,-0.15,0.98
264913,-0.03,-0.15,0.99
264923,-0.03,-0.15,0.99
264932,-0.03,-0.15,0.99
264942,-0.03,-0.15,0.99
264951,-0.03,-0.15,0.99
264961,-0.03,-0.15,0.99
264971,-0.03,-0.15,0.99
264980,-0.03,-0.16,0.98
264990,-0.03,-0.16,0.98
265000,-0.02,-0.16,0.98
265009,-0.02,-0.16,0.98
265019,-0.02,-0.16,0.98
265028,-0.02,-0.16,0.98
265038,-0.02,-0.16,0.98
265048,-0.02,-0.15,0.98
265057,-0.02,-0.15,0.98
265067,-0.03,-0.15,0.98
265076,-0.03,-0.16,0.99
265086,-0.03,-0.16,0.99
265096,-0.03,-0.16,0.99
265105,-0.03,-0.16,0.99
265115,-0.03,-0.16,0.99
265125,-0.03,-0.16,0.98
265134,-0.03,-0.15,0.98
265144,-0.02,-0.15,0.98
265153,-0.02,-0.15,0.98
265163,-0.02,-0.15,0.98
265173,-0.03,-0.15,0.98
265182,-0.02,-0.15,0.98
265192,-0.03,-0.15,0.98
265201,-0.03,-0.15,0.99
265211,-0.03,-0.15,0.99
265221,-0.03,-0.16,0.99
265230,-0.03,-0.16,0.99
265240,-0.03,-0.16,1.00
265250,-0.03,-0.16,0.99
265259,-0.03,-0.16,0.98
265269,-0.02,-0.15,0.98
265278,-0.02,-0.15,0.97
265288,-0.02,-0.15,0.97
265298,-0.02,-0.15,0.97
265307,-0.02,-0.15,0.98
265317,-0.03,-0.16,0.98
265326,-0.03,-0.16,0.98
265336,-0.03,-0.16,0.99
265346,-0.03,-0.15,0.99
265355,-0.03,-0.16,0.99
265365,-0.03,-0.16,0.99
265375,-0.03,-0.17,0.98
265384,-0.03,-0.17,0.98
265394,-0.02,-0.16,0.98
265403,-0.03,-0.15,0.98
265413,-0.03,-0.14,0.98
265423,-0.03,-0.14,0.98
265432,-0.03,-0.14,0.99
265442,-0.03,-0.14,0.99
265451,-0.03,-0.15,0.98
265461,-0.03,-0.16,0.98
265471,-0.02,-0.17,0.97
265480,-0.02,-0.17,0.98
265490,-0.02,-0.17,0.98
265500,-0.02,-0.16,0.98
265509,-0.03,-0.16,0.98
265519,-0.03,-0.16,0.98
265528,-0.03,-0.15,0.98
265538,-0.03,-0.15,0.99
265548,-0.03,-0.15,0.99
265557,-0.03,-0.15,0.99
265567,-0.03,-0.15,0.99
265576,-0.03,-0.15,0.99
265586,-0.03,-0.15,0.98
265596,-0.03,-0.16,0.98
265605,-0.03,-0.17,0.98
265615,-0.03,-0.17,0.98
265625,-0.03,-0.17,0.98
265634,-0.03,-0.17,0.98
265644,-0.03,-0.17,0.98
265653,-0.02,-0.17,0.98
265663,-0.02,-0.16,0.98
265673,-0.02,-0.16,0.98
265682,-0.03,-0.16,0.98
265692,-0.03,-0.15,0.98
265701,-0.03,-0.14,0.98
265711,-0.03,-0.15,0.97
265721,-0.03,-0.15,0.97
265730,-0.03,-0.16,0.97
265740,-0.03,-0.17,0.98
265750,-0.02,-0.17,0.98
265759,-0.02,-0.18,0.99
265769,-0.03,-0.18,0.99
265778,-0.03,-0.18,0.99
265788,-0.03,-0.17,0.99
265798,-0.02,-0.16,0.99
265807,-0.03,-0.15,0.99
265817,-0.02,-0.15,0.99
265826,-0.02,-0.15,0.99
265836,-0.03,-0.15,0.98
265846,-0.03,-0.15,0.98
265855,-0.03,-0.16,0.98
265865,-0.03,-0.17,0.98
265875,-0.03,-0.17,0.98
265884,-0.03,-0.16,0.98
265894,-0.03,-0.16,0.98
265903,-0.03,-0.16,0.98
265913,-0.02,-0.17,0.98
265923,-0.03,-0.17,0.98
265932,-0.03,-0.17,0.98
265942,-0.03,-0.16,0.98
265951,-0.03,-0.16,0.98
265961,-0.03,-0.16,0.98
265971,-0.03,-0.15,0.97
265980,-0.03,-0.15,0.97
265990,-0.03,-0.15,0.97
266000,-0.03,-0.16,0.98
266009,-0.02,-0.16,0.98
266019,-0.03,-0.18,0.98
266028,-0.03,-0.18,0.99
266038,-0.03,-0.18,0.99
266048,-0.03,-0.18,1.00
266057,-0.03,-0.17,0.99
266067,-0.03,-0.16,0.99
266076,-0.03,-0.15,0.98
266086,-0.03,-0.15,0.98
266096,-0.03,-0.15,0.97
266105,-0.02,-0.16,0.97
266115,-0.02,-0.17,0.98
266125,-0.03,-0.18,0.98
266134,-0.03,-0.18,0.98
266144,-0.03,-0.18,0.98
266153,-0.02,-0.17,0.98
266163,-0.02,-0.16,0.98
266173,-0.02,-0.15,0.97
266182,-0.02,-0.15,0.97
266192,-0.03,-0.14,0.98
266201,-0.03,-0.15,0.98
266211,-0.03,-0.15,0.98
266221,-0.03,-0.16,0.99
266230,-0.03,-0.17,1.00
266240,-0.04,-0.18,1.00
266250,-0.04,-0.18,0.99
266259,-0.03,-0.18,0.99
266269,-0.03,-0.17,0.98
266278,-0.02,-0.16,0.98
266288,-0.02,-0.16,0.97
266298,-0.02,-0.16,0.97
266307,-0.02,-0.15,0.97
266317,-0.02,-0.16,0.98
266326,-0.03,-0.16,0.98
266336,-0.03,-0.17,0.98
266346,-0.03,-0.17,0.98
266355,-0.02,-0.18,0.98
266365,-0.02,-0.18,0.98
266375,-0.02,-0.17,0.98
266384,-0.03,-0.17,0.98
266394,-0.03,-0.16,0.98
266403,-0.03,-0.16,0.98
266413,-0.03,-0.16,0.98
266423,-0.03,-0.15,0.98
266432,-0.03,-0.15,0.98
266442,-0.03,-0.15,0.98
266451,-0.02,-0.15,0.98
266461,-0.02,-0.15,0.98
266471,-0.03,-0.16,0.98
266480,-0.03,-0.16,0.99
266490,-0.03,-0.16,0.99
266500,-0.03,-0.17,0.99
266509,-0.03,-0.17,0.99
266519,-0.03,-0.17,0.98
266528,-0.03,-0.16,0.98
266538,-0.03,-0.16,0.98
266548,-0.03,-0.15,0.98
266557,-0.03,-0.15,0.98
266567,-0.03,-0.16,0.98
266576,-0.03,-0.16,0.98
266586,-0.03,-0.16,0.97
266596,-0.03,-0.16,0.97
266605,-0.03,-0.16,0.97
266615,-0.03,-0.16,0.98
266625,-0.03,-0.16,0.98
266634,-0.03,-0.16,0.98
266644,-0.03,-0.17,0.98
266653,-0.03,-0.17,0.98
266663,-0.03,-0.16,0.99
266673,-0.03,-0.16,0.99
266682,-0.03,-0.16,0.99
266692,-0.03,-0.16,0.99
266701,-0.03,-0.17,0.98
266711,-0.03,-0.17,0.98
266721,-0.03,-0.16,0.99
266730,-0.03,-0.16,0.99
266740,-0.03,-0.16,0.98
266750,-0.03,-0.15,0.98
266759,-0.03,-0.15,0.98
266769,-0.03,-0.15,0.98
266778,-0.03,-0.15,0.98
266788,-0.03,-0.16,0.98
266798,-0.03,-0.17,0.98
266807,-0.03,-0.17,0.98
266817,-0.03,-0.18,0.97
266826,-0.02,-0.18,0.97
266836,-0.02,-0.17,0.98
266846,-0.03,-0.17,0.98
266855,-0.03,-0.16,0.98
266865,-0.03,-0.15,0.98
266875,-0.03,-0.15,0.98
266884,-0.03,-0.14,0.98
266894,-0.03,-0.14,0.98
266903,-0.03,-0.14,0.98
266913,-0.03,-0.14,0.99
266923,-0.04,-0.15,0.99
266932,-0.04,-0.16,1.00
266942,-0.04,-0.17,1.00
266951,-0.04,-0.17,1.00
266961,-0.04,-0.16,0.99
266971,-0.04,-0.16,0.99
266980,-0.03,-0.15,0.98
266990,-0.03,-0.14,0.98
267000,-0.03,-0.14,0.98
267009,-0.03,-0.14,0.98
267019,-0.03,-0.14,0.98
267028,-0.03,-0.15,0.98
267038,-0.03,-0.16,0.98
267048,-0.04,-0.16,0.98
267057,-0.04,-0.16,0.99
267067,-0.04,-0.15,0.99
267076,-0.03,-0.15,0.99
267086,-0.03,-0.15,0.98
267096,-0.03,-0.15,0.98
267105,-0.03,-0.15,0.99
267115,-0.03,-0.15,0.99
267125,-0.03,-0.15,0.99
267134,-0.03,-0.15,0.98
267144,-0.03,-0.14,0.98
267153,-0.03,-0.14,0.98
267163,-0.03,-0.15,0.99
267173,-0.04,-0.15,0.99
267182,-0.04,-0.15,0.99
267192,-0.04,-0.15,0.98
267201,-0.03,-0.16,0.98
267211,-0.04,-0.16,0.98
267221,-0.04,-0.16,0.98
267230,-0.04,-0.15,0.98
267240,-0.04,-0.15,0.98
267250,-0.03,-0.15,0.98
267259,-0.03,-0.15,0.98
267269,-0.03,-0.15,0.98
267278,-0.03,-0.15,0.98
267288,-0.04,-0.15,0.98
267298,-0.03,-0.15,0.98
267307,-0.03,-0.16,0.99
267317,-0.04,-0.16,0.99
267326,-0.03,-0.16,0.99
267336,-0.04,-0.16,0.99
267346,-0.04,-0.16,0.99
267355,-0.04,-0.16,0.99
267365,-0.04,-0.15,0.99
267375,-0.04,-0.15,0.98
267384,-0.04,-0.15,0.98
267394,-0.03,-0.15,0.98
267403,-0.03,-0.15,0.98
267413,-0.04,-0.15,0.98
267423,-0.04,-0.15,0.99
267432,-0.04,-0.16,0.99
267442,-0.04,-0.16,0.99
267451,-0.04,-0.16,0.99
267461,-0.04,-0.16,0.99
267471,-0.04,-0.15,0.99
267480,-0.04,-0.15,0.99
267490,-0.04,-0.14,0.99
267500,-0.04,-0.14,0.98
267509,-0.04,-0.14,0.98
267519,-0.04,-0.14,0.98
267528,-0.04,-0.15,0.98
267538,-0.04,-0.15,0.98
267548,-0.03,-0.15,0.98
267557,-0.03,-0.16,0.98
267567,-0.03,-0.16,0.98
267576,-0.03,-0.16,0.98
267586,-0.03,-0.16,0.98
267596,-0.03,-0.15,0.98
267605,-0.03,-0.14,0.98
267615,-0.03,-0.14,0.98
267625,-0.03,-0.14,0.98
267634,-0.04,-0.14,0.99
267644,-0.04,-0.14,0.99
267653,-0.04,-0.15,0.99
267663,-0.04,-0.15,0.99
267673,-0.04,-0.15,0.99
267682,-0.04,-0.15,0.99
267692,-0.04,-0.16,0.99
267701,-0.04,-0.16,0.99
267711,-0.04,-0.16,0.99
267721,-0.04,-0.15,0.98
267730,-0.03,-0.15,0.98
267740,-0.04,-0.14,0.98
267750,-0.04,-0.14,0.98
267759,-0.04,-0.15,0.98
267769,-0.04,-0.15,0.98
267778,-0.04,-0.15,0.98
267788,-0.04,-0.16,0.99
267798,-0.04,-0.16,0.99
267807,-0.04,-0.15,0.99
267817,-0.04,-0.15,0.99
267826,-0.04,-0.15,0.98
267836,-0.04,-0.15,0.98
267846,-0.04,-0.15,0.98
267855,-0.04,-0.15,0.98
267865,-0.04,-0.14,0.98
267875,-0.04,-0.14,0.98
267884,-0.04,-0.14,0.99
267894,-0.04,-0.15,0.99
267903,-0.04,-0.15,0.99
267913,-0.04,-0.15,0.99
267923,-0.04,-0.15,0.99
267932,-0.04,-0.15,0.99
267942,-0.04,-0.15,0.99
267951,-0.04,-0.15,0.99
267961,-0.04,-0.15,0.98
267971,-0.04,-0.15,0.98
267980,-0.04,-0.15,0.98
267990,-0.04,-0.15,0.98
268000,-0.03,-0.15,0.98
268009,-0.03,-0.15,0.98
268019,-0.04,-0.16,0.99
268028,-0.04,-0.16,0.99
268038,-0.04,-0.16,0.99
268048,-0.04,-0.16,0.99
268057,-0.04,-0.16,0.99
268067,-0.04,-0.15,0.99
268076,-0.04,-0.15,0.99
268086,-0.04,-0.15,0.99
268096,-0.04,-0.15,0.98
268105,-0.04,-0.15,0.99
268115,-0.04,-0.15,0.99
268125,-0.04,-0.15,0.98
268134,-0.04,-0.15,0.99
268144,-0.04,-0.15,0.99
268153,-0.04,-0.15,0.99
268163,-0.04,-0.15,0.99
268173,-0.04,-0.15,0.99
268182,-0.04,-0.15,0.99
268192,-0.04,-0.15,0.99
268201,-0.04,-0.15,0.99
268211,-0.04,-0.15,0.99
268221,-0.04,-0.15,0.99
268230,-0.04,-0.15,0.99
268240,-0.04,-0.14,0.99
268250,-0.05,-0.14,0.99
268259,-0.04,-0.14,0.99
268269,-0.04,-0.15,0.99
268278,-0.04,-0.15,0.98
268288,-0.03,-0.15,0.98
268298,-0.03,-0.15,0.98
268307,-0.03,-0.15,0.98
268317,-0.03,-0.15,0.98
268326,-0.03,-0.16,0.98
268336,-0.03,-0.16,0.98
268346,-0.03,-0.16,0.98
268355,-0.03,-0.15,0.99
268365,-0.04,-0.15,0.99
268375,-0.04,-0.15,1.00
268384,-0.04,-0.14,1.00
268394,-0.04,-0.14,0.99
268403,-0.04,-0.15,0.99
268413,-0.04,-0.15,0.99
268423,-0.04,-0.14,0.98
268432,-0.04,-0.15,0.99
268442,-0.04,-0.15,0.99
268451,-0.04,-0.15,0.99
268461,-0.03,-0.17,0.98
268471,-0.03,-0.17,0.98
268480,-0.03,-0.17,0.99
268490,-0.03,-0.16,0.99
268500,-0.03,-0.16,0.98
268509,-0.03,-0.15,0.98
268519,-0.03,-0.15,0.97
268528,-0.03,-0.15,0.97
268538,-0.03,-0.15,0.97
268548,-0.04,-0.15,0.98
268557,-0.04,-0.15,0.98
268567,-0.04,-0.16,0.99
268576,-0.04,-0.16,0.99
268586,-0.04,-0.17,0.99
268596,-0.03,-0.17,0.99
268605,-0.03,-0.17,0.99
268615,-0.03,-0.16,0.99
268625,-0.04,-0.15,0.99
268634,-0.03,-0.15,0.99
268644,-0.03,-0.15,0.99
268653,-0.03,-0.15,0.98
268663,-0.03,-0.15,0.98
268673,-0.03,-0.15,0.98
268682,-0.03,-0.16,0.98
268692,-0.03,-0.16,0.98
268701,-0.03,-0.16,0.98
268711,-0.03,-0.16,0.98
268721,-0.03,-0.16,0.99
268730,-0.03,-0.17,0.99
268740,-0.03,-0.17,0.99
268750,-0.03,-0.17,0.99
268759,-0.03,-0.16,0.99
268769,-0.03,-0.16,0.98
268778,-0.03,-0.15,0.98
268788,-0.03,-0.15,0.98
268798,-0.03,-0.15,0.98
268807,-0.03,-0.15,0.98
268817,-0.03,-0.16,0.98
268826,-0.03,-0.16,0.97
268836,-0.03,-0.16,0.97
268846,-0.02,-0.16,0.97
268855,-0.03,-0.16,0.97
268865,-0.03,-0.16,0.98
268875,-0.03,-0.16,0.98
268884,-0.03,-0.16,0.98
268894,-0.03,-0.15,0.98
268903,-0.03,-0.16,0.99
268913,-0.03,-0.16,0.99
268923,-0.03,-0.17,0.99
268932,-0.03,-0.17,0.99
268942,-0.03,-0.16,0.99
268951,-0.03,-0.16,0.99
268961,-0.03,-0.16,0.99
268971,-0.03,-0.16,0.99
268980,-0.02,-0.16,0.99
268990,-0.02,-0.16,0.99
269000,-0.02,-0.16,0.99
269009,-0.01,-0.16,0.98
269019,-0.01,-0.16,0.97
269028,-0.00,-0.17,0.96
269038,0.00,-0.18,0.96
269048,0.00,-0.17,0.96
269057,0.01,-0.17,0.96
269067,0.01,-0.15,0.97
269076,0.00,-0.16,0.98
269086,-0.01,-0.18,0.99
269096,-0.02,-0.18,1.00
269105,-0.03,-0.19,1.00
269115,-0.04,-0.19,1.01
269125,-0.04,-0.18,1.00
269134,-0.05,-0.17,1.00
269144,-0.05,-0.16,1.00
269153,-0.04,-0.15,0.99
269163,-0.04,-0.15,0.99
269173,-0.04,-0.15,0.98
269182,-0.04,-0.15,0.97
269192,-0.03,-0.16,0.96
269201,-0.04,-0.18,0.96
269211,-0.05,-0.19,0.97
269221,-0.05,-0.19,0.98
269230,-0.05,-0.18,0.99
269240,-0.05,-0.17,0.99
269250,-0.04,-0.16,0.99
269259,-0.04,-0.16,0.98
269269,-0.03,-0.15,0.97
269278,-0.02,-0.16,0.97
269288,-0.02,-0.16,0.98
269298,-0.02,-0.17,0.98
269307,-0.01,-0.17,0.98
269317,-0.00,-0.17,0.99
269326,0.00,-0.17,0.99
269336,0.01,-0.17,0.99
269346,0.00,-0.17,1.00
269355,0.00,-0.18,1.00
269365,0.01,-0.18,1.01
269375,0.01,-0.18,1.01
269384,0.00,-0.18,1.00
269394,0.00,-0.18,1.00
269403,0.00,-0.18,0.99
269413,0.00,-0.17,0.99
269423,-0.00,-0.17,0.98
269432,-0.01,-0.17,0.98
269442,-0.01,-0.17,0.98
269451,-0.01,-0.17,0.97
269461,-0.01,-0.16,0.97
269471,-0.01,-0.16,0.97
269480,-0.00,-0.16,0.97
269490,-0.00,-0.16,0.97
269500,-0.00,-0.17,0.97
269509,-0.01,-0.17,0.97
269519,-0.01,-0.18,0.97
269528,-0.01,-0.18,0.98
269538,-0.01,-0.18,0.98
269548,-0.02,-0.17,0.99
269557,-0.02,-0.17,0.99
269567,-0.02,-0.17,0.99
269576,-0.02,-0.17,0.99
269586,-0.02,-0.17,0.98
269596,-0.01,-0.17,0.98
269605,-0.01,-0.16,0.98
269615,-0.01,-0.16,0.98
269625,-0.01,-0.16,0.98
269634,-0.01,-0.17,0.97
269644,0.00,-0.17,0.97
269653,0.00,-0.17,0.97
269663,0.00,-0.17,0.97
269673,0.00,-0.17,0.98
269682,0.00,-0.17,0.98
269692,0.00,-0.17,0.98
269701,0.00,-0.17,0.98
269711,0.00,-0.18,0.98
269721,0.01,-0.18,0.98
269730,0.01,-0.18,0.97
269740,0.02,-0.18,0.97
269750,0.02,-0.17,0.98
269759,0.02,-0.17,0.98
269769,0.01,-0.17,0.98
269778,0.01,-0.17,0.98
269788,0.01,-0.17,0.98
269798,0.01,-0.17,0.98
269807,0.01,-0.17,0.98
269817,0.01,-0.17,0.98
269826,0.01,-0.17,0.98
269836,0.01,-0.18,0.98
269846,0.01,-0.18,0.98
269855,0.01,-0.18,0.98
269865,0.01,-0.19,0.98
269875,0.00,-0.18,0.98
269884,0.01,-0.18,0.97
269894,0.01,-0.18,0.96
269903,0.01,-0.18,0.96
269913,0.01,-0.18,0.96
269923,0.01,-0.18,0.96
269932,0.01,-0.17,0.96
269942,0.01,-0.18,0.96
269951,0.01,-0.18,0.96
269961,0.01,-0.19,0.95
269971,0.01,-0.19,0.96
269980,0.01,-0.19,0.96
269990,0.00,-0.18,0.97
270000,0.00,-0.18,0.97
270009,-0.00,-0.18,0.97
270019,-0.00,-0.18,0.98
270028,-0.00,-0.18,0.98
270038,-0.00,-0.18,0.98
270048,-0.00,-0.18,0.98
270057,-0.00,-0.18,0.99
270067,-0.00,-0.18,0.99
270076,-0.00,-0.18,0.99
270086,-0.00,-0.18,0.99
270096,-0.00,-0.19,0.98
270105,-0.00,-0.18,0.98
270115,-0.00,-0.18,0.98
270125,0.00,-0.18,0.97
270134,0.00,-0.18,0.97
270144,0.00,-0.18,0.97
270153,0.00,-0.18,0.96
270163,0.00,-0.18,0.97
270173,0.00,-0.18,0.97
270182,0.00,-0.19,0.97
270192,-0.00,-0.19,0.98
270201,-0.00,-0.19,0.98
270211,-0.00,-0.19,0.98
270221,-0.00,-0.18,0.98
270230,-0.00,-0.18,0.97
270240,0.00,-0.18,0.97
270250,0.00,-0.18,0.98
270259,0.00,-0.18,0.98
270269,-0.00,-0.18,0.98
270278,-0.00,-0.19,0.98
270288,-0.00,-0.19,0.98
270298,-0.00,-0.19,0.98
270307,-0.00,-0.19,0.97
270317,-0.00,-0.19,0.97
270326,-0.01,-0.19,0.98
270336,-0.01,-0.19,0.98
270346,-0.02,-0.20,0.98
270355,-0.01,-0.18,0.98
270365,-0.01,-0.17,0.98
270375,-0.01,-0.17,0.98
270384,-0.01,-0.17,0.98
270394,-0.01,-0.18,0.98
270403,-0.01,-0.18,0.98
270413,-0.01,-0.19,0.98
270423,-0.01,-0.19,0.98
270432,-0.01,-0.19,0.98
270442,-0.01,-0.18,0.98
270451,-0.01,-0.18,0.98
270461,-0.01,-0.17,0.98
270471,-0.01,-0.17,0.98
270480,-0.01,-0.18,0.98
270490,-0.01,-0.18,0.98
270500,-0.02,-0.18,0.99
270509,-0.02,-0.18,0.99
270519,-0.01,-0.18,0.98
270528,-0.01,-0.18,0.98
270538,-0.01,-0.19,0.98
270548,-0.02,-0.19,0.98
270557,-0.02,-0.19,0.98
270567,-0.02,-0.19,0.98
270576,-0.02,-0.19,0.98
270586,-0.02,-0.20,0.98
270596,-0.02,-0.20,0.98
270605,-0.02,-0.19,0.98
270615,-0.02,-0.19,0.98
270625,-0.02,-0.18,0.98
270634,-0.02,-0.18,0.97
270644,-0.01,-0.18,0.97
270653,-0.01,-0.18,0.97
270663,-0.01,-0.18,0.97
270673,-0.01,-0.18,0.97
270682,-0.02,-0.19,0.97
270692,-0.02,-0.19,0.97
270701,-0.02,-0.20,0.97
270711,-0.02,-0.20,0.97
270721,-0.02,-0.19,0.98
270730,-0.02,-0.19,0.98
270740,-0.02,-0.19,0.98
270750,-0.02,-0.19,0.99
270759,-0.02,-0.19,0.99
270769,-0.02,-0.19,0.99
270778,-0.02,-0.19,0.98
270788,-0.02,-0.18,0.98
270798,-0.02,-0.18,0.98
270807,-0.02,-0.17,0.99
270817,-0.02,-0.18,0.99
270826,-0.03,-0.18,0.99
270836,-0.03,-0.18,0.98
270846,-0.03,-0.18,0.98
270855,-0.02,-0.18,0.97
270865,-0.02,-0.18,0.97
270875,-0.02,-0.17,0.97
270884,-0.02,-0.18,0.98
270894,-0.02,-0.18,0.98
270903,-0.03,-0.18,0.98
270913,-0.03,-0.18,0.98
270923,-0.03,-0.18,0.98
270932,-0.02,-0.17,0.98
270942,-0.02,-0.17,0.97
270951,-0.02,-0.17,0.97
270961,-0.02,-0.17,0.97
270971,-0.02,-0.17,0.98
270980,-0.03,-0.18,0.98
270990,-0.03,-0.18,0.98
271000,-0.04,-0.19,0.98
271009,-0.04,-0.19,0.98
271019,-0.04,-0.18,0.98
271028,-0.03,-0.17,0.98
271038,-0.03,-0.17,0.98
271048,-0.03,-0.17,0.98
271057,-0.03,-0.17,0.98
271067,-0.03,-0.17,0.98
271076,-0.04,-0.17,0.98
271086,-0.04,-0.17,0.99
271096,-0.04,-0.18,0.99
271105,-0.04,-0.19,0.99
271115,-0.04,-0.19,0.98
271125,-0.04,-0.19,0.98
271134,-0.03,-0.19,0.97
271144,-0.03,-0.18,0.97
271153,-0.02,-0.17,0.97
271163,-0.02,-0.17,0.97
271173,-0.02,-0.17,0.97
271182,-0.02,-0.18,0.98
271192,-0.02,-0.19,0.98
271201,-0.02,-0.20,0.99
271211,-0.01,-0.21,0.99
271221,-0.01,-0.21,0.99
271230,-0.01,-0.21,0.99
271240,-0.01,-0.20,0.99
271250,-0.01,-0.19,0.99
271259,-0.02,-0.18,0.99
271269,-0.03,-0.18,0.98
271278,-0.03,-0.17,0.98
271288,-0.04,-0.16,0.97
271298,-0.03,-0.14,0.97
271307,-0.03,-0.13,0.97
271317,-0.03,-0.13,0.98
271326,-0.04,-0.14,0.98
271336,-0.04,-0.15,0.98
271346,-0.04,-0.15,0.98
271355,-0.04,-0.16,0.98
271365,-0.04,-0.16,0.99
271375,-0.04,-0.16,0.99
271384,-0.04,-0.16,0.99
271394,-0.04,-0.16,1.00
271403,-0.05,-0.17,1.00
271413,-0.05,-0.16,1.01
271423,-0.05,-0.16,1.01
271432,-0.05,-0.16,1.01
271442,-0.04,-0.15,1.00
271451,-0.04,-0.14,1.00
271461,-0.03,-0.13,0.99
271471,-0.03,-0.12,0.99
271480,-0.03,-0.12,0.98
271490,-0.03,-0.12,0.98
271500,-0.03,-0.13,0.97
271509,-0.04,-0.15,0.97
271519,-0.04,-0.16,0.97
271528,-0.05,-0.16,0.98
271538,-0.05,-0.16,0.98
271548,-0.05,-0.17,0.99
271557,-0.05,-0.17,0.99
271567,-0.05,-0.18,0.99
271576,-0.05,-0.19,0.99
271586,-0.04,-0.20,0.99
271596,-0.03,-0.21,0.98
271605,-0.03,-0.22,0.98
271615,-0.03,-0.22,0.98
271625,-0.03,-0.23,0.97
271634,-0.03,-0.22,0.97
271644,-0.03,-0.21,0.96
271653,-0.03,-0.20,0.96
271663,-0.03,-0.21,0.96
271673,-0.03,-0.23,0.97
271682,-0.03,-0.22,0.97
271692,-0.03,-0.23,0.97
271701,-0.03,-0.24,0.96
271711,-0.03,-0.25,0.95
271721,-0.02,-0.24,0.95
271730,-0.03,-0.23,0.96
271740,-0.03,-0.21,0.96
271750,-0.03,-0.19,0.97
271759,-0.04,-0.18,0.98
271769,-0.04,-0.17,0.99
271778,-0.05,-0.16,1.00
271788,-0.05,-0.16,1.00
271798,-0.05,-0.16,1.00
271807,-0.05,-0.16,0.99
271817,-0.05,-0.16,0.99
271826,-0.05,-0.16,0.98
271836,-0.04,-0.16,0.98
271846,-0.03,-0.16,0.97
271855,-0.01,-0.16,0.96
271865,-0.01,-0.16,0.95
271875,-0.01,-0.17,0.95
271884,-0.01,-0.16,0.95
271894,-0.01,-0.16,0.96
271903,-0.01,-0.16,0.97
271913,-0.02,-0.16,0.98
271923,-0.02,-0.16,1.00
271932,-0.03,-0.16,1.00
271942,-0.02,-0.16,1.01
271951,-0.01,-0.17,1.01
271961,-0.01,-0.17,1.01
271971,-0.01,-0.18,1.01
271980,-0.02,-0.19,1.01
271990,-0.03,-0.19,1.01
272000,-0.04,-0.19,1.01
272009,-0.04,-0.18,1.02
272019,-0.05,-0.17,1.02
272028,-0.04,-0.17,1.01
272038,-0.04,-0.17,1.00
272048,-0.04,-0.17,0.98
272057,-0.04,-0.17,0.97
272067,-0.03,-0.18,0.96
272076,-0.02,-0.18,0.95
272086,-0.02,-0.19,0.95
272096,-0.02,-0.20,0.95
272105,-0.02,-0.21,0.96
272115,-0.05,-0.22,0.98
272125,-0.07,-0.23,1.00
272134,-0.07,-0.22,1.01
272144,-0.06,-0.21,1.00
272153,-0.05,-0.20,1.00
272163,-0.04,-0.20,1.00
272173,-0.06,-0.20,0.99
272182,-0.08,-0.22,0.97
272192,-0.10,-0.24,0.96
272201,-0.10,-0.24,0.95
272211,-0.09,-0.23,0.94
272221,-0.06,-0.20,0.93
272230,-0.03,-0.17,0.93
272240,0.01,-0.14,0.92
272250,0.04,-0.12,0.91
272259,0.06,-0.10,0.91
272269,0.07,-0.10,0.92
272278,0.06,-0.10,0.93
272288,0.05,-0.10,0.96
272298,0.04,-0.10,0.99
272307,0.02,-0.09,1.03
272317,-0.00,-0.08,1.05
272326,-0.02,-0.08,1.06
272336,-0.03,-0.09,1.06
272346,-0.05,-0.11,1.06
272355,-0.06,-0.12,1.05
272365,-0.06,-0.13,1.04
272375,-0.07,-0.14,1.03
272384,-0.07,-0.14,1.02
272394,-0.07,-0.16,1.00
272403,-0.07,-0.17,0.98
272413,-0.06,-0.18,0.96
272423,-0.05,-0.19,0.95
272432,-0.05,-0.19,0.94
272442,-0.04,-0.19,0.93
272451,-0.04,-0.19,0.93
272461,-0.04,-0.19,0.93
272471,-0.04,-0.19,0.94
272480,-0.03,-0.19,0.94
272490,-0.03,-0.19,0.95
272500,-0.03,-0.19,0.96
272509,-0.02,-0.19,0.98
272519,-0.01,-0.19,0.98
272528,-0.00,-0.19,0.98
272538,0.01,-0.19,0.98
272548,0.01,-0.18,0.98
272557,0.01,-0.18,0.99
272567,0.01,-0.18,0.99
272576,-0.00,-0.19,1.00
272586,-0.01,-0.19,1.00
272596,-0.02,-0.19,1.00
272605,-0.02,-0.18,1.00
272615,-0.02,-0.17,0.99
272625,-0.00,-0.17,0.98
272634,0.01,-0.16,0.97
272644,0.02,-0.16,0.96
272653,0.02,-0.16,0.96
272663,0.01,-0.17,0.96
272673,-0.01,-0.18,0.98
272682,-0.03,-0.19,0.99
272692,-0.06,-0.19,1.01
272701,-0.08,-0.19,1.02
272711,-0.08,-0.18,1.02
272721,-0.09,-0.17,1.01
272730,-0.09,-0.16,1.01
272740,-0.09,-0.15,1.00
272750,-0.08,-0.14,0.98
272759,-0.08,-0.13,0.97
272769,-0.07,-0.12,0.97
272778,-0.06,-0.11,0.97
272788,-0.05,-0.11,0.97
272798,-0.04,-0.12,0.96
272807,-0.04,-0.12,0.97
272817,-0.04,-0.12,0.97
272826,-0.03,-0.12,0.98
272836,-0.02,-0.12,0.99
272846,-0.02,-0.12,0.99
272855,-0.02,-0.12,1.00
272865,-0.02,-0.13,1.00
272875,-0.02,-0.14,1.00
272884,-0.02,-0.15,0.99
272894,-0.01,-0.15,0.99
272903,-0.00,-0.15,0.99
272913,0.00,-0.16,0.99
272923,0.01,-0.17,0.99
272932,0.00,-0.18,0.99
272942,-0.01,-0.20,0.99
272951,-0.01,-0.21,0.98
272961,-0.01,-0.22,0.98
272971,-0.01,-0.21,0.97
272980,-0.01,-0.21,0.96
272990,-0.00,-0.20,0.96
273000,-0.00,-0.19,0.96
273009,-0.01,-0.18,0.96
273019,-0.01,-0.17,0.97
273028,-0.03,-0.17,0.97
273038,-0.04,-0.17,0.98
273048,-0.04,-0.17,0.99
273057,-0.04,-0.16,0.99
273067,-0.03,-0.16,0.99
273076,-0.02,-0.16,0.99
273086,-0.01,-0.16,0.98
273096,-0.01,-0.16,0.98
273105,-0.01,-0.16,0.98
273115,-0.01,-0.17,0.98
273125,-0.02,-0.17,0.98
273134,-0.02,-0.17,0.99
273144,-0.02,-0.16,0.99
273153,-0.03,-0.16,1.00
273163,-0.03,-0.15,1.00
273173,-0.04,-0.15,1.00
273182,-0.05,-0.14,1.00
273192,-0.05,-0.14,1.00
273201,-0.05,-0.14,1.00
273211,-0.05,-0.14,0.99
273221,-0.04,-0.15,0.98
273230,-0.03,-0.15,0.97
273240,-0.01,-0.16,0.97
273250,-0.01,-0.16,0.96
273259,-0.00,-0.17,0.96
273269,-0.00,-0.17,0.96
273278,-0.00,-0.18,0.96
273288,-0.01,-0.18,0.97
273298,-0.01,-0.18,0.98
273307,-0.02,-0.17,0.99
273317,-0.02,-0.16,0.99
273326,-0.02,-0.15,1.00
273336,-0.02,-0.14,1.00
273346,-0.03,-0.13,1.01
273355,-0.04,-0.14,1.00
273365,-0.04,-0.14,1.00
273375,-0.05,-0.15,1.00
273384,-0.05,-0.15,0.99
273394,-0.04,-0.16,0.98
273403,-0.04,-0.16,0.98
273413,-0.04,-0.17,0.97
273423,-0.03,-0.17,0.97
273432,-0.02,-0.17,0.97
273442,-0.02,-0.18,0.97
273451,-0.02,-0.18,0.97
273461,-0.02,-0.19,0.97
273471,-0.02,-0.18,0.97
273480,-0.02,-0.18,0.98
273490,-0.02,-0.17,0.98
273500,-0.03,-0.16,0.98
273509,-0.03,-0.15,0.99
273519,-0.03,-0.15,0.99
273528,-0.03,-0.15,0.99
273538,-0.02,-0.15,0.99
273548,-0.02,-0.14,0.98
273557,-0.02,-0.15,0.98
273567,-0.02,-0.15,0.98
273576,-0.03,-0.16,0.98
273586,-0.04,-0.17,0.98
273596,-0.05,-0.17,0.98
273605,-0.05,-0.17,0.99
273615,-0.04,-0.16,0.99
273625,-0.04,-0.15,0.99
273634,-0.04,-0.14,0.99
273644,-0.04,-0.14,0.99
273653,-0.03,-0.14,0.98
273663,-0.03,-0.14,0.98
273673,-0.02,-0.15,0.98
273682,-0.02,-0.15,0.98
273692,-0.02,-0.15,0.99
273701,-0.03,-0.15,0.99
273711,-0.04,-0.16,0.99
273721,-0.04,-0.15,0.99
273730,-0.04,-0.15,0.99
273740,-0.04,-0.14,0.99
273750,-0.03,-0.14,0.98
273759,-0.02,-0.14,0.97
273769,-0.01,-0.14,0.97
273778,-0.00,-0.14,0.97
273788,0.00,-0.15,0.97
273798,0.00,-0.16,0.97
273807,-0.00,-0.17,0.98
273817,-0.01,-0.18,0.98
273826,-0.01,-0.20,0.98
273836,-0.01,-0.21,0.98
273846,-0.02,-0.21,0.98
273855,-0.01,-0.21,0.99
273865,-0.01,-0.20,0.99
273875,-0.01,-0.18,0.99
273884,-0.02,-0.17,1.00
273894,-0.04,-0.15,1.01
273903,-0.06,-0.14,1.02
273913,-0.08,-0.14,1.02
273923,-0.10,-0.14,1.02
273932,-0.11,-0.14,1.01
273942,-0.11,-0.14,1.00
273951,-0.10,-0.13,0.98
273961,-0.08,-0.12,0.96
273971,-0.07,-0.12,0.95
273980,-0.05,-0.12,0.94
273990,-0.03,-0.13,0.94
274000,-0.02,-0.14,0.93
274009,-0.01,-0.15,0.93
274019,0.00,-0.15,0.94
274028,0.01,-0.15,0.96
274038,-0.00,-0.16,0.98
274048,-0.00,-0.16,1.00
274057,-0.01,-0.17,1.02
274067,-0.01,-0.19,1.03
274076,-0.00,-0.21,1.02
274086,-0.00,-0.22,1.02
274096,0.00,-0.22,1.01
274105,0.01,-0.22,1.00
274115,0.00,-0.21,0.99
274125,-0.01,-0.20,0.99
274134,-0.02,-0.19,0.99
274144,-0.04,-0.18,0.99
274153,-0.05,-0.17,0.99
274163,-0.06,-0.15,0.98
274173,-0.06,-0.14,0.98
274182,-0.06,-0.13,0.97
274192,-0.06,-0.12,0.97
274201,-0.07,-0.12,0.97
274211,-0.08,-0.12,0.97
274221,-0.07,-0.11,0.98
274230,-0.07,-0.11,0.98
274240,-0.06,-0.11,0.98
274250,-0.04,-0.11,0.97
274259,-0.03,-0.11,0.98
274269,-0.02,-0.12,0.98
274278,-0.01,-0.13,0.98
274288,-0.01,-0.14,0.99
274298,0.00,-0.15,0.99
274307,0.01,-0.15,1.00
274317,0.03,-0.16,0.99
274326,0.03,-0.17,0.99
274336,0.03,-0.18,0.99
274346,0.02,-0.19,0.98
274355,0.02,-0.19,0.98
274365,0.01,-0.20,0.98
274375,-0.01,-0.20,0.98
274384,-0.04,-0.21,0.99
274394,-0.06,-0.21,1.00
274403,-0.08,-0.20,1.00
274413,-0.10,-0.20,1.01
274423,-0.10,-0.19,1.01
274432,-0.10,-0.18,1.00
274442,-0.10,-0.17,0.99
274451,-0.09,-0.15,0.98
274461,-0.09,-0.14,0.97
274471,-0.09,-0.12,0.97
274480,-0.08,-0.10,0.97
274490,-0.07,-0.09,0.97
274500,-0.06,-0.09,0.96
274509,-0.05,-0.09,0.96
274519,-0.03,-0.09,0.95
274528,-0.01,-0.09,0.96
274538,0.01,-0.10,0.96
274548,0.02,-0.12,0.96
274557,0.02,-0.15,0.97
274567,0.03,-0.18,0.98
274576,0.03,-0.21,0.98
274586,0.03,-0.22,1.00
274596,0.02,-0.23,1.01
274605,0.00,-0.23,1.02
274615,-0.01,-0.22,1.03
274625,-0.03,-0.21,1.03
274634,-0.04,-0.19,1.03
274644,-0.04,-0.18,1.01
274653,-0.05,-0.16,1.00
274663,-0.05,-0.15,0.99
274673,-0.05,-0.14,0.98
274682,-0.06,-0.13,0.97
274692,-0.06,-0.12,0.97
274701,-0.06,-0.11,0.96
274711,-0.05,-0.11,0.96
274721,-0.05,-0.10,0.96
274730,-0.04,-0.10,0.96
274740,-0.03,-0.10,0.97
274750,-0.02,-0.10,0.98
274759,-0.01,-0.11,0.98
274769,-0.01,-0.12,0.99
274778,-0.01,-0.14,0.99
274788,-0.01,-0.15,0.99
274798,-0.00,-0.16,0.98
274807,-0.00,-0.16,0.99
274817,-0.00,-0.16,0.99
274826,-0.01,-0.16,1.00
274836,-0.01,-0.16,1.00
274846,-0.02,-0.15,1.00
274855,-0.02,-0.14,0.99
274865,-0.01,-0.12,0.98
274875,-0.00,-0.11,0.98
274884,0.01,-0.11,0.97
274894,0.01,-0.11,0.96
274903,0.01,-0.12,0.96
274913,0.01,-0.13,0.96
274923,-0.01,-0.14,0.96
274932,-0.02,-0.15,0.97
274942,-0.02,-0.16,0.98
274951,-0.03,-0.17,0.98
274961,-0.02,-0.17,0.98
274971,-0.03,-0.17,0.98
274980,-0.03,-0.17,0.99
274990,-0.04,-0.17,0.99
275000,-0.05,-0.16,1.00
275009,-0.07,-0.16,1.01
275019,-0.08,-0.14,1.02
275028,-0.08,-0.13,1.03
275038,-0.08,-0.11,1.03
275048,-0.08,-0.09,1.03
275057,-0.08,-0.08,1.02
275067,-0.08,-0.08,1.01
275076,-0.07,-0.09,1.00
275086,-0.07,-0.09,0.99
275096,-0.05,-0.09,0.98
275105,-0.04,-0.10,0.98
275115,-0.03,-0.11,0.97
275125,-0.02,-0.12,0.97
275134,-0.02,-0.14,0.97
275144,-0.03,-0.16,0.97
275153,-0.04,-0.17,0.98
275163,-0.04,-0.18,0.98
275173,-0.03,-0.18,0.98
275182,-0.02,-0.17,0.98
275192,-0.02,-0.16,0.98
275201,-0.02,-0.16,0.98
275211,-0.02,-0.16,0.98
275221,-0.02,-0.16,0.97
275230,-0.02,-0.16,0.97
275240,-0.02,-0.16,0.97
275250,-0.03,-0.16,0.98
275259,-0.03,-0.16,0.98
275269,-0.03,-0.16,0.98
275278,-0.03,-0.17,0.98
275288,-0.02,-0.17,0.98
275298,-0.02,-0.18,0.98
275307,-0.02,-0.17,0.98
275317,-0.03,-0.17,0.98
275326,-0.03,-0.16,0.99
275336,-0.04,-0.15,0.99
275346,-0.04,-0.15,0.99
275355,-0.05,-0.15,1.00
275365,-0.05,-0.15,0.99
275375,-0.05,-0.14,0.99
275384,-0.05,-0.14,0.99
275394,-0.05,-0.12,0.98
275403,-0.04,-0.12,0.98
275413,-0.04,-0.11,0.98
275423,-0.04,-0.12,0.99
275432,-0.05,-0.13,0.99
275442,-0.05,-0.13,0.99
275451,-0.04,-0.13,1.00
275461,-0.03,-0.14,1.00
275471,-0.03,-0.14,1.00
275480,-0.03,-0.13,1.00
275490,-0.03,-0.13,1.00
275500,-0.02,-0.13,0.99
275509,-0.03,-0.14,0.99
275519,-0.03,-0.15,0.98
275528,-0.03,-0.15,0.99
275538,-0.04,-0.15,0.99
275548,-0.04,-0.15,0.99
275557,-0.04,-0.15,0.98
275567,-0.03,-0.14,0.98
275576,-0.03,-0.14,0.97
275586,-0.02,-0.13,0.97
275596,-0.02,-0.14,0.96
275605,-0.03,-0.14,0.97
275615,-0.04,-0.14,0.97
275625,-0.04,-0.14,0.98
275634,-0.04,-0.13,0.98
275644,-0.04,-0.12,0.98
275653,-0.03,-0.11,0.98
275663,-0.02,-0.10,0.97
275673,-0.01,-0.10,0.97
275682,-0.01,-0.10,0.96
275692,-0.02,-0.11,0.96
275701,-0.02,-0.12,0.97
275711,-0.03,-0.12,0.98
275721,-0.04,-0.13,1.00
275730,-0.05,-0.14,1.01
275740,-0.04,-0.14,1.04
275750,-0.05,-0.14,1.05
275759,-0.08,-0.16,1.05
275769,-0.09,-0.17,1.03
275778,-0.06,-0.16,1.01
275788,-0.02,-0.14,0.99
275798,0.01,-0.13,0.98
275807,0.02,-0.13,0.96
275817,0.00,-0.14,0.95
275826,-0.02,-0.15,0.95
275836,-0.04,-0.15,0.96
275846,-0.06,-0.14,0.98
275855,-0.08,-0.13,0.99
275865,-0.08,-0.12,0.99
275875,-0.08,-0.11,0.99
275884,-0.08,-0.11,0.99
275894,-0.07,-0.11,0.99
275903,-0.06,-0.12,0.99
275913,-0.06,-0.13,0.99
275923,-0.05,-0.14,0.99
275932,-0.05,-0.16,0.99
275942,-0.05,-0.17,0.99
275951,-0.05,-0.17,0.98
275961,-0.04,-0.17,0.97
275971,-0.03,-0.16,0.98
275980,-0.03,-0.16,0.98
275990,-0.03,-0.16,0.98
276000,-0.03,-0.16,0.98
276009,-0.04,-0.16,0.98
276019,-0.04,-0.15,0.99
276028,-0.05,-0.13,0.99
276038,-0.05,-0.12,0.99
276048,-0.04,-0.12,0.99
276057,-0.04,-0.13,0.99
276067,-0.05,-0.15,0.99
276076,-0.05,-0.17,0.99
276086,-0.05,-0.17,0.99
276096,-0.05,-0.18,0.98
276105,-0.05,-0.17,0.98
276115,-0.04,-0.17,0.97
276125,-0.04,-0.16,0.97
276134,-0.04,-0.15,0.97
276144,-0.04,-0.15,0.97
276153,-0.03,-0.14,0.98
276163,-0.03,-0.15,0.98
276173,-0.04,-0.15,0.99
276182,-0.04,-0.15,0.99
276192,-0.03,-0.15,0.99
276201,-0.03,-0.15,0.99
276211,-0.03,-0.15,1.00
276221,-0.03,-0.15,0.99
276230,-0.03,-0.15,0.99
276240,-0.03,-0.15,0.99
276250,-0.04,-0.16,0.99
276259,-0.05,-0.16,0.99
276269,-0.05,-0.15,0.99
276278,-0.05,-0.15,1.00
276288,-0.05,-0.16,1.00
276298,-0.04,-0.16,1.00
276307,-0.03,-0.17,0.99
276317,-0.03,-0.17,0.99
276326,-0.02,-0.18,0.99
276336,-0.02,-0.18,0.98
276346,-0.02,-0.19,0.98
276355,-0.01,-0.20,0.97
276365,-0.01,-0.21,0.97
276375,-0.01,-0.21,0.97
276384,-0.01,-0.21,0.97
276394,-0.02,-0.21,0.97
276403,-0.02,-0.20,0.98
276413,-0.03,-0.19,0.98
276423,-0.03,-0.17,0.98
276432,-0.03,-0.16,0.98
276442,-0.04,-0.15,0.98
276451,-0.04,-0.14,0.98
276461,-0.04,-0.13,0.98
276471,-0.04,-0.13,0.98
276480,-0.04,-0.13,0.98
276490,-0.04,-0.13,0.98
276500,-0.04,-0.14,0.99
276509,-0.04,-0.14,0.99
276519,-0.04,-0.16,0.99
276528,-0.04,-0.16,0.99
276538,-0.04,-0.17,0.99
276548,-0.04,-0.17,0.99
276557,-0.04,-0.17,0.99
276567,-0.04,-0.16,0.99
276576,-0.03,-0.15,0.98
276586,-0.03,-0.14,0.98
276596,-0.03,-0.13,0.99
276605,-0.03,-0.13,0.99
276615,-0.04,-0.14,0.99
276625,-0.04,-0.14,0.99
276634,-0.04,-0.14,0.99
276644,-0.04,-0.14,0.98
276653,-0.05,-0.14,0.98
276663,-0.05,-0.14,0.98
276673,-0.04,-0.14,0.98
276682,-0.04,-0.14,0.98
276692,-0.04,-0.14,0.98
276701,-0.03,-0.14,0.98
276711,-0.02,-0.14,0.98
276721,-0.02,-0.15,0.98
276730,-0.02,-0.16,0.98
276740,-0.03,-0.17,0.98
276750,-0.03,-0.19,0.98
276759,-0.04,-0.20,0.98
276769,-0.04,-0.21,0.98
276778,-0.04,-0.21,0.98
276788,-0.04,-0.21,0.98
276798,-0.03,-0.21,0.97
276807,-0.02,-0.20,0.97
276817,-0.02,-0.20,0.96
276826,-0.02,-0.19,0.96
276836,-0.02,-0.18,0.96
276846,-0.03,-0.17,0.97
276855,-0.04,-0.16,0.98
276865,-0.06,-0.15,0.99
276875,-0.06,-0.14,1.00
276884,-0.06,-0.13,1.00
276894,-0.06,-0.12,1.00
276903,-0.05,-0.12,1.00
276913,-0.04,-0.12,1.00
276923,-0.04,-0.13,0.99
276932,-0.04,-0.15,0.99
276942,-0.03,-0.15,0.99
276951,-0.02,-0.15,0.98
276961,-0.01,-0.15,0.97
276971,-0.00,-0.15,0.97
276980,0.00,-0.15,0.96
276990,0.01,-0.16,0.96
277000,0.02,-0.17,0.96
277009,0.02,-0.18,0.96
277019,0.02,-0.19,0.97
277028,0.01,-0.20,0.97
277038,-0.00,-0.21,0.98
277048,-0.01,-0.21,0.98
277057,-0.01,-0.21,0.98
277067,-0.02,-0.20,0.98
277076,-0.03,-0.19,0.99
277086,-0.04,-0.18,0.98
277096,-0.05,-0.17,0.99
277105,-0.05,-0.15,0.99
277115,-0.06,-0.14,0.99
277125,-0.06,-0.13,0.99
277134,-0.06,-0.12,0.99
277144,-0.06,-0.11,0.99
277153,-0.05,-0.11,0.98
277163,-0.05,-0.12,0.99
277173,-0.06,-0.14,0.99
277182,-0.05,-0.14,0.99
277192,-0.04,-0.15,1.00
277201,-0.04,-0.16,0.99
277211,-0.02,-0.17,0.98
277221,-0.01,-0.18,0.98
277230,-0.00,-0.18,0.97
277240,0.01,-0.19,0.96
277250,0.01,-0.20,0.96
277259,0.00,-0.20,0.97
277269,-0.01,-0.21,0.97
277278,-0.01,-0.21,0.97
277288,-0.02,-0.21,0.97
277298,-0.02,-0.20,0.98
277307,-0.03,-0.19,0.98
277317,-0.03,-0.18,0.98
277326,-0.04,-0.16,0.98
277336,-0.04,-0.16,0.98
277346,-0.05,-0.15,0.98
277355,-0.06,-0.15,0.98
277365,-0.07,-0.14,0.99
277375,-0.08,-0.13,0.99
277384,-0.08,-0.13,0.99
277394,-0.08,-0.12,0.99
277403,-0.07,-0.12,0.99
277413,-0.06,-0.11,0.99
277423,-0.05,-0.12,0.99
277432,-0.04,-0.13,0.99
277442,-0.04,-0.15,0.98
277451,-0.03,-0.17,0.98
277461,-0.02,-0.19,0.97
277471,-0.01,-0.20,0.98
277480,-0.01,-0.20,0.98
277490,-0.01,-0.20,0.98
277500,-0.00,-0.20,0.98
277509,-0.00,-0.19,0.98
277519,-0.00,-0.19,0.98
277528,-0.01,-0.18,0.98
277538,-0.02,-0.17,0.98
277548,-0.03,-0.17,0.99
277557,-0.04,-0.16,0.99
277567,-0.04,-0.16,0.99
277576,-0.04,-0.15,0.98
277586,-0.05,-0.15,0.98
277596,-0.05,-0.15,0.98
277605,-0.06,-0.14,0.98
277615,-0.06,-0.14,0.98
277625,-0.06,-0.14,0.98
277634,-0.05,-0.14,0.98
277644,-0.04,-0.14,0.98
277653,-0.04,-0.14,0.98
277663,-0.04,-0.15,0.98
277673,-0.04,-0.15,0.99
277682,-0.05,-0.16,1.00
277692,-0.05,-0.16,1.00
277701,-0.05,-0.17,1.00
277711,-0.05,-0.17,0.99
277721,-0.04,-0.17,0.99
277730,-0.03,-0.17,0.98
277740,-0.02,-0.17,0.97
277750,-0.02,-0.17,0.97
277759,-0.03,-0.17,0.97
277769,-0.03,-0.17,0.97
277778,-0.04,-0.18,0.97
277788,-0.05,-0.18,0.97
277798,-0.06,-0.19,0.98
277807,-0.06,-0.19,0.99
277817,-0.06,-0.19,1.00
277826,-0.05,-0.18,1.00
277836,-0.04,-0.18,0.99
277846,-0.02,-0.17,0.98
277855,-0.01,-0.17,0.97
277865,-0.00,-0.17,0.97
277875,-0.01,-0.17,0.97
277884,-0.02,-0.17,0.98
277894,-0.03,-0.18,0.99
277903,-0.04,-0.18,0.99
277913,-0.04,-0.18,0.99
277923,-0.04,-0.18,0.99
277932,-0.03,-0.16,0.99
277942,-0.03,-0.15,0.99
277951,-0.03,-0.15,0.99
277961,-0.03,-0.15,0.98
277971,-0.03,-0.15,0.98
277980,-0.03,-0.16,0.98
277990,-0.03,-0.16,0.99
278000,-0.03,-0.15,0.99
278009,-0.03,-0.15,0.99
278019,-0.03,-0.16,0.99
278028,-0.03,-0.17,0.99
278038,-0.03,-0.18,0.99
278048,-0.04,-0.19,1.00
278057,-0.04,-0.19,0.99
278067,-0.03,-0.18,0.99
278076,-0.03,-0.17,0.98
278086,-0.02,-0.17,0.98
278096,-0.02,-0.16,0.97
278105,-0.01,-0.17,0.97
278115,-0.01,-0.18,0.96
278125,-0.01,-0.18,0.95
278134,-0.01,-0.19,0.95
278144,-0.01,-0.19,0.96
278153,-0.02,-0.18,0.96
278163,-0.02,-0.18,0.96
278173,-0.02,-0.17,0.96
278182,-0.02,-0.16,0.97
278192,-0.02,-0.15,0.97
278201,-0.02,-0.15,0.97
278211,-0.02,-0.15,0.98
278221,-0.03,-0.15,0.99
278230,-0.04,-0.15,1.00
278240,-0.04,-0.16,1.00
278250,-0.05,-0.18,1.00
278259,-0.04,-0.18,1.00
278269,-0.03,-0.18,0.99
278278,-0.02,-0.18,0.99
278288,-0.02,-0.18,0.99
278298,-0.01,-0.19,0.99
278307,-0.02,-0.20,0.98
278317,-0.02,-0.20,0.98
278326,-0.02,-0.21,0.98
278336,-0.02,-0.20,0.97
278346,-0.03,-0.20,0.96
278355,-0.03,-0.20,0.95
278365,-0.02,-0.19,0.94
278375,-0.01,-0.17,0.94
278384,0.01,-0.15,0.94
278394,0.03,-0.13,0.94
278403,0.05,-0.11,0.93
278413,0.06,-0.10,0.93
278423,0.07,-0.10,0.93
278432,0.07,-0.11,0.94
278442,0.06,-0.13,0.96
278451,0.05,-0.16,0.98
278461,0.03,-0.20,1.00
278471,0.01,-0.23,1.01
278480,-0.03,-0.25,1.03
278490,-0.06,-0.27,1.06
278500,-0.09,-0.28,1.08
278509,-0.10,-0.27,1.09
278519,-0.11,-0.27,1.08
278528,-0.11,-0.24,1.06
278538,-0.09,-0.22,1.04
278548,-0.08,-0.20,1.01
278557,-0.07,-0.18,0.98
278567,-0.06,-0.15,0.96
278576,-0.05,-0.15,0.95
278586,-0.05,-0.14,0.93
278596,-0.04,-0.15,0.92
278605,-0.04,-0.15,0.92
278615,-0.03,-0.14,0.91
278625,-0.02,-0.13,0.91
278634,0.00,-0.12,0.91
278644,0.02,-0.10,0.92
278653,0.03,-0.09,0.93
278663,0.05,-0.09,0.93
278673,0.05,-0.09,0.94
278682,0.05,-0.11,0.96
278692,0.05,-0.13,0.98
278701,0.04,-0.15,1.00
278711,0.03,-0.18,1.02
278721,0.01,-0.20,1.03
278730,-0.01,-0.22,1.05
278740,-0.02,-0.22,1.06
278750,-0.03,-0.21,1.06
278759,-0.04,-0.20,1.05
278769,-0.04,-0.19,1.03
278778,-0.04,-0.19,1.01
278788,-0.04,-0.19,0.99
278798,-0.04,-0.19,0.96
278807,-0.03,-0.18,0.94
278817,-0.02,-0.17,0.93
278826,-0.02,-0.16,0.91
278836,-0.01,-0.15,0.91
278846,-0.00,-0.13,0.91
278855,0.00,-0.12,0.91
278865,0.00,-0.11,0.93
278875,0.00,-0.12,0.94
278884,-0.00,-0.13,0.96
278894,-0.01,-0.15,0.98
278903,-0.02,-0.17,1.00
278913,-0.03,-0.19,1.01
278923,-0.03,-0.19,1.02
278932,-0.03,-0.20,1.03
278942,-0.04,-0.20,1.03
278951,-0.05,-0.20,1.04
278961,-0.05,-0.21,1.03
278971,-0.06,-0.21,1.03
278980,-0.05,-0.20,1.02
278990,-0.05,-0.18,1.00
279000,-0.04,-0.16,0.99
279009,-0.02,-0.14,0.97
279019,-0.01,-0.13,0.95
279028,0.00,-0.13,0.93
279038,0.01,-0.13,0.93
279048,0.02,-0.14,0.93
279057,0.02,-0.15,0.93
279067,0.02,-0.16,0.94
279076,0.01,-0.17,0.95
279086,0.01,-0.18,0.96
279096,-0.00,-0.19,0.98
279105,-0.02,-0.20,0.99
279115,-0.03,-0.21,1.01
279125,-0.04,-0.20,1.03
279134,-0.05,-0.19,1.03
279144,-0.05,-0.18,1.03
279153,-0.05,-0.17,1.03
279163,-0.05,-0.16,1.02
279173,-0.05,-0.15,1.00
279182,-0.04,-0.15,0.99
279192,-0.03,-0.14,0.98
279201,-0.03,-0.14,0.97
279211,-0.01,-0.14,0.95
279221,-0.00,-0.14,0.95
279230,0.00,-0.15,0.94
279240,0.01,-0.16,0.95
279250,0.01,-0.17,0.95
279259,0.01,-0.18,0.96
279269,-0.00,-0.19,0.98
279278,-0.01,-0.20,0.99
279288,-0.01,-0.21,0.99
279298,-0.02,-0.21,1.00
279307,-0.02,-0.20,1.01
279317,-0.03,-0.19,1.01
279326,-0.04,-0.18,1.01
279336,-0.04,-0.17,1.01
279346,-0.04,-0.16,1.01
279355,-0.03,-0.15,1.00
279365,-0.04,-0.15,1.00
279375,-0.04,-0.16,0.99
279384,-0.04,-0.16,0.99
279394,-0.04,-0.16,0.99
279403,-0.03,-0.16,0.99
279413,-0.03,-0.15,0.98
279423,-0.03,-0.14,0.98
279432,-0.02,-0.13,0.97
279442,-0.02,-0.12,0.96
279451,-0.02,-0.13,0.96
279461,-0.02,-0.14,0.95
279471,-0.02,-0.15,0.94
279480,-0.01,-0.17,0.93
279490,-0.01,-0.18,0.93
279500,-0.01,-0.19,0.94
279509,0.01,-0.19,0.94
279519,0.01,-0.19,0.95
279528,0.01,-0.19,0.96
279538,0.00,-0.19,0.97
279548,-0.00,-0.18,0.99
279557,-0.01,-0.17,1.00
279567,-0.02,-0.16,1.01
279576,-0.02,-0.15,1.02
279586,-0.02,-0.15,1.01
279596,-0.02,-0.15,1.01
279605,-0.02,-0.16,1.00
279615,-0.01,-0.16,0.99
279625,-0.01,-0.16,0.99
279634,-0.01,-0.16,0.98
279644,-0.02,-0.17,0.98
279653,-0.03,-0.19,0.97
279663,-0.05,-0.21,0.98
279673,-0.08,-0.21,0.99
279682,-0.10,-0.22,1.01
279692,-0.10,-0.21,1.02
279701,-0.11,-0.21,1.03
279711,-0.11,-0.21,1.03
279721,-0.09,-0.21,1.01
279730,-0.06,-0.21,1.00
279740,-0.03,-0.20,0.99
279750,-0.00,-0.19,0.97
279759,0.02,-0.20,0.95
279769,0.03,-0.20,0.94
279778,0.04,-0.21,0.94
279788,0.03,-0.22,0.94
279798,0.03,-0.22,0.95
279807,0.02,-0.21,0.97
279817,0.01,-0.19,0.98
279826,0.01,-0.16,0.99
279836,0.01,-0.14,1.00
279846,0.01,-0.11,1.00
279855,0.00,-0.10,1.00
279865,-0.01,-0.09,1.00
279875,-0.02,-0.09,0.99
279884,-0.03,-0.10,0.99
279894,-0.04,-0.11,0.99
279903,-0.04,-0.12,0.99
279913,-0.04,-0.13,0.99
279923,-0.04,-0.14,0.99
279932,-0.05,-0.14,0.99
279942,-0.05,-0.14,0.99
279951,-0.05,-0.13,0.99
279961,-0.06,-0.14,0.98
279971,-0.07,-0.15,0.97
279980,-0.07,-0.17,0.96
279990,-0.08,-0.19,0.96
280000,-0.08,-0.20,0.96
280009,-0.07,-0.21,0.96
280019,-0.06,-0.22,0.97
280028,-0.05,-0.22,0.97
280038,-0.03,-0.21,0.98
280048,-0.02,-0.20,0.98
280057,-0.01,-0.19,0.98
280067,0.00,-0.18,0.98
280076,0.01,-0.18,0.98
280086,0.02,-0.18,0.99
280096,0.02,-0.18,0.99
280105,0.02,-0.18,0.99
280115,0.03,-0.19,0.98
280125,0.03,-0.19,0.98
280134,0.02,-0.20,0.97
280144,0.00,-0.21,0.97
280153,-0.01,-0.21,0.97
280163,-0.02,-0.21,0.96
280173,-0.02,-0.21,0.96
280182,-0.03,-0.21,0.96
280192,-0.03,-0.20,0.96
280201,-0.02,-0.18,0.96
280211,-0.02,-0.17,0.96
280221,-0.02,-0.16,0.96
280230,-0.02,-0.15,0.97
280240,-0.03,-0.15,0.98
280250,-0.03,-0.15,0.99
280259,-0.04,-0.14,1.00
280269,-0.05,-0.14,1.01
280278,-0.06,-0.13,1.02
280288,-0.05,-0.13,1.02
280298,-0.04,-0.13,1.01
280307,-0.03,-0.14,1.00
280317,-0.02,-0.15,0.98
280326,-0.01,-0.15,0.97
280336,-0.01,-0.16,0.95
280346,-0.00,-0.16,0.94
280355,0.00,-0.16,0.94
280365,0.00,-0.16,0.94
280375,-0.00,-0.17,0.95
280384,-0.02,-0.19,0.96
280394,-0.04,-0.22,0.98
280403,-0.07,-0.24,1.00
280413,-0.10,-0.27,1.02
280423,-0.12,-0.28,1.04
280432,-0.13,-0.28,1.05
280442,-0.13,-0.26,1.05
280451,-0.12,-0.23,1.04
280461,-0.09,-0.19,1.02
280471,-0.06,-0.16,1.00
280480,-0.04,-0.13,0.98
280490,-0.02,-0.11,0.96
280500,-0.02,-0.10,0.95
280509,-0.02,-0.09,0.94
280519,-0.02,-0.09,0.94
280528,-0.03,-0.09,0.94
280538,-0.03,-0.09,0.94
280548,-0.02,-0.09,0.95
280557,-0.01,-0.10,0.95
280567,-0.01,-0.10,0.97
280576,-0.01,-0.11,0.98
280586,0.00,-0.13,0.99
280596,0.01,-0.15,0.99
280605,0.01,-0.17,0.99
280615,0.00,-0.19,0.99
280625,0.00,-0.21,0.99
280634,-0.00,-0.22,0.99
280644,-0.01,-0.23,0.99
280653,-0.02,-0.24,0.99
280663,-0.03,-0.25,0.99
280673,-0.03,-0.24,0.99
280682,-0.03,-0.24,0.98
280692,-0.03,-0.23,0.97
280701,-0.03,-0.22,0.97
280711,-0.03,-0.21,0.97
280721,-0.04,-0.21,0.97
280730,-0.05,-0.21,0.97
280740,-0.06,-0.21,0.98
280750,-0.06,-0.21,0.98
280759,-0.06,-0.22,0.98
280769,-0.05,-0.21,0.98
280778,-0.05,-0.21,0.99
280788,-0.05,-0.21,0.99
280798,-0.05,-0.20,0.99
280807,-0.05,-0.20,0.98
280817,-0.05,-0.19,0.98
280826,-0.05,-0.18,0.98
280836,-0.05,-0.17,0.98
280846,-0.05,-0.16,0.98
280855,-0.04,-0.16,0.97
280865,-0.03,-0.16,0.97
280875,-0.02,-0.17,0.96
280884,-0.01,-0.17,0.96
280894,-0.01,-0.18,0.96
280903,-0.01,-0.19,0.96
280913,-0.02,-0.19,0.97
280923,-0.03,-0.19,0.99
280932,-0.03,-0.19,1.00
280942,-0.04,-0.19,1.01
280951,-0.04,-0.18,1.01
280961,-0.04,-0.18,1.01
280971,-0.04,-0.18,1.00
280980,-0.04,-0.18,1.00
280990,-0.04,-0.18,0.99
281000,-0.05,-0.18,0.99
281009,-0.05,-0.18,0.99
281019,-0.05,-0.19,0.98
281028,-0.04,-0.19,0.97
281038,-0.04,-0.19,0.97
281048,-0.04,-0.19,0.96
281057,-0.03,-0.18,0.96
281067,-0.03,-0.18,0.96
281076,-0.02,-0.17,0.96
281086,-0.02,-0.17,0.96
281096,-0.02,-0.17,0.97
281105,-0.03,-0.18,0.97
281115,-0.03,-0.18,0.97
281125,-0.04,-0.18,0.98
281134,-0.04,-0.18,0.98
281144,-0.04,-0.18,0.99
281153,-0.04,-0.18,0.98
281163,-0.04,-0.18,0.98
281173,-0.04,-0.19,0.98
281182,-0.03,-0.19,0.98
281192,-0.03,-0.18,0.98
281201,-0.03,-0.18,0.98
281211,-0.04,-0.18,0.99
281221,-0.04,-0.18,0.99
281230,-0.04,-0.18,0.99
281240,-0.04,-0.18,0.98
281250,-0.04,-0.17,0.98
281259,-0.04,-0.17,0.98
281269,-0.04,-0.16,0.98
281278,-0.04,-0.16,0.98
281288,-0.04,-0.15,0.98
281298,-0.04,-0.15,0.98
281307,-0.04,-0.15,0.98
281317,-0.04,-0.15,0.98
281326,-0.04,-0.16,0.98
281336,-0.04,-0.16,0.98
281346,-0.04,-0.16,0.98
281355,-0.04,-0.17,0.98
281365,-0.04,-0.17,0.98
281375,-0.04,-0.18,0.98
281384,-0.04,-0.18,0.98
281394,-0.03,-0.18,0.97
281403,-0.03,-0.18,0.97
281413,-0.03,-0.18,0.97
281423,-0.02,-0.19,0.97
281432,-0.02,-0.19,0.96
281442,-0.02,-0.19,0.96
281451,-0.02,-0.19,0.97
281461,-0.03,-0.19,0.97
281471,-0.03,-0.19,0.98
281480,-0.04,-0.20,0.99
281490,-0.04,-0.20,0.99
281500,-0.05,-0.19,0.99
281509,-0.05,-0.19,0.99
281519,-0.05,-0.19,0.99
281528,-0.05,-0.18,0.99
281538,-0.05,-0.18,0.98
281548,-0.05,-0.18,0.98
281557,-0.05,-0.18,0.98
281567,-0.05,-0.18,0.98
281576,-0.06,-0.17,0.98
281586,-0.06,-0.17,0.98
281596,-0.05,-0.16,0.98
281605,-0.05,-0.16,0.98
281615,-0.04,-0.17,0.97
281625,-0.03,-0.18,0.97
281634,-0.02,-0.19,0.96
281644,-0.02,-0.20,0.96
281653,-0.02,-0.20,0.96
281663,-0.02,-0.20,0.97
281673,-0.02,-0.19,0.97
281682,-0.02,-0.18,0.97
281692,-0.02,-0.17,0.98
281701,-0.03,-0.16,0.99
281711,-0.04,-0.16,0.99
281721,-0.05,-0.16,1.00
281730,-0.05,-0.15,1.00
281740,-0.06,-0.15,1.00
281750,-0.06,-0.15,1.00
281759,-0.06,-0.15,1.00
281769,-0.07,-0.16,0.99
281778,-0.07,-0.17,0.99
281788,-0.05,-0.17,0.98
281798,-0.04,-0.18,0.97
281807,-0.04,-0.19,0.97
281817,-0.04,-0.19,0.97
281826,-0.05,-0.20,0.97
281836,-0.05,-0.20,0.96
281846,-0.05,-0.20,0.97
281855,-0.05,-0.20,0.97
281865,-0.05,-0.19,0.97
281875,-0.06,-0.19,0.97
281884,-0.06,-0.18,0.98
281894,-0.05,-0.17,0.98
281903,-0.05,-0.16,0.99
281913,-0.05,-0.16,0.99
281923,-0.05,-0.16,0.99
281932,-0.05,-0.15,0.99
281942,-0.05,-0.15,0.99
281951,-0.05,-0.14,0.99
281961,-0.04,-0.14,1.00
281971,-0.04,-0.14,1.01
281980,-0.04,-0.14,1.01
281990,-0.03,-0.16,1.00
282000,-0.03,-0.17,1.00
282009,-0.02,-0.18,0.99
282019,-0.02,-0.18,0.98
282028,-0.02,-0.18,0.97
282038,-0.01,-0.18,0.97
282048,-0.02,-0.19,0.97
282057,-0.02,-0.19,0.97
282067,-0.03,-0.19,0.97
282076,-0.04,-0.20,0.97
282086,-0.04,-0.20,0.98
282096,-0.05,-0.20,0.97
282105,-0.05,-0.19,0.97
282115,-0.05,-0.18,0.97
282125,-0.05,-0.18,0.97
282134,-0.05,-0.17,0.97
282144,-0.06,-0.17,0.97
282153,-0.06,-0.16,0.97
282163,-0.06,-0.16,0.98
282173,-0.07,-0.16,0.98
282182,-0.07,-0.16,0.98
282192,-0.07,-0.15,0.98
282201,-0.07,-0.15,0.99
282211,-0.07,-0.14,0.99
282221,-0.06,-0.14,1.00
282230,-0.05,-0.14,1.00
282240,-0.05,-0.14,1.01
282250,-0.04,-0.15,1.01
282259,-0.04,-0.16,1.00
282269,-0.04,-0.17,1.00
282278,-0.04,-0.17,1.00
282288,-0.03,-0.18,0.99
282298,-0.03,-0.18,0.99
282307,-0.02,-0.17,0.98
282317,-0.03,-0.17,0.98
282326,-0.03,-0.17,0.97
282336,-0.04,-0.16,0.97
282346,-0.04,-0.16,0.97
282355,-0.05,-0.16,0.98
282365,-0.06,-0.15,0.98
282375,-0.06,-0.14,0.99
282384,-0.05,-0.14,0.99
282394,-0.05,-0.13,0.99
282403,-0.05,-0.12,0.99
282413,-0.05,-0.12,0.98
282423,-0.05,-0.11,0.98
282432,-0.05,-0.11,0.99
282442,-0.05,-0.11,0.99
282451,-0.05,-0.11,1.00
282461,-0.05,-0.12,1.00
282471,-0.05,-0.13,1.00
282480,-0.05,-0.13,1.00
282490,-0.04,-0.14,1.00
282500,-0.04,-0.14,0.99
282509,-0.04,-0.15,0.98
282519,-0.03,-0.15,0.98
282528,-0.03,-0.15,0.98
282538,-0.03,-0.16,0.98
282548,-0.04,-0.16,0.98
282557,-0.04,-0.17,0.98
282567,-0.04,-0.17,0.98
282576,-0.04,-0.16,0.98
282586,-0.04,-0.16,0.97
282596,-0.03,-0.16,0.97
282605,-0.03,-0.15,0.96
282615,-0.03,-0.15,0.96
282625,-0.03,-0.15,0.96
282634,-0.03,-0.15,0.96
282644,-0.04,-0.15,0.97
282653,-0.04,-0.16,0.98
282663,-0.04,-0.16,0.98
282673,-0.05,-0.16,0.99
282682,-0.05,-0.16,0.99
282692,-0.04,-0.16,0.99
282701,-0.04,-0.15,0.99
282711,-0.04,-0.15,1.00
282721,-0.03,-0.15,0.99
282730,-0.04,-0.15,0.99
282740,-0.03,-0.15,0.99
282750,-0.04,-0.15,1.00
282759,-0.04,-0.15,1.01
282769,-0.04,-0.16,1.01
282778,-0.05,-0.16,1.01
282788,-0.05,-0.17,1.01
282798,-0.05,-0.17,1.00
282807,-0.05,-0.17,1.00
282817,-0.04,-0.17,0.99
282826,-0.04,-0.17,0.98
282836,-0.03,-0.17,0.98
282846,-0.03,-0.18,0.97
282855,-0.03,-0.19,0.97
282865,-0.03,-0.19,0.97
282875,-0.03,-0.20,0.97
282884,-0.03,-0.19,0.97
282894,-0.02,-0.19,0.97
282903,-0.02,-0.18,0.97
282913,-0.02,-0.18,0.96
282923,-0.02,-0.18,0.96
282932,-0.02,-0.18,0.96
282942,-0.02,-0.18,0.96
282951,-0.02,-0.18,0.97
282961,-0.02,-0.18,0.97
282971,-0.02,-0.18,0.97
282980,-0.02,-0.18,0.98
282990,-0.03,-0.18,0.98
283000,-0.03,-0.18,0.98
283009,-0.03,-0.18,0.98
283019,-0.03,-0.18,0.99
283028,-0.04,-0.17,0.99
283038,-0.04,-0.17,0.99
283048,-0.04,-0.16,0.99
283057,-0.03,-0.16,0.99
283067,-0.03,-0.16,0.99
283076,-0.03,-0.17,0.98
283086,-0.03,-0.17,0.98
283096,-0.02,-0.17,0.98
283105,-0.02,-0.17,0.98
283115,-0.02,-0.17,0.98
283125,-0.02,-0.17,0.99
283134,-0.03,-0.16,0.98
283144,-0.03,-0.16,0.98
283153,-0.03,-0.16,0.98
283163,-0.03,-0.16,0.98
283173,-0.03,-0.17,0.98
283182,-0.02,-0.17,0.98
283192,-0.02,-0.17,0.98
283201,-0.02,-0.17,0.98
283211,-0.02,-0.17,0.98
283221,-0.02,-0.18,0.98
283230,-0.02,-0.18,0.98
283240,-0.02,-0.18,0.98
283250,-0.02,-0.19,0.97
283259,-0.02,-0.19,0.97
283269,-0.01,-0.19,0.97
283278,-0.01,-0.19,0.97
283288,-0.01,-0.19,0.97
283298,-0.01,-0.19,0.98
283307,-0.01,-0.19,0.98
283317,-0.01,-0.19,0.97
283326,-0.01,-0.19,0.97
283336,-0.01,-0.19,0.97
283346,-0.01,-0.19,0.97
283355,-0.01,-0.18,0.98
283365,-0.01,-0.18,0.98
283375,-0.01,-0.19,0.98
283384,-0.01,-0.19,0.98
283394,-0.00,-0.19,0.98
283403,-0.00,-0.19,0.97
283413,-0.01,-0.19,0.98
283423,-0.00,-0.19,0.98
283432,-0.01,-0.19,0.98
283442,-0.01,-0.20,0.98
283451,-0.01,-0.20,0.98
283461,-0.01,-0.20,0.98
283471,-0.01,-0.20,0.98
283480,-0.01,-0.19,0.98
283490,-0.01,-0.19,0.98
283500,-0.01,-0.19,0.97
283509,-0.01,-0.19,0.97
283519,-0.01,-0.20,0.97
283528,-0.01,-0.20,0.97
283538,-0.01,-0.20,0.97
283548,-0.00,-0.20,0.97
283557,-0.01,-0.20,0.97
283567,-0.01,-0.20,0.97
283576,-0.01,-0.20,0.97
283586,-0.01,-0.21,0.96
283596,-0.01,-0.21,0.96
283605,-0.00,-0.21,0.96
283615,-0.00,-0.21,0.96
283625,-0.00,-0.21,0.96
283634,-0.00,-0.21,0.96
283644,-0.01,-0.21,0.96
283653,-0.01,-0.21,0.96
283663,-0.00,-0.21,0.96
283673,-0.00,-0.22,0.95
283682,-0.00,-0.22,0.95
283692,-0.00,-0.22,0.96
283701,-0.00,-0.22,0.96
283711,-0.01,-0.22,0.96
283721,-0.01,-0.21,0.97
283730,-0.01,-0.20,0.98
283740,-0.01,-0.20,0.98
283750,-0.01,-0.20,0.98
283759,-0.01,-0.20,0.98
283769,-0.01,-0.21,0.98
283778,-0.01,-0.22,0.98
283788,-0.01,-0.22,0.97
283798,-0.01,-0.22,0.97
283807,-0.01,-0.21,0.97
283817,-0.00,-0.21,0.97
283826,0.00,-0.20,0.97
283836,-0.00,-0.20,0.97
283846,-0.00,-0.19,0.98
283855,-0.01,-0.20,0.99
283865,-0.01,-0.20,0.99
283875,-0.01,-0.20,0.99
283884,-0.01,-0.20,0.99
283894,-0.01,-0.21,0.99
283903,-0.01,-0.21,0.98
283913,-0.01,-0.21,0.98
283923,-0.01,-0.22,0.98
283932,-0.01,-0.21,0.98
283942,-0.01,-0.21,0.98
283951,-0.01,-0.21,0.97
283961,-0.00,-0.20,0.96
283971,0.00,-0.20,0.96
283980,0.00,-0.19,0.96
283990,-0.00,-0.19,0.96
284000,-0.01,-0.19,0.97
284009,-0.01,-0.20,0.97
284019,-0.02,-0.20,0.97
284028,-0.02,-0.21,0.97
284038,-0.01,-0.21,0.97
284048,-0.01,-0.21,0.97
284057,-0.01,-0.21,0.97
284067,-0.02,-0.21,0.98
284076,-0.02,-0.20,0.98
284086,-0.02,-0.20,0.98
284096,-0.01,-0.19,0.98
284105,-0.01,-0.19,0.98
284115,-0.01,-0.19,0.98
284125,-0.01,-0.19,0.98
284134,-0.01,-0.20,0.98
284144,-0.02,-0.20,0.99
284153,-0.02,-0.20,0.99
284163,-0.02,-0.20,0.99
284173,-0.02,-0.20,0.98
284182,-0.02,-0.20,0.98
284192,-0.01,-0.20,0.97
284201,-0.01,-0.20,0.97
284211,-0.01,-0.20,0.97
284221,-0.01,-0.20,0.98
284230,-0.02,-0.20,0.98
284240,-0.02,-0.20,0.98
284250,-0.02,-0.20,0.98
284259,-0.02,-0.20,0.97
284269,-0.01,-0.20,0.97
284278,-0.01,-0.20,0.96
284288,-0.02,-0.20,0.96
284298,-0.02,-0.20,0.97
284307,-0.02,-0.20,0.97
284317,-0.02,-0.20,0.97
284326,-0.02,-0.20,0.97
284336,-0.02,-0.20,0.97
284346,-0.02,-0.20,0.97
284355,-0.02,-0.20,0.97
284365,-0.02,-0.21,0.97
284375,-0.02,-0.21,0.97
284384,-0.02,-0.21,0.97
284394,-0.02,-0.20,0.98
284403,-0.02,-0.20,0.98
284413,-0.03,-0.19,0.98
284423,-0.03,-0.19,0.99
284432,-0.03,-0.19,0.99
284442,-0.03,-0.20,0.98
284451,-0.03,-0.20,0.98
284461,-0.03,-0.21,0.98
284471,-0.02,-0.21,0.98
284480,-0.02,-0.21,0.98
284490,-0.02,-0.21,0.98
284500,-0.02,-0.21,0.98
284509,-0.02,-0.21,0.98
284519,-0.02,-0.21,0.98
284528,-0.03,-0.20,0.98
284538,-0.03,-0.19,0.98
284548,-0.02,-0.19,0.98
284557,-0.02,-0.19,0.97
284567,-0.02,-0.19,0.97
284576,-0.02,-0.19,0.97
284586,-0.02,-0.20,0.97
284596,-0.03,-0.20,0.98
284605,-0.03,-0.21,0.99
284615,-0.03,-0.22,0.99
284625,-0.03,-0.22,0.99
284634,-0.03,-0.22,0.98
284644,-0.03,-0.21,0.98
284653,-0.03,-0.20,0.97
284663,-0.02,-0.19,0.97
284673,-0.02,-0.18,0.97
284682,-0.02,-0.18,0.96
284692,-0.02,-0.19,0.97
284701,-0.02,-0.19,0.97
284711,-0.03,-0.20,0.97
284721,-0.03,-0.21,0.98
284730,-0.03,-0.20,0.98
284740,-0.03,-0.20,0.98
284750,-0.03,-0.19,0.98
284759,-0.03,-0.19,0.98
284769,-0.03,-0.19,0.98
284778,-0.03,-0.19,0.98
284788,-0.03,-0.19,0.99
284798,-0.03,-0.20,0.99
284807,-0.03,-0.20,0.99
284817,-0.03,-0.20,0.99
284826,-0.03,-0.20,0.99
284836,-0.03,-0.20,0.98
284846,-0.03,-0.19,0.98
284855,-0.02,-0.19,0.97
284865,-0.02,-0.19,0.97
284875,-0.02,-0.19,0.97
284884,-0.02,-0.19,0.97
284894,-0.03,-0.20,0.97
284903,-0.03,-0.21,0.98
284913,-0.03,-0.21,0.98
284923,-0.03,-0.21,0.98
284932,-0.03,-0.21,0.98
284942,-0.03,-0.20,0.98
284951,-0.03,-0.20,0.97
284961,-0.03,-0.19,0.97
284971,-0.03,-0.19,0.97
284980,-0.03,-0.19,0.97
284990,-0.03,-0.18,0.97
285000,-0.03,-0.18,0.97
285009,-0.03,-0.19,0.98
285019,-0.03,-0.19,0.98
285028,-0.03,-0.20,0.98
285038,-0.04,-0.21,0.98
285048,-0.04,-0.21,0.98
285057,-0.04,-0.20,0.98
285067,-0.04,-0.19,0.98
285076,-0.04,-0.19,0.98
285086,-0.04,-0.18,0.98
285096,-0.04,-0.18,0.98
285105,-0.04,-0.19,0.98
285115,-0.04,-0.19,0.98
285125,-0.04,-0.19,0.98
285134,-0.04,-0.19,0.98
285144,-0.04,-0.19,0.98
285153,-0.03,-0.19,0.98
285163,-0.03,-0.18,0.98
285173,-0.03,-0.18,0.98
285182,-0.03,-0.18,0.98
285192,-0.03,-0.18,0.98
285201,-0.03,-0.18,0.98
285211,-0.04,-0.18,0.98
285221,-0.04,-0.17,0.98
285230,-0.05,-0.17,0.98
285240,-0.05,-0.17,0.98
285250,-0.05,-0.16,0.98
285259,-0.05,-0.16,0.97
285269,-0.04,-0.16,0.95
285278,-0.03,-0.17,0.94
285288,-0.02,-0.18,0.93
285298,-0.02,-0.18,0.93
285307,-0.02,-0.18,0.95
285317,-0.03,-0.18,0.96
285326,-0.04,-0.18,0.98
285336,-0.04,-0.19,1.00
285346,-0.05,-0.20,1.00
285355,-0.05,-0.20,1.00
285365,-0.04,-0.21,1.00
285375,-0.05,-0.21,1.00
285384,-0.04,-0.21,1.00
285394,-0.04,-0.21,0.99
285403,-0.04,-0.21,0.99
285413,-0.03,-0.21,0.99
285423,-0.04,-0.21,0.98
285432,-0.04,-0.22,0.97
285442,-0.04,-0.22,0.96
285451,-0.04,-0.22,0.96
285461,-0.05,-0.22,0.95
285471,-0.05,-0.22,0.94
285480,-0.06,-0.22,0.94
285490,-0.06,-0.21,0.95
285500,-0.05,-0.21,0.95
285509,-0.06,-0.21,0.95
285519,-0.05,-0.20,0.94
285528,-0.04,-0.19,0.95
285538,-0.04,-0.19,0.96
285548,-0.04,-0.19,0.97
285557,-0.05,-0.20,0.98
285567,-0.06,-0.21,0.99
285576,-0.07,-0.22,0.99
285586,-0.07,-0.22,1.00
285596,-0.09,-0.23,1.00
285605,-0.09,-0.24,1.01
285615,-0.08,-0.23,1.00
285625,-0.08,-0.24,0.99
285634,-0.07,-0.23,0.98
285644,-0.07,-0.23,0.97
285653,-0.06,-0.23,0.97
285663,-0.06,-0.23,0.97
285673,-0.05,-0.23,0.97
285682,-0.05,-0.23,0.97
285692,-0.04,-0.24,0.96
285701,-0.04,-0.24,0.96
285711,-0.03,-0.25,0.96
285721,-0.03,-0.25,0.96
285730,-0.03,-0.25,0.97
285740,-0.03,-0.25,0.98
285750,-0.03,-0.24,0.98
285759,-0.03,-0.24,0.99
285769,-0.03,-0.24,0.99
285778,-0.03,-0.24,0.98
285788,-0.03,-0.25,0.97
285798,-0.04,-0.25,0.97
285807,-0.03,-0.24,0.97
285817,-0.03,-0.24,0.96
285826,-0.03,-0.24,0.96
285836,-0.03,-0.23,0.96
285846,-0.03,-0.23,0.96
285855,-0.03,-0.23,0.96
285865,-0.03,-0.23,0.96
285875,-0.04,-0.23,0.96
285884,-0.04,-0.23,0.96
285894,-0.04,-0.23,0.96
285903,-0.04,-0.23,0.97
285913,-0.04,-0.22,0.97
285923,-0.04,-0.22,0.97
285932,-0.05,-0.21,0.97
285942,-0.06,-0.20,0.97
285951,-0.06,-0.20,0.98
285961,-0.07,-0.20,0.98
285971,-0.07,-0.20,0.98
285980,-0.07,-0.19,0.98
285990,-0.07,-0.19,0.98
286000,-0.07,-0.19,0.98
286009,-0.07,-0.18,0.98
286019,-0.07,-0.19,0.99
286028,-0.08,-0.19,0.99
286038,-0.08,-0.19,0.99
286048,-0.08,-0.20,0.99
286057,-0.08,-0.19,0.99
286067,-0.07,-0.20,0.98
286076,-0.07,-0.20,0.97
286086,-0.06,-0.21,0.97
286096,-0.06,-0.21,0.96
286105,-0.06,-0.22,0.96
286115,-0.06,-0.22,0.97
286125,-0.06,-0.23,0.97
286134,-0.06,-0.23,0.97
286144,-0.06,-0.24,0.97
286153,-0.07,-0.24,0.97
286163,-0.07,-0.24,0.97
286173,-0.07,-0.23,0.97
286182,-0.07,-0.22,0.97
286192,-0.07,-0.22,0.97
286201,-0.07,-0.22,0.97
286211,-0.08,-0.22,0.97
286221,-0.08,-0.22,0.97
286230,-0.09,-0.22,0.97
286240,-0.10,-0.21,0.98
286250,-0.10,-0.22,0.98
286259,-0.10,-0.22,0.98
286269,-0.10,-0.22,0.98
286278,-0.09,-0.23,0.98
286288,-0.08,-0.23,0.97
286298,-0.08,-0.24,0.97
286307,-0.07,-0.25,0.96
286317,-0.06,-0.25,0.96
286326,-0.05,-0.25,0.96
286336,-0.04,-0.26,0.95
286346,-0.04,-0.26,0.95
286355,-0.04,-0.27,0.95
286365,-0.04,-0.28,0.94
286375,-0.05,-0.29,0.94
286384,-0.05,-0.29,0.94
286394,-0.06,-0.29,0.93
286403,-0.06,-0.28,0.93
286413,-0.05,-0.28,0.93
286423,-0.05,-0.27,0.93
286432,-0.05,-0.27,0.93
286442,-0.06,-0.28,0.93
286451,-0.06,-0.28,0.94
286461,-0.06,-0.29,0.94
286471,-0.07,-0.30,0.96
286480,-0.06,-0.30,0.97
286490,-0.06,-0.31,0.98
286500,-0.05,-0.31,0.98
286509,-0.04,-0.31,0.99
286519,-0.04,-0.30,0.99
286528,-0.03,-0.30,0.99
286538,-0.04,-0.30,0.99
286548,-0.04,-0.29,0.99
286557,-0.04,-0.29,0.98
286567,-0.04,-0.28,0.98
286576,-0.05,-0.28,0.97
286586,-0.05,-0.27,0.97
286596,-0.05,-0.27,0.96
286605,-0.05,-0.26,0.96
286615,-0.05,-0.25,0.96
286625,-0.05,-0.25,0.96
286634,-0.05,-0.24,0.96
286644,-0.06,-0.24,0.96
286653,-0.06,-0.23,0.97
286663,-0.05,-0.23,0.97
286673,-0.05,-0.23,0.97
286682,-0.06,-0.24,0.97
286692,-0.06,-0.24,0.97
286701,-0.06,-0.24,0.97
286711,-0.06,-0.24,0.97
286721,-0.05,-0.24,0.97
286730,-0.04,-0.24,0.97
286740,-0.04,-0.24,0.97
286750,-0.04,-0.25,0.97
286759,-0.04,-0.25,0.96
286769,-0.03,-0.26,0.96
286778,-0.03,-0.26,0.95
286788,-0.03,-0.25,0.95
286798,-0.02,-0.25,0.95
286807,-0.02,-0.24,0.95
286817,-0.03,-0.23,0.95
286826,-0.04,-0.23,0.95
286836,-0.04,-0.23,0.95
286846,-0.04,-0.22,0.95
286855,-0.03,-0.22,0.95
286865,-0.03,-0.21,0.95
286875,-0.03,-0.21,0.95
286884,-0.03,-0.20,0.96
286894,-0.03,-0.20,0.97
286903,-0.03,-0.20,0.98
286913,-0.03,-0.21,0.98
286923,-0.03,-0.23,0.98
286932,-0.03,-0.24,0.98
286942,-0.03,-0.24,0.97
286951,-0.03,-0.25,0.97
286961,-0.02,-0.26,0.97
286971,-0.02,-0.26,0.97
286980,-0.03,-0.27,0.98
286990,-0.03,-0.28,0.97
287000,-0.03,-0.28,0.97
287009,-0.03,-0.29,0.96
287019,-0.03,-0.28,0.95
287028,-0.03,-0.28,0.95
287038,-0.04,-0.26,0.95
287048,-0.05,-0.25,0.96
287057,-0.06,-0.24,0.96
287067,-0.07,-0.23,0.97
287076,-0.08,-0.22,0.97
287086,-0.10,-0.22,0.98
287096,-0.10,-0.22,0.98
287105,-0.11,-0.22,0.98
287115,-0.11,-0.21,0.98
287125,-0.11,-0.21,0.97
287134,-0.11,-0.21,0.96
287144,-0.11,-0.21,0.96
287153,-0.10,-0.21,0.96
287163,-0.10,-0.21,0.96
287173,-0.10,-0.21,0.96
287182,-0.10,-0.22,0.96
287192,-0.09,-0.22,0.95
287201,-0.09,-0.21,0.95
287211,-0.09,-0.21,0.96
287221,-0.08,-0.20,0.96
287230,-0.08,-0.20,0.97
287240,-0.08,-0.20,0.98
287250,-0.08,-0.20,0.98
287259,-0.08,-0.20,0.99
287269,-0.07,-0.20,0.99
287278,-0.07,-0.20,0.99
287288,-0.06,-0.20,0.99
287298,-0.05,-0.20,1.00
287307,-0.05,-0.20,1.01
287317,-0.05,-0.21,1.01
287326,-0.05,-0.22,1.01
287336,-0.04,-0.23,1.00
287346,-0.05,-0.23,0.99
287355,-0.05,-0.23,0.98
287365,-0.05,-0.24,0.97
287375,-0.05,-0.24,0.95
287384,-0.05,-0.24,0.95
287394,-0.05,-0.24,0.94
287403,-0.05,-0.23,0.94
287413,-0.06,-0.23,0.94
287423,-0.06,-0.23,0.94
287432,-0.06,-0.23,0.95
287442,-0.07,-0.23,0.95
287451,-0.07,-0.23,0.96
287461,-0.07,-0.23,0.96
287471,-0.07,-0.23,0.96
287480,-0.07,-0.23,0.97
287490,-0.07,-0.23,0.97
287500,-0.07,-0.24,0.97
287509,-0.07,-0.25,0.97
287519,-0.07,-0.25,0.97
287528,-0.06,-0.26,0.97
287538,-0.06,-0.26,0.97
287548,-0.06,-0.27,0.97
287557,-0.06,-0.27,0.96
287567,-0.06,-0.27,0.97
287576,-0.06,-0.26,0.96
287586,-0.06,-0.25,0.96
287596,-0.06,-0.24,0.96
287605,-0.07,-0.24,0.96
287615,-0.07,-0.23,0.96
287625,-0.07,-0.22,0.96
287634,-0.07,-0.22,0.96
287644,-0.07,-0.22,0.96
287653,-0.07,-0.22,0.96
287663,-0.07,-0.23,0.96
287673,-0.07,-0.23,0.97
287682,-0.06,-0.23,0.97
287692,-0.06,-0.24,0.97
287701,-0.06,-0.24,0.97
287711,-0.06,-0.24,0.97
287721,-0.06,-0.24,0.98
287730,-0.06,-0.23,0.98
287740,-0.06,-0.23,0.98
287750,-0.06,-0.23,0.98
287759,-0.06,-0.23,0.97
287769,-0.06,-0.22,0.97
287778,-0.06,-0.23,0.98
287788,-0.06,-0.23,0.98
287798,-0.06,-0.24,0.98
287807,-0.06,-0.24,0.98
287817,-0.06,-0.25,0.97
287826,-0.06,-0.25,0.97
287836,-0.05,-0.25,0.96
287846,-0.05,-0.24,0.95
287855,-0.05,-0.24,0.95
287865,-0.05,-0.24,0.95
287875,-0.06,-0.24,0.96
287884,-0.06,-0.24,0.96
287894,-0.06,-0.24,0.96
287903,-0.06,-0.25,0.95
287913,-0.06,-0.25,0.95
287923,-0.06,-0.25,0.95
287932,-0.06,-0.25,0.96
287942,-0.06,-0.25,0.96
287951,-0.06,-0.25,0.96
287961,-0.06,-0.25,0.96
287971,-0.06,-0.24,0.97
287980,-0.07,-0.24,0.97
287990,-0.07,-0.23,0.97
288000,-0.07,-0.24,0.97
288009,-0.07,-0.24,0.97
288019,-0.07,-0.24,0.97
288028,-0.07,-0.24,0.97
288038,-0.07,-0.25,0.98
288048,-0.07,-0.25,0.98
288057,-0.07,-0.25,0.98
288067,-0.07,-0.24,0.97
288076,-0.07,-0.24,0.97
288086,-0.07,-0.23,0.97
288096,-0.06,-0.23,0.96
288105,-0.06,-0.23,0.96
288115,-0.06,-0.23,0.96
288125,-0.06,-0.24,0.96
288134,-0.06,-0.24,0.96
288144,-0.06,-0.24,0.97
288153,-0.06,-0.24,0.97
288163,-0.06,-0.24,0.97
288173,-0.06,-0.24,0.97
288182,-0.06,-0.24,0.97
288192,-0.06,-0.24,0.97
288201,-0.06,-0.25,0.97
288211,-0.07,-0.25,0.97
288221,-0.07,-0.25,0.97
288230,-0.07,-0.25,0.96
288240,-0.06,-0.25,0.96
288250,-0.06,-0.24,0.96
288259,-0.06,-0.24,0.96
288269,-0.06,-0.24,0.96
288278,-0.06,-0.24,0.96
288288,-0.06,-0.24,0.96
288298,-0.07,-0.24,0.96
288307,-0.07,-0.24,0.97
288317,-0.07,-0.25,0.97
288326,-0.07,-0.25,0.98
288336,-0.07,-0.25,0.98
288346,-0.07,-0.25,0.98
288355,-0.07,-0.25,0.98
288365,-0.07,-0.25,0.97
288375,-0.07,-0.25,0.97
288384,-0.07,-0.25,0.97
288394,-0.07,-0.25,0.97
288403,-0.06,-0.26,0.96
288413,-0.06,-0.26,0.96
288423,-0.06,-0.25,0.96
288432,-0.06,-0.25,0.96
288442,-0.06,-0.24,0.96
288451,-0.06,-0.24,0.96
288461,-0.06,-0.25,0.96
288471,-0.06,-0.25,0.97
288480,-0.07,-0.25,0.97
288490,-0.07,-0.25,0.97
288500,-0.07,-0.25,0.97
288509,-0.07,-0.25,0.97
288519,-0.06,-0.25,0.97
288528,-0.06,-0.25,0.96
288538,-0.06,-0.26,0.96
288548,-0.06,-0.26,0.96
288557,-0.06,-0.26,0.96
288567,-0.06,-0.26,0.96
288576,-0.06,-0.27,0.95
288586,-0.05,-0.26,0.95
288596,-0.05,-0.26,0.95
288605,-0.05,-0.26,0.95
288615,-0.05,-0.26,0.95
288625,-0.05,-0.26,0.96
288634,-0.06,-0.27,0.95
288644,-0.06,-0.28,0.95
288653,-0.06,-0.28,0.95
288663,-0.06,-0.28,0.95
288673,-0.06,-0.28,0.95
288682,-0.06,-0.27,0.95
288692,-0.06,-0.27,0.95
288701,-0.06,-0.26,0.95
288711,-0.06,-0.25,0.96
288721,-0.06,-0.25,0.96
288730,-0.05,-0.26,0.96
288740,-0.05,-0.26,0.96
288750,-0.05,-0.27,0.96
288759,-0.05,-0.27,0.97
288769,-0.06,-0.27,0.97
288778,-0.06,-0.28,0.97
288788,-0.05,-0.28,0.97
288798,-0.05,-0.28,0.96
288807,-0.05,-0.28,0.96
288817,-0.05,-0.28,0.95
288826,-0.05,-0.28,0.95
288836,-0.05,-0.28,0.95
288846,-0.05,-0.28,0.95
288855,-0.05,-0.27,0.95
288865,-0.05,-0.27,0.95
288875,-0.05,-0.27,0.95
288884,-0.05,-0.28,0.95
288894,-0.05,-0.28,0.95
288903,-0.05,-0.28,0.95
288913,-0.05,-0.28,0.95
288923,-0.05,-0.28,0.95
288932,-0.05,-0.28,0.95
288942,-0.05,-0.28,0.95
288951,-0.05,-0.28,0.95
288961,-0.05,-0.29,0.95
288971,-0.05,-0.29,0.95
288980,-0.05,-0.29,0.95
288990,-0.05,-0.29,0.96
289000,-0.05,-0.28,0.96
289009,-0.05,-0.28,0.96
289019,-0.05,-0.28,0.96
289028,-0.05,-0.28,0.95
289038,-0.04,-0.29,0.95
289048,-0.04,-0.29,0.94
289057,-0.04,-0.29,0.95
289067,-0.04,-0.29,0.95
289076,-0.04,-0.29,0.95
289086,-0.05,-0.28,0.95
289096,-0.04,-0.28,0.95
289105,-0.04,-0.28,0.95
289115,-0.05,-0.29,0.95
289125,-0.05,-0.29,0.96
289134,-0.05,-0.29,0.96
289144,-0.05,-0.29,0.96
289153,-0.05,-0.29,0.95
289163,-0.04,-0.28,0.95
289173,-0.04,-0.29,0.95
289182,-0.04,-0.29,0.95
289192,-0.04,-0.29,0.95
289201,-0.04,-0.29,0.95
289211,-0.04,-0.29,0.95
289221,-0.04,-0.29,0.95
289230,-0.05,-0.29,0.95
289240,-0.05,-0.29,0.95
289250,-0.05,-0.29,0.95
289259,-0.04,-0.29,0.95
289269,-0.04,-0.29,0.95
289278,-0.04,-0.29,0.94
289288,-0.04,-0.29,0.94
289298,-0.04,-0.29,0.94
289307,-0.04,-0.29,0.95
289317,-0.05,-0.29,0.94
289326,-0.05,-0.29,0.94
289336,-0.04,-0.29,0.94
289346,-0.04,-0.28,0.95
289355,-0.04,-0.28,0.95
289365,-0.04,-0.28,0.95
289375,-0.04,-0.29,0.96
289384,-0.04,-0.29,0.96
289394,-0.05,-0.29,0.96
289403,-0.05,-0.29,0.96
289413,-0.05,-0.29,0.96
289423,-0.05,-0.29,0.96
289432,-0.04,-0.29,0.96
289442,-0.05,-0.29,0.95
289451,-0.05,-0.29,0.95
289461,-0.05,-0.28,0.95
289471,-0.04,-0.28,0.95
289480,-0.04,-0.29,0.95
289490,-0.04,-0.29,0.94
289500,-0.04,-0.29,0.94
289509,-0.04,-0.29,0.95
289519,-0.04,-0.29,0.95
289528,-0.04,-0.29,0.95
289538,-0.05,-0.29,0.96
289548,-0.05,-0.28,0.96
289557,-0.04,-0.28,0.95
289567,-0.04,-0.29,0.95
289576,-0.04,-0.29,0.95
289586,-0.04,-0.28,0.95
289596,-0.04,-0.28,0.96
289605,-0.05,-0.28,0.96
289615,-0.05,-0.28,0.97
289625,-0.05,-0.28,0.97
289634,-0.05,-0.28,0.96
289644,-0.05,-0.28,0.95
289653,-0.04,-0.29,0.95
289663,-0.04,-0.29,0.95
289673,-0.04,-0.30,0.95
289682,-0.04,-0.31,0.95
289692,-0.05,-0.30,0.95
289701,-0.04,-0.29,0.95
289711,-0.04,-0.28,0.94
289721,-0.04,-0.28,0.94
289730,-0.04,-0.28,0.94
289740,-0.04,-0.28,0.95
289750,-0.05,-0.28,0.95
289759,-0.05,-0.28,0.96
289769,-0.05,-0.28,0.96
289778,-0.05,-0.28,0.96
289788,-0.05,-0.28,0.96
289798,-0.05,-0.29,0.96
289807,-0.04,-0.29,0.96
289817,-0.04,-0.30,0.96
289826,-0.04,-0.30,0.95
289836,-0.04,-0.29,0.95
289846,-0.04,-0.29,0.95
289855,-0.04,-0.28,0.94
289865,-0.04,-0.28,0.94
289875,-0.04,-0.28,0.94
289884,-0.05,-0.28,0.95
289894,-0.05,-0.28,0.95
289903,-0.05,-0.28,0.95
289913,-0.05,-0.29,0.95
289923,-0.05,-0.29,0.95
289932,-0.05,-0.28,0.96
289942,-0.05,-0.28,0.96
289951,-0.05,-0.28,0.96
289961,-0.05,-0.28,0.96
289971,-0.05,-0.28,0.96
289980,-0.05,-0.28,0.96
289990,-0.05,-0.29,0.96
290000,-0.05,-0.28,0.96
290009,-0.05,-0.28,0.96
290019,-0.05,-0.27,0.96
290028,-0.04,-0.27,0.96
290038,-0.05,-0.27,0.95
290048,-0.05,-0.27,0.96
290057,-0.05,-0.27,0.96
290067,-0.05,-0.28,0.97
290076,-0.05,-0.28,0.97
290086,-0.05,-0.28,0.96
290096,-0.05,-0.28,0.96
290105,-0.04,-0.28,0.96
290115,-0.04,-0.28,0.96
290125,-0.04,-0.28,0.95
290134,-0.04,-0.28,0.95
290144,-0.04,-0.28,0.95
290153,-0.05,-0.28,0.95
290163,-0.05,-0.28,0.95
290173,-0.05,-0.28,0.95
290182,-0.05,-0.28,0.95
290192,-0.05,-0.28,0.96
290201,-0.05,-0.28,0.96
290211,-0.05,-0.27,0.96
290221,-0.05,-0.28,0.96
290230,-0.05,-0.28,0.95
290240,-0.05,-0.28,0.95
290250,-0.05,-0.28,0.95
290259,-0.05,-0.28,0.96
290269,-0.05,-0.27,0.96
290278,-0.04,-0.27,0.96
290288,-0.05,-0.27,0.96
290298,-0.06,-0.26,0.97
290307,-0.06,-0.26,0.97
290317,-0.06,-0.25,0.98
290326,-0.06,-0.25,0.98
290336,-0.06,-0.26,0.97
290346,-0.06,-0.27,0.97
290355,-0.06,-0.28,0.97
290365,-0.06,-0.28,0.97
290375,-0.06,-0.28,0.96
290384,-0.05,-0.28,0.96
290394,-0.05,-0.27,0.95
290403,-0.05,-0.27,0.95
290413,-0.05,-0.27,0.95
290423,-0.05,-0.26,0.95
290432,-0.05,-0.26,0.95
290442,-0.04,-0.26,0.95
290451,-0.04,-0.26,0.95
290461,-0.04,-0.26,0.95
290471,-0.04,-0.27,0.95
290480,-0.05,-0.27,0.95
290490,-0.05,-0.27,0.96
290500,-0.05,-0.28,0.96
290509,-0.05,-0.28,0.97
290519,-0.05,-0.28,0.97
290528,-0.05,-0.28,0.97
290538,-0.06,-0.27,0.96
290548,-0.06,-0.27,0.96
290557,-0.05,-0.26,0.96
290567,-0.06,-0.26,0.95
290576,-0.06,-0.26,0.95
290586,-0.06,-0.26,0.95
290596,-0.06,-0.26,0.95
290605,-0.05,-0.26,0.95
290615,-0.05,-0.26,0.96
290625,-0.05,-0.27,0.96
290634,-0.05,-0.27,0.96
290644,-0.05,-0.27,0.96
290653,-0.05,-0.27,0.96
290663,-0.05,-0.27,0.96
290673,-0.05,-0.27,0.96
290682,-0.05,-0.27,0.96
290692,-0.05,-0.27,0.96
290701,-0.05,-0.27,0.96
290711,-0.05,-0.27,0.96
290721,-0.05,-0.27,0.96
290730,-0.05,-0.27,0.96
290740,-0.06,-0.27,0.96
290750,-0.06,-0.27,0.96
290759,-0.06,-0.27,0.96
290769,-0.06,-0.26,0.96
290778,-0.06,-0.26,0.96
290788,-0.05,-0.26,0.95
290798,-0.05,-0.26,0.95
290807,-0.05,-0.26,0.95
290817,-0.05,-0.27,0.95
290826,-0.05,-0.27,0.96
290836,-0.05,-0.27,0.96
290846,-0.06,-0.28,0.96
290855,-0.05,-0.27,0.96
290865,-0.05,-0.27,0.96
290875,-0.05,-0.27,0.96
290884,-0.05,-0.26,0.96
290894,-0.05,-0.26,0.96
290903,-0.05,-0.26,0.96
290913,-0.06,-0.26,0.96
290923,-0.06,-0.26,0.96
290932,-0.06,-0.26,0.96
290942,-0.06,-0.27,0.96
290951,-0.06,-0.28,0.96
290961,-0.06,-0.27,0.96
290971,-0.06,-0.27,0.96
290980,-0.06,-0.26,0.96
290990,-0.06,-0.26,0.96
291000,-0.06,-0.26,0.96
291009,-0.06,-0.26,0.96
291019,-0.06,-0.26,0.96
291028,-0.05,-0.27,0.96
291038,-0.05,-0.27,0.95
291048,-0.05,-0.28,0.95
291057,-0.05,-0.28,0.95
291067,-0.05,-0.27,0.95
291076,-0.05,-0.27,0.95
291086,-0.05,-0.27,0.95
291096,-0.05,-0.27,0.96
291105,-0.05,-0.27,0.96
291115,-0.06,-0.27,0.96
291125,-0.06,-0.26,0.96
291134,-0.05,-0.25,0.96
291144,-0.05,-0.25,0.96
291153,-0.06,-0.25,0.96
291163,-0.06,-0.25,0.96
291173,-0.06,-0.26,0.96
291182,-0.06,-0.27,0.96
291192,-0.06,-0.27,0.97
291201,-0.06,-0.28,0.97
291211,-0.06,-0.28,0.96
291221,-0.05,-0.27,0.96
291230,-0.05,-0.27,0.96
291240,-0.05,-0.26,0.96
291250,-0.05,-0.25,0.95
291259,-0.05,-0.25,0.95
291269,-0.05,-0.25,0.95
291278,-0.05,-0.26,0.95
291288,-0.05,-0.26,0.95
291298,-0.06,-0.27,0.96
291307,-0.06,-0.27,0.96
291317,-0.05,-0.28,0.97
291326,-0.06,-0.28,0.97
291336,-0.05,-0.28,0.96
291346,-0.05,-0.27,0.96
291355,-0.05,-0.27,0.96
291365,-0.05,-0.26,0.95
